<div class="namothassa"> නමො තස්ස භගවතො අරහතො සම්මාසම්බුද්ධස්ස</div>
<div class="nikaya ct_nikaya">
    <span class="nikaya ct_nikaya">ඛුද්දක නිකාය</span>
</div>
<div class="book ct_book">
    <span class="book ct_book">ඉතිවුත්තකය</span>
</div>
<div class="chapter ct_nipatha" node-id="40100">
    <span class="chapter ct_nipatha">1. එකක නිපාතය</span>
    <div class="chapter-contents">
        <div class="title ct_vagga" node-id="40101">
            <span class="title ct_vagga">1. භොග වර්ගය</span>
            <div class="title-contents">
                <div class="subhead ct_sutta" node-id="40104" >
                    <span class="subhead ct_sutta " >1. ලොභ පජහන සූත්‍රය</span>
                    <div class="subhead-contents" >
                        <div class="paragraph" para="1">
                            <span class="paranum">1</span>
                            <div class="bodytext">“භාග්‍යවතුන් වහන්සේ විසින් මේ ධර්මය වදාරන ලද්දේමය, කෙලෙස් නැසූ (බුදුන් වහන්සේ විසින්) වදාරන ලද ධර්මය මා විසින් මෙසේ අසන ලදී.</div>
                            <div class="bodytext">“(i) මහණෙනි, එක් ස්වභාවයක් දුරුකරවූ, තොපට මම අනාගාමි භාවය පිණිස ඇප වෙමි. කවර එක් ස්වභාවයෙක්ද යත්? (ii) මහණෙනි, ලොභයවූ එක් ස්වභාවය දුරු කරවූ, තොපට මම අනාගාමි බව පිණිස ඇපවෙමි’යි</div>
                            <div class="bodytext">මේ අර්ථය භාග්‍යවතුන් වහන්සේ වදාළසේක. එහි මේ අර්ථ සමූහය මෙසේ කියනු ලැබේ. “යම් ලොභයකින් ගිජුවූ සත්වයෝ දුගතියට යෙද්ද, (අනිත්‍යාදී වශයෙන්) දක්නාසුලු ප්‍රාඥයෝ ඒ ලොභය මනාව දැන පහකෙරෙත්. පහකොට මේ (කාම) ලොකයට නැවත කිසිකලෙකත් (උත්පත්ති වශයෙන්) නොපැමිණෙත්යයි”</div>
                            <div class="bodytext">මේ අර්ථයද භාග්‍යවතුන් වහන්සේ විසින් වදාරන ලද්දේයයි මා විසින් අසන ලද්දේයි.”</div>
                        </div>
                    </div>
                </div>
                <div class="subhead ct_sutta" node-id="40105" >
                    <span class="subhead ct_sutta " >2. ද්වෙෂ සූත්‍රය</span>
                    <div class="subhead-contents" >
                        <div class="paragraph" para="2">
                            <span class="paranum">2</span>
                            <div class="bodytext">(ඉතිචුත්තකයේ සෑම සූත්‍රවලම පළමු වෙනි ඡෙදයද අවසාන ඡෙදයද 1 සූත්‍රයේ 1 සහ 4 ඡෙද මෙන් වෙත්.)</div>
                            <div class="bodytext">(මෙහි 1 සූත්‍රයේ 2 (i) යෙදිය යුතුයි.)</div>
                            <div class="bodytext">මහණෙනි, ද්වෙෂයවූ එක් ස්වභාව ධර්මය පහකරවූ, මම තොපට අනාගාමිඵලය පිණිස ඇපවෙමි.</div>
                            <div class="bodytext">භාග්‍යවතුන් වහන්සේ මේ අරුත වදාළසේක. එහි මේ අර්ථය මෙසේ කියනු ලැබේ. “යම් තරහවකින් දූෂ්‍යවූ සත්වයෝ දුගතියට යෙද්ද, විදර්ශනාව වඩන නුවණැත්තෝ ඒ ද්වෙෂය මනාව දැන පහකෙරෙත්. පහකොට නැවත මේ (කාම) ලොකයට නොපැමිණෙත්යයි.”</div>
                        </div>
                    </div>
                </div>
                <div class="subhead ct_sutta" node-id="40106" >
                    <span class="subhead ct_sutta " >3. මොහ සූත්‍රය</span>
                    <div class="subhead-contents" >
                        <div class="paragraph" para="3">
                            <span class="paranum">3</span>
                            <div class="bodytext">(මෙහි 1 සූත්‍රයේ 2 (i) යෙදිය යුතුයි)</div>
                            <div class="bodytext">මහණෙනි, මොහය (නොදැනීම) වූ එක් ස්වභාවය දුරු කරවූ, මම තොපට අනාගාමි බව පිණිස ඇපවෙමියි භාග්‍යවතුන් වහන්සේ මේ අරුත වදාළසේක.</div>
                            <div class="bodytext">“යම් නොදැනීමකින් මුළාවූ සත්වයෝ දුගතියට යෙද්ද, දක්නාවූ නුවණැත්තෝ ඒ මුළාව මනාව දැන පහකෙරෙත්. දුරුකොට නැවත කිසිකලෙකත් මේ (කාම) ලොකයට (ඉපදීම් වශයෙන්) නොපැමිණෙත්යයි”</div>
                        </div>
                    </div>
                </div>
                <div class="subhead ct_sutta" node-id="40107" >
                    <span class="subhead ct_sutta " >4. ක්‍රොධ සූත්‍රය</span>
                    <div class="subhead-contents" >
                        <div class="paragraph" para="4">
                            <span class="paranum">4</span>
                            <div class="bodytext">(මෙහි 1 සූත්‍රයේ 2 (i) යෙදිය යුතුයි.)</div>
                            <div class="bodytext">මහණෙනි, ක්‍රොධයවූ එක් ධර්මය දුරුකරවු, මම තොපට අනාගාමිඵලය පිණිස ඇපවෙමියි.</div>
                            <div class="bodytext">මේ අර්ථය භාග්‍යවතුන් වහන්සේ වදාළසේක. එහි මේ අර්ථය මෙසේ කියනු ලැබේ.</div>
                            <div class="bodytext">“යම් ක්‍රොධයකින් කිපියාවූ සත්වයෝ දුගතියට යෙද්ද, පණ්ඩිතයෝ ඒ ක්‍රොධය මනාව දැන පහකෙරෙත්, පහකොට නැවත මේ (කාම) ලොකයට කිසි කලෙකත් (ඉපදීම් වශයෙන්) නොපැමිණෙති”යි</div>
                        </div>
                    </div>
                </div>
                <div class="subhead ct_sutta" node-id="40108" >
                    <span class="subhead ct_sutta " >5. මක්ඛ සූත්‍රය</span>
                    <div class="subhead-contents" >
                        <div class="paragraph" para="5">
                            <span class="paranum">5</span>
                            <div class="bodytext">(මෙහි 2 (i) යෙදිය යුතුයි)</div>
                            <div class="bodytext">“මහණෙනි, (අනුන්ගේ ගුණ) මැකීමවූ (ගුණ මකනාකාරයෙන් පැවති දොම්නස් සහගිය සිතිවිල්ල වූ එක් ස්වභාව ධර්මය දුරුකරවූ මම තොපට අනාගාමි බව පිණිස පොරොන්දු වෙමියි.</div>
                            <div class="bodytext">මේ අර්ථය භාග්‍යවතුන් වහන්සේ වදාළසේක. එහි මේ</div>
                            <div class="bodytext">අර්ථය මෙසේ කියනු ලැබේ. “යම් ගුණ මැකීමකින් (ගුණ) මකන්නාවූ සත්වයෝ දුගතියට යෙද්ද, පණ්ඩිතයෝ ඒ ගුණමැකීම මනාව දැන දුරුකෙරෙති. දුරුකොට නැවත කිසිකලෙකත් මේ (කාම) ලොකයට (ඉපදීම් වශයෙන්) නොපැමිණෙත්.”</div>
                        </div>
                    </div>
                </div>
                <div class="subhead ct_sutta" node-id="40109" >
                    <span class="subhead ct_sutta " >6. මාන සූත්‍රය</span>
                    <div class="subhead-contents" >
                        <div class="paragraph" para="6">
                            <span class="paranum">6</span>
                            <div class="bodytext">(මෙහි 1 සූත්‍රයේ 2 (i) යෙදිය යුතුයි)</div>
                            <div class="bodytext">‘මහණෙනි, (නවවිධ) මානයවූ එක් ස්වභාව ධර්මය දුරුකරවූ, මම තොපට අනාගාමි බව පිණිස පොරොන්දු වෙමි”යි</div>
                            <div class="bodytext">මේ අරුත භාග්‍යවතුන් වහන්සේ වදාළසේක. එහි මේ ක්‍රමයෙන් කියනු ලැබේ. “යම් මානයකින් මත්වූ සත්වයෝ දුගතියට යෙද්ද, නුවණැත්තෝ ඒ මානය මනාකොට දැනගෙන පහකෙරෙත්. පහකොට නැවත කිසිකලෙකත් මේ (කාම) ලොකයට (උත්පත්ති වශයෙන්) නොපැමිණෙත්.”</div>
                        </div>
                    </div>
                </div>
                <div class="subhead ct_sutta" node-id="401010" >
                    <span class="subhead ct_sutta " >7. සර්ව සූත්‍රය</span>
                    <div class="subhead-contents" >
                        <div class="paragraph" para="7">
                            <span class="paranum">7</span>
                            <div class="bodytext">“මහණෙනි, සර්වය නොදන්නේ පිරිසිඳ නොදන්නේ ඒ මනාව දතයුතු විශෙෂයෙහි නොඇලෙන්නේ පහනොකරන්නේ දුඃඛය ක්ෂය කරනු පිණිස (නිවන් පිණිස) සමර්ථ නොවේ.</div>
                            <div class="bodytext">“මහණෙනි, සියලුම සක්කායදෘෂ්ටිය දන්නේ පිරිසිඳ දන්නේ එහි සිත නොඇලෙන්නේ පහකරන්නේ නිර්වාණය පිණිස සමර්ථ වේ”යයි</div>
                            <div class="bodytext">මේ අර්ථය භාග්‍යවතුන් වහන්සේ වදාළසේක. එහි මේ අර්ථය මෙසේ කියනු ලැබේ.</div>
                            <div class="bodytext">“යම් යොගාවචරයෙක් තෙමේ සියලු ධර්ම සමූහය සියලු අයුරෙන් අවබොධකොට සියලු සක්කාය ධර්මයන්හි නොඇලේද, ඒ ආර්යතෙමේ සියල්ල පිරිසිඳ දැනීමෙන් ඒකාන්තයෙන් සියලු (සසර) දුක ඉක්මවීය”</div>
                        </div>
                    </div>
                </div>
                <div class="subhead ct_sutta" node-id="401011" >
                    <span class="subhead ct_sutta " >8. (දෙවන) මාන සූත්‍රය</span>
                    <div class="subhead-contents" >
                        <div class="paragraph" para="8">
                            <span class="paranum">8</span>
                            <div class="bodytext">“මහණෙනි, මානය විශෙෂයෙන් නොදන්නේ පිරිසිඳ නොදන්නේ ඒ මානයෙහි සිත නොඇලෙන්නේ පහනොකරන්නේ දුක් ක්ෂය කිරීමට සමර්ථ නොවේ. මහණෙනි, මානයද විශිෂ්ට ඥානයෙන් දන්නේ පිරිසිඳ දන්නේ ඒ මාන නොඋපදවන්නේ පහකරන්නේ දුක් ගෙවීමට සමර්ථ වේ”යයි</div>
                            <div class="bodytext">මේ අර්ථයද භාග්‍යවතුන් වහන්සේ වදාසේක. එහි මෙසේ කියනු ලැබේ.</div>
                            <div class="bodytext">“ප්‍රජායයි ලද නම් ඇති මේ සත්ව සමූහය මානයෙන් යුක්තවූවාය. මානයෙන් ගැටගැසුනීය, භවයෙහි ඇලුනීය, මානය පිරිසිඳ නොදන්නාවූ සත්වයෝ නැවත භවයට පැමිණෙන්නාහ.</div>
                            <div class="bodytext">“යම් රහත් කෙනෙක් වනාහි මානය පහකොට මානයාගේ අතිශයින් ක්ෂයවූ නිවනෙහි මනාව මිදුනාහුද, මාන බැම්ම මුලින් සිඳීමෙන් මැඩසිටියාවූ ඒ රහත්හු සියලු සංසාර දුක්ඛය ඉක්මවූහ”යි</div>
                        </div>
                    </div>
                </div>
                <div class="subhead ct_sutta" node-id="401012" >
                    <span class="subhead ct_sutta " >9. (ද්විතීය) රාග සූත්‍රය</span>
                    <div class="subhead-contents" >
                        <div class="paragraph" para="9">
                            <span class="paranum">9</span>
                            <div class="bodytext">“මහණෙනි, ලොභය විශෙෂයෙන් නොදන්නේ පිරිසිඳ නොදන්නේ එහි චිත්තසන්තානය නොඅලවන්නේ දුරුනොකරන්නේ දුක් ක්ෂය කිරීම (නිවන්) පිණිස අසමර්ථවේ.</div>
                            <div class="bodytext">“මහණෙනි, ලොභයද විශිෂ්ට ඥානයෙන් දන්නේම පිරිසිඳ දන්නේ එහි (තමාගේ) සිත නොඅලවන්නේ දුරු කරන්නේ දුඃඛක්ෂයය පිණිස සමර්ථවේ. මේ අර්ථය භාග්‍යවතුන් වහන්සේ වදාළසේක. එහි මේ අර්ථය මෙසේ කියනු ලැබේ.</div>
                            <div class="bodytext">“යම් ලොභයකින් ගිජුවූ සත්වයෝ දුගතියට යෙද්ද, පණ්ඩිතයෝ ඒ ලොභය මනාව දැනගෙන පහකෙරෙත්. පහකොට කිසිකලෙකත් මේ (කාම) ලොකයට නැවත නොපැමිණෙත්යයි”</div>
                        </div>
                    </div>
                </div>
                <div class="subhead ct_sutta" node-id="401013" >
                    <span class="subhead ct_sutta " >10. (ද්විතීය) ද්වෙෂ සූත්‍රය</span>
                    <div class="subhead-contents" >
                        <div class="paragraph" para="10">
                            <span class="paranum">10</span>
                            <div class="bodytext">“මහණෙනි, ද්වෙෂය විශෙෂයෙන් නොදන්නේ පිරිසිඳ නොදන්නේ එහි (තමාගේ) සිත අලවන්නේ පහ නොකරන්නේ දුඃඛ ක්ෂය සංඛ්‍යාත නිර්වාණය පිණිස සමර්ථ නොවේ.</div>
                            <div class="bodytext">“මහණෙනි, ද්වෙෂයද විශෙෂයෙන් දන්නේම පිරිසිඳ දන්නේ එහි සිත නොඅලවන්නේ පහකරන්නේ දුඃඛ ක්ෂයයි කියනලද නිවණට පැමිණීම පිණිස සමර්ථ වේ.</div>
                            <div class="bodytext">“මේ අර්ථය භාග්‍යවතුන් වහන්සේ වදාළසේක. එහි මේ අර්ථය මෙසේ කියනු ලැබේ. “යම් ද්වෙෂයකින් දුෂ්ඨවූ සත්වයෝ දුගතියට යෙද්ද, විදසුන් නැණින් දක්නා සුලු පණ්ඩිතයෝ ඒ ද්වෙෂය මනාව දැන පහකරත්. පහකොට කිසිකලෙකත් මේ (කාම) ලොකයට නැවත (ඉපදීම් වශයෙන්) නොපැමිණෙතියි”</div>
                        </div>
                    </div>
                </div>
            </div>
            <div class="centre ct_vagga ending">පාටිභොග වර්ගය නිමි.</div>
            <div class="paragraph udana" para="udana" ></div>
        </div>
        <div class="title ct_vagga" node-id="40102">
            <span class="title ct_vagga">2. බහුපකාර වර්ගය</span>
            <div class="title-contents">
                <div class="subhead ct_sutta" node-id="401014" >
                    <span class="subhead ct_sutta " >1. මොහානභිජානන සූත්‍රය</span>
                    <div class="subhead-contents" >
                        <div class="paragraph" para="11">
                            <span class="paranum">11</span>
                            <div class="bodytext">“මහණෙනි, (අරමුණු වල) මුළාවන ස්වභාවය විශෙෂයෙන් නොදන්නේ පිරිසිඳ නොදන්නේ එහි සිත අලවන්නේ පහනොකරන්නේ දුඃඛ ක්ෂය යයි කියන ලද නිර්වාණය පිණිස අසමර්ථ වේ.</div>
                            <div class="bodytext">“මහණෙනි, මොහයද විශෙෂයෙන් දන්නේම පිරිසිඳ දන්නේ එහි සිත නොඅලවන්නේ පහ කරන්නේ දුඃඛ ක්ෂය යයි කියන ලද නිවනට (පැමිණීම පිණිස) සමර්ථවේ”යයි.</div>
                            <div class="bodytext">මේ අර්ථය භාග්‍යවතුන් වහන්සේ වදාළසේක. ඒ සූත්‍රයෙහි මේ (ගාථා බන්ධනය) මෙසේ කියනු ලැබේ.</div>
                            <div class="bodytext">“යම් මොහයකින් මුළාවූ සත්වයෝ දුගතියට යෙද්ද, පණ්ඩිතයෝ ඒ මොහය මනාව දැන පහකරත්. පහකොට කිසිකලෙකත් මේ (කාම) ලොකයට නැවත (ඉපදීම් වශයෙන්) නොපැමිණෙතියි”</div>
                        </div>
                    </div>
                </div>
                <div class="subhead ct_sutta" node-id="401015" >
                    <span class="subhead ct_sutta " >2. කොධානභිජානන සූත්‍රය</span>
                    <div class="subhead-contents" >
                        <div class="paragraph" para="12">
                            <span class="paranum">12</span>
                            <div class="bodytext">“මහණෙනි, ක්‍රොධය විශෙෂයෙන් නොදන්නේ පිරිසිඳ නොදන්නේ එහි සිත අලවන්නේ පහනොකරන්නේ නිර්වාණයට අසමර්ථ වේ.</div>
                            <div class="bodytext">“මහණෙනි, ක්‍රොධයද විශෙෂයෙන් දන්නේම පිරිසිඳ දන්නේම එහි සිත නොඅලවන්නේම පහකරන්නේ නිර්වාණයට සමර්ථ වේයයි”</div>
                            <div class="bodytext">මේ අරුත භාග්‍යවතුන් වහන්සේ වදාළසේක. එහි මේ අර්ථය මෙසේ කියනු ලැබේ.</div>
                            <div class="bodytext">“යම් ක්‍රොධයකින් සිටියාවූ සත්වයෝ දුගතියට යෙද්ද, පණ්ඩිතයෝ ඒ ක්‍රොධය මනාකොට දැන පහකෙරෙත්. පහකොට කිසිකලෙකත් මේ (කාම) ලොකයට (ඉපදීම් වශයෙන්) නොපැමිණෙතියි”</div>
                        </div>
                    </div>
                </div>
                <div class="subhead ct_sutta" node-id="401016" >
                    <span class="subhead ct_sutta " >3. මක්ඛානභිජානන සූත්‍රය</span>
                    <div class="subhead-contents" >
                        <div class="paragraph" para="13">
                            <span class="paranum">13</span>
                            <div class="bodytext">“මහණෙනි, (අනුන්ගේ) ගුණමැකීම විශෙෂයෙන් නොදන්නේ පිරිසිඳ නොදන්නේ එහි සිත අලවන්නේ පහ නොකරන්නේ නිවණට අසමර්ථවේ, “මහණෙනි, (අනුන්ගේ) ගුණ මැකීමද, විශෙෂයෙන් දන්නේ පිරිසිඳ දන්නේ එහි සිත නොඅලවන්නේ පහකරන්නේ නිවනට සමර්ථවේ යයි.</div>
                            <div class="bodytext">මේ අර්ථය භාග්‍යවතුන් වහන්සේ වදාළසේක. එහි මේ අර්ථය මෙසේ කියනු ලැබේ.</div>
                            <div class="bodytext">“යම් (අනුන්ගේ) ගුණ මැකීමකින් මකුවූ සත්වයෝ දුගතියට යෙද්ද, නුවණැත්තෝ ඒ ගුණ මකන (ස්වභාවය) මනාකොට දැන දුරුකරත්, පහකොට මේ (කාම) ලොකයට නැවත කිසිකලෙකත් (ඉපදීම් වශයෙන්) නොපැමිණෙත් යයි.</div>
                        </div>
                    </div>
                </div>
                <div class="subhead ct_sutta" node-id="401017" >
                    <span class="subhead ct_sutta " >4. අවිජ්ජානීවරණ සූත්‍රය</span>
                    <div class="subhead-contents" >
                        <div class="paragraph" para="14">
                            <span class="paranum">14</span>
                            <div class="bodytext">“මහණෙනි, යම් නීවරණයකින් වැසුනාවූ සත්වයෝ දීර්ඝකාලයක් මුලුල්ලෙහි සර්වප්‍රකාරයෙන් දුවද්ද, සැරිසරද්ද මහණෙනි, මේ අවිද්‍යා නීවරණය යම්සේද, (මින්) අන්‍යවූ එකනීවරණයකුදු මම නොමදකිමි. මහණෙනි, අවිද්‍යානීවරණයෙන් වැසුණු සත්වයෝ බොහෝකලක් (සසර) නැවත නැවත දුවති, සැරිසරති’යි.</div>
                            <div class="bodytext">මේ අර්ථය භාග්‍යවතුන් වහන්සේ වදාළසේක. එහි මේ අර්ථය මෙසේ කියනු ලැබේ. “යම් නීවරණයකින් සත්වයෝ මෙසේ වැසුණාහුද, යම් ප්‍රකාරයකින් මොහයෙන් වැසුණාවූ (සත්වයෝ) රෑ දාවල්හි සසර සැරිසරද්ද, එබඳු මෙයින් අනාථවූ එකද ස්වභාවයෙක් (නීවරණයක්) නැත්තේමය.</div>
                            <div class="bodytext">යම් (“ආර්යශ්‍රාවක) කෙනෙක් වනාහි මොහය පහකොට මොහ නමැති අඳුරු රැස ගැසුවාහුද, ඔහු තුමූ නැවත සසර) සැරිනොසරති. ඔවුන්ගේ (සැරිසැරීමට මුල්) කාරණයක් වේද, නැත්තේ යයි</div>
                        </div>
                    </div>
                </div>
                <div class="subhead ct_sutta" node-id="401018" >
                    <span class="subhead ct_sutta " >5. තණ්හාසඤ්ඤොජන සූත්‍රය</span>
                    <div class="subhead-contents" >
                        <div class="paragraph" para="15">
                            <span class="paranum">15</span>
                            <div class="bodytext">“මහණෙනි, මේ සංයෝජනයකින් (බැම්මකින්) බැඳුණු සත්වයෝ බොහො කලක් මුලුල්ලෙහි (සසර ඔබිනොබ) දුවද්ද, සැරිසරද්ද, මහණෙනි, මේ තෘෂ්ණා සංයෝජනය යම්සේද, (එබඳු) අන් එක සංයෝජනයකුදු මම නොම දකිමි.</div>
                            <div class="bodytext">“මහණෙනි, තෘෂ්ණා බන්ධනයෙන් බැඳුණු සත්වයෝ වනාහි බොහෝ කලක් මුලුල්ලෙහි දුවත්, හැසිරෙත්යයි”</div>
                            <div class="bodytext">“මේ අර්ථය භාග්‍යවතුන් වහන්සේ වදාළසේක එහි මේ අර්ථය මෙසේ කියනු ලැබේ.</div>
                            <div class="bodytext">“බොහෝ කලක් මුලුල්ලෙහි සැරිසරන්නාවූ සත්වතෙමේ තෘෂ්ණාව යහළුකොට ඇත්තේය. මේ මිනිසත්බවද වර්තමාන ආත්මභාවය හා අනාගතාත්මභාවයද එබඳු අන්‍යාත්මභාවයද ඇත්තාවූ සසර නොඉක්මවයි.</div>
                            <div class="bodytext">“මෙසේ දුඃඛයට මූලකාරණයවූ තෘෂ්ණාව දොෂවශයෙන් දැන (නොහොත්) සසර නොඉක්මවන දොෂය දැන තෘෂ්ණාවද සසර දුකට ප්‍රමාණ කාරණයයි දැන පහවූ තෘෂ්ණාව ඇත්තාවූ මතු ප්‍රතිසන්ධිය නොගන්නාවූ සිහි ඇත්තාවූ භික්ෂුතෙම පිරිනිවන් පාන්නේයයි”</div>
                        </div>
                    </div>
                </div>
                <div class="subhead ct_sutta" node-id="401019" >
                    <span class="subhead ct_sutta " >6. බහුපකාර මනසිකාර සූත්‍රය</span>
                    <div class="subhead-contents" >
                        <div class="paragraph" para="16">
                            <span class="paranum">16</span>
                            <div class="bodytext">“මහණෙනි, මේ නුවණින් මෙනෙහි කිරීම යම් ප්‍රකාරයකින්වේද, මහණෙනි, නොපැමිණි අර්හත්ඵලය ඇත්තාවූ ශ්‍රෙෂ්ඨවූ නිර්භයවූ (අර්හත් ඵලය) පතමින් වසන්නාවූ ශෛක්ෂ (මතුමාර්ග ඵලයන් පිණිස හික්මෙන්නාවූ සෝවාන්) මහණහට මෙසේ බොහෝ උපකාරවූ තමාගේ සන්තානයෙහි උපන් කාරණයයි. මෙසේ කොට අන් එකද කාරණයක් නොම දකිමි. මහණෙනි, නුවණින් මෙනෙහි කරණු යේ අකුසල් පහ කෙරෙයි, කුසල් වඩායයි.”</div>
                            <div class="bodytext">භාග්‍යවතුන් වහන්සේ මේ අර්ථය වදාළසේක. එහි මේ කරුණ මෙසේ කියනු ලැබේ.</div>
                            <div class="bodytext">“ශෛක්ෂ භික්ෂුවට උතුම් රහත්බවට පැමිණීම පිණිස නුවණින් මෙනෙහි කිරීම බොහෝ උපකාරවූ ස්වභාව ධර්මයෙකි. එසේ (උපකාරවූ) අනික් ධර්මයෙක් නැත. නුවණින් වීර්යය කරන්නාවූ මහණතෙම දුක් ක්ෂය කිරීමවූ නිවණට පැමිණෙන්නේයයි”</div>
                        </div>
                    </div>
                </div>
                <div class="subhead ct_sutta" node-id="401020" >
                    <span class="subhead ct_sutta " >7. බහුපකාරමිත්ත සූත්‍රය</span>
                    <div class="subhead-contents" >
                        <div class="paragraph" para="17">
                            <span class="paranum">17</span>
                            <div class="bodytext">“මහණෙනි, මේ කල්‍යාණ මිත්‍රයන් ඇතිබව යම්සේද නොපැමිණි රහත් බව ඇති නිරුත්තරවූ යොගයන්ගෙන් උපද්‍රව නැති රහත් බව පතමින් වසන්නාවූ ශෛක්ෂ භික්ෂුවට මෙසේ බොහෝ උපකාරවූ බැහැර කරුණැයි කොට අන් එක් කරුණකුදු මම නොමදකිමි.</div>
                            <div class="bodytext">“මහණෙනි, කලණ මිතුරන් ඇත්තේ අකුසල් දුරුකරයි. කුසල් වඩා යයි.”</div>
                            <div class="bodytext">මේ අර්ථය භාග්‍යවතුන් වහන්සේ වදාළසේක. එහි මේ අර්ථය මෙසේ කියනු ලැබේ:-</div>
                            <div class="bodytext">“යම් මහණෙක් තෙම කලණ මිතුරන් ඇත්තේ වේද, ගුරුන් කෙරෙහි බුහුමන් බහුලකොට ඇත්තේවේද, සුවච වේද, ගෞරවයෙන් යුක්තවේද, මිතුරන්ගේ (අවවාද) වචනය කරන්නාවූ සම්‍යක් ප්‍රඥා ඇත්තාවූ සිහියෙන් යුක්තවූ (ඒ මහණතෙම) පිළිවෙළින් සියලු (දස) සංයෝජනයන්ගේ ක්ෂයවූ රහත්බවට පැමිණෙන්නේ යයි.”</div>
                        </div>
                    </div>
                </div>
                <div class="subhead ct_sutta" node-id="401021" >
                    <span class="subhead ct_sutta " >8. සංඝභෙද සූත්‍රය</span>
                    <div class="subhead-contents" >
                        <div class="paragraph" para="18">
                            <span class="paranum">18</span>
                            <div class="bodytext">“මහණෙනි, ලොකයෙහි එකම (මහාසාවද්‍ය අකුශල) ධර්මයෙක් උපදින්නේ බොහෝ දෙනාට අවැඩ පිණිස බොහෝ දෙනාට නොසැප පිණිස බොහෝ දෙනාට අනර්ථය පිණිස දෙවි මිනිසුන්ට අහිත පිණිස දුක් පිණිස උපදී. කවර එක් ධර්මයෙක්දයත්? සංඝ භෙදයවේ, “මහණෙනි, සංඝයා වනාහි භෙදවීම නිමිතිකොට ඔවුනොවුන්ගේ විවාදයෝද වෙත්. එකිනෙකාගේ (භය ඉපදවීම් වශයෙන් තර්ජනයෝද වෙත්, ඔවුනොවුන්ගේ පිරිහෙලා කියන ගර්හාවෝද වෙත්. ඔවුනොවුන්ගේ (සංඝයාගෙන් බැහැර කිරීම්ද) වෙත්. ඒ සංඝ භෙදය නිමිතිකොට නොපැහැදුනාහුද නොපහදිත් පැහැදුනාවූද සමහරුන්ගේ පැහැදීමේ වෙනස් බව යයි.”</div>
                            <div class="bodytext">මේ අර්ථය භාග්‍යවතුන් වහන්සේ වදාළසේක. එහි මේ අර්ථය මෙසේ කියනු ලැබේ:-</div>
                            <div class="bodytext">“සංඝ භෙද කරන තැනැත්තේ අපායෙහි උපදින්නට සුදුස්සෙක් වන්නේය. අවීචිමහ නිරයෙහි උපදින්නේ වේ, (අන්තර) කල්පයක් සිටින්නේවේ. (සංඝභෙදයයි කියනලද) වර්ගයෙහි ඇලුනාවූ අධර්මයෙහි පිහිටියාවූ (ඒ පුද්ගල තෙමේ) හිතයෙන් (නොහොත්) අර්හත් ඵලයෙන් හෝ නිර්වානයෙන් පිරිහෙයි. සමගි සංඝයා භෙදකොට (අවීචි) මහා නිරයෙහි (ආයුෂ කල්පයක් මුළුල්ලෙහි පැසේ යයි.”</div>
                        </div>
                    </div>
                </div>
                <div class="subhead ct_sutta" node-id="401022" >
                    <span class="subhead ct_sutta " >9. සංඝසාමග්ගි සූත්‍රය</span>
                    <div class="subhead-contents" >
                        <div class="paragraph" para="19">
                            <span class="paranum">19</span>
                            <div class="bodytext">“මහණෙනි, (සත්ව) ලොකයෙහි එක් (කුශල) ධර්මයෙක් උපදින්නේ මහජනයාට වැඩපිණිස බොහෝ දෙනාට සුවපිණිස බොහෝදෙනාට අර්ථ පිණිස දෙවිමිනිසුන්ට හිත පිණිස සුව පිණිස උපදී, කවර එක ධර්මයෙක්දයත්, සංඝයාගේ සමගි බවය.</div>
                            <div class="bodytext">“මහණෙනි, සංඝයා වනාහි සමගිවීම නිමිතිකොට ඔවුනොවුන්ගේ විවාදයෝද, නොමවෙත්, ඔවුනොවුන්ගේ පිරිහෙලා බිණීම්ද නොවෙත්, ගැරහීම්ද නොවෙත්, නෙරපීම්ද නොවෙත්, ඒ සංඝසාමග්‍රිය නිමිතිකොට (තෙරුවන් කෙරෙහි) පහන් නොවූවෝද පහදිත්, ප්‍රසන්නවූවන්ගේ පැහැදීම වැඩියක්ම වේයයි.”</div>
                            <div class="bodytext">“මේ අර්ථය භාග්‍යවතුන් වහන්සේ වදාළසේක. එහි මේ අර්ථය මෙසේ කියනු ලැබේ.</div>
                            <div class="bodytext">“සංඝයාගේ සමගියද සමගිවූවන්ගේ (සමගිය අනුමෝදන්වීමෙන්) අනුබලදීමද සැපය, සමගියෙහි ඇලුණාවූ ධර්මයෙහි සිටියාවූ (පුද්ගලතෙම) රහත් බැවින් හෝ නිවනින් නොපිරිහෙයි, සංඝයා සමගිකොට (ආයුෂ්කල්පය මුලුල්ලෙහි ස්වර්ගයෙහි සතුටුවේයයි”</div>
                        </div>
                    </div>
                </div>
                <div class="subhead ct_sutta" node-id="401023" >
                    <span class="subhead ct_sutta " >10. දුට්ඨ පුද්ගල සූත්‍රය</span>
                    <div class="subhead-contents" >
                        <div class="paragraph" para="20">
                            <span class="paranum">20</span>
                            <div class="bodytext">“මහණෙනි, මේ ලොකයෙහි (ද්වෙෂයෙන්) ප්‍රදූෂ්‍යවූ සිත් ඇත්තාවූ එක්තරා සත්වයකු (මෙසේ) සිතින් සිත පිරිසිඳ ඉදින් මෙකල්හි මේ පුද්ගලතෙම කළුරිය කරන්නේ නම් ගෙන එනලද බඩුවක් බිම බහා තබන්නේ යම්සේද එසේ නිරයෙහි (උපදී) යයි දනිමි. ඊට හේතු කවරේද, මහණෙනි, යම්හෙයකින් ඔහුගේ සිත දූෂ්‍යවූයේද එහෙයිනි. මහණෙනි, සිත් අතිසයින් දූෂ්‍යවීම හෙතුකොට වනාහි මෙසේ මේ ලොකයෙහි ඇතැම් සත්වයෝ ශරීරයාගේ බිඳීමෙන් මරණින් මත්තෙහි සැපයෙන් පහවූ දුකට පිහිටවූ නපුරු සේවැටෙන්නාවූ නරකයෙහි උපදිත්යයි.”</div>
                            <div class="bodytext">මේ අර්ථය භාග්‍යවතුන් වහන්සේ වදාළසේක. එහි මේ අර්ථය මෙසේ කියනු ලැබේ. බුදුරජාණන් වන්සේ මේ ලොකයෙහි අතිශයින් දූෂ්‍යවූ සිත් ඇති ඇතැම් පුද්ගලයෙකු දැන භික්ෂූන්ගේ සමීපයෙහි මේ අර්ථය ප්‍රකාශ කළසේක.</div>
                            <div class="bodytext">“ඉදින් මෙකල්හි මේ පුද්ගලයා කළුරිය කරන්නේ නම් නරකයෙහි උපදින්නේය, යම්හෙයකින් ඔහුගේ සිත (ද්වෙෂයෙන්) අතිසයින් දූෂිතවීද (එහෙයිනි.)</div>
                            <div class="bodytext">“යම්සේ (බඩුවක්) ගෙනවුත් (බිම) බහාතබන්නේද, එපරිද්දෙන්ම එබඳු පුද්ගලතෙම සිත අතිසයින් දූෂ්‍යවීම් හෙතුවෙන් වනාහි සත්වයෝ දුගතියට යෙතියි”</div>
                        </div>
                    </div>
                </div>
            </div>
            <div class="centre ct_vagga ending">බහුපකාර වර්ගය නිමි.</div>
            <div class="paragraph udana" para="udana" ></div>
        </div>
        <div class="title ct_vagga" node-id="40103">
            <span class="title ct_vagga">3. චිත්ත වර්ගය</span>
            <div class="title-contents">
                <div class="subhead ct_sutta" node-id="401024" >
                    <span class="subhead ct_sutta " >1. චිත්ත සූත්‍රය</span>
                    <div class="subhead-contents" >
                        <div class="paragraph" para="21">
                            <span class="paranum">21</span>
                            <div class="bodytext">“මහණෙනි. මේ ලොකයෙහි මම පහන් සිත් ඇති ඇතැම් පුද්ගලයෙකු ඉදින් මේ පුද්ගලතෙම මෙකල්හි කළුරිය කෙරේනම් යම්සේ ගෙනඑනලද (බරක් බිම) බහා තබන ලද්දේද එපරිද්දෙන් ස්වර්ගයෙහි වේයයි මෙසේ (තමාගේ) සිතින් ඔහුගේ සිත පිරිසිඳ දනිමි. ඊට හෙතු කවරේද? මහණෙනි; යම් හෙතුවකින් ඔහුගේ සිත පැහැදුනේද (එහෙයිනි.)</div>
                            <div class="bodytext">“මහණෙනි; සිත පැහැදීම හෙතුකොට වනාහි මෙසේ මේ ලොකයෙහි සමහර සත්වයෝ (කරජ) කය බිඳීමෙන් මරණින්මතු මනාගති ඇත්තාවූ සැපයෙන් අග්‍රවූ දෙව්ලොව උපදී’යයි.”</div>
                            <div class="bodytext">මේ අර්ථය භාග්‍යවතුන් වහන්සේ වදාළසේක. ඒ සූත්‍රයෙහි මේ අර්ථය මෙසේ කියනු ලැබේ.</div>
                            <div class="bodytext">“බුදුන්වහන්සේ මේ ලොකයෙහි පහන් සිතැති ඇතැම් පුද්ගලයෙකු දැන මේ කරුණ භික්ෂූන් සමීපයෙහි ප්‍රකාශ කළසේක.</div>
                            <div class="bodytext">“ඉදින් මෙසමයෙහි මේ පුද්ගලතෙම කළුරිය කෙරේ නම් සුගතියෙහි උපදින්නේය. යම්හෙයකින් ඒ පුද්ගලයාගේ සිත ප්‍රසන්නද (එහෙයිනි.)</div>
                            <div class="bodytext">“යම්සේ (බරක්) ගෙනවුත් (බිම) බහා තබන්නේද, එපරිද්දෙන්ම එබඳු පුද්ගලතෙමේ (කුශලකර්මය විසින් ස්වර්ගයෙහි තබන ලද්දේවේ, සිත පැහැදීම් හෙතුවෙන් වනාහි සත්වයෝ සුගතියටයති’යයි”</div>
                        </div>
                    </div>
                </div>
                <div class="subhead ct_sutta" node-id="401025" >
                    <span class="subhead ct_sutta " >2. ව්‍යාධි සූත්‍රය</span>
                    <div class="subhead-contents" >
                        <div class="paragraph" para="22">
                            <span class="paranum">22</span>
                            <div class="bodytext">“මහණෙනි, පිණෙන් බිය නොවව්, යම් මේ පින් වෙද්ද, මහණෙනි, ඉෂ්ටවූ කැමතිවූ ප්‍රියවූ මනවඩන්නාවූ සැපයට මේ නමෙකි. මහණෙනි, මම දීර්ඝ කාලයක් මුළුල්ලෙහි කරන ලද්දාවූ (දානාදී) පින්වල නැවත නැවත විඳින ලද්දාවූ ඉෂ්ටවූ කැමතිවූ ප්‍රියවූ මනාපවූ විපාක දනිමි. සත්අවුරුද්දක් මෙත් සිත වඩා නැසෙන්නාවූද හටගන්නාවූද සත් මග කල්පයෙක්හි මේ (කාම) ලොකයට නැවත නොපැමිණියෙමි.</div>
                            <div class="bodytext">“මහණෙනි, කල්ප නැසෙනකල්හි ආභස්සර බ්‍රහ්මලොකයට පැමිණියේ වෙමි. කල්පය හටගන්නා කල්හි හිස්වූ බඹ විමනෙක උපදිමි. මහණෙනි, ඒ බඹ ලොව මැඩසිටියාවූ (කිසි ගුණයකින්) නොමඩින ලද්දාවූ ඒකාන්තයෙන් අභිඥා ඥානයෙන් දක්නාසුළුවූ බ්‍රහ්මවූ මහාබ්‍රහ්මයෙක් වෙමි. අණෙහි පවත්වන්නේ වෙමි.</div>
                            <div class="bodytext">“මහණෙනි සතිස්වරෙක අධිපතිවූ ශක්‍ර වීමි, නො එක්වර ධර්මයෙහි හැසිරෙන්නාවූ දැහැමින් රජවූ අධිපතිවූ ජය ගත්තාවූ දනවුවෙහි තහවුරු බවට පැමිණියාවූ සත්රුවනින් යුක්තවූ සක්විති රජවීමි, ප්‍රදේශරජය පිළිබඳ කථාවක් නැත.</div>
                            <div class="bodytext">“මහණෙනි, ඒ මට මෙබඳු අදහසක් විය. මම යම් පිනකින් දැන් මෙබඳු මහත් ඍද්ධි ඇත්තෙක් වෙම්ද, මෙබදු මහත් ආනුභාව ඇත්තෙක් වෙම්ද, මාගේ කවර කුශල කර්මයක්හුගේ මේ ඵලයදෝ කීනම් කර්මයක්හුගේ විපාකය දෝ හෝයි.</div>
                            <div class="bodytext">“මහණෙනි, ඒ මට මෙබඳු අදහසක් වීය:- මම මේ කාලයෙහි යම් පිනකින් මෙබඳු මහත් ඍද්ධි ඇත්තේවේද, මෙබඳු මහත් ආනුභාවය ඇත්තෙක් වෙම්ද, දානයගේද, (චක්ෂුරාදී ඉන්ද්‍රිය) දමනයන්ගේද, (ක්ලේශ) දමනයගේද (කායවාක්) සංයමයගේද (යන) ත්‍රිවිධ (කුශල) කර්මයන්ගේම මේ ඵලය වන්නේය. ත්‍රිවිධ (කුශලකර්මයන්ගේම මේ විපාකය වන්නේයයි”</div>
                            <div class="bodytext">මේ අර්ථය භාග්‍යවතුන් වහන්සේ වදාළසේක. එහි මේ අර්ථය මෙසේ කියනු ලැබේ.</div>
                            <div class="bodytext">“(යමෙක් වැඩකැමැත්තේද) හෙතෙම (විපුල ඵලය ඇතිබැවින් හෝ ප්‍රියමනාප ඵලය ඇති බැවින් මත්තෙහි උතුම්වූ අග්‍රවූ සැප විපාක ඇත්තාවූ පිනවන්නාවූ ත්‍රිවිධ කුශලයම රැස්කරන්නේය. දානයද විශුද්ධ ශීලයද මෙත් සිතද වඩන්නේය. “පණ්ඩිතතෙමේ සුව අනුසස් ඇත්තාවූ (දානාදී) මේ තුන් සුසිරි දහම් වඩා නිදුක්වූ (ඒකාන්ත) සැපවූ (බඹ) ලොවෙහි උපදීයයි.”</div>
                        </div>
                    </div>
                </div>
                <div class="subhead ct_sutta" node-id="401026" >
                    <span class="subhead ct_sutta " >3. උභො අර්ථසූත්‍රය</span>
                    <div class="subhead-contents" >
                        <div class="paragraph" para="23">
                            <span class="paranum">23</span>
                            <div class="bodytext">“මහණෙනි, එක ධර්මයක් වඩනලද්දේ (නොහොත්) උපදවන ලද්දේ නැවත නැවත කරනලද්දේ මේ ආත්මයෙහිවූද පරලෙව්හිවූද දෙ වැඩ මනාව ගෙන පවතීද, කවර එක ධර්මයක්දයත් කුශල ධර්මයන්හි අප්‍රමාදයවේ.</div>
                            <div class="bodytext">“මහණෙනි, මේ එක ධර්මය වනාහි වඩනලද්දේ හෝ උපදවන ලද්දේ නැවත නැවත කරණලද්දේ මේ ආත්ම බවයෙහි ඇතුළත්වූද පරලොව ඇතුළත්වූද දෙවැඩ මනාකොට ගෙන සිටියයි.”</div>
                            <div class="bodytext">මේ අර්ථය භාග්‍යවතුන් වහන්සේ වදාළසේක. එහි මේ අර්ථය මෙසේ කියනු ලැබේ.</div>
                            <div class="bodytext">“සප්‍රාඥයෝ පින්කිරිය අතුරෙන් අප්‍රමාදයට පසසත්, අප්‍රමාදවූ පණ්ඩිතතෙම දෙවැඩ මනාකොටගණී, මේ ආත්මබවෙහි යම් වැඩෙක් වේද, පරලෙව්හිවූ යම් වැඩෙක්වේද, දෙවැදෑරුම් අර්ථ ප්‍රතිලාභය හා නිර්වානයද හමුවීමෙන් නුවණ ඇත්තා පණ්ඩිතයයි කියනු ලැබේයයි”</div>
                        </div>
                    </div>
                </div>
                <div class="subhead ct_sutta" node-id="401027" >
                    <span class="subhead ct_sutta " >4. පුඤ්ජ සූත්‍රය</span>
                    <div class="subhead-contents" >
                        <div class="paragraph" para="24" >
                            <span class="paranum">24</span>
                            <div class="bodytext">“මහණෙනි, මේ වෙපුල්ල පර්වතය යම්සේද, (මහ) කපක් මුලුල්ලෙහි නැවත නැවත දුවන්නාවූ නැවත නැවත සැරිසරන්නාවූ සත්වයෙකුගේ ඉදින් රැස්කරන්නෙක් වන්නේද, රැස්කරනලද (ඇට) ද නොවැනසෙන්නේද, එබඳු මහ ඇට ගොඩක් ඇට සමූහයෙක් ඇට රැසෙක් වන්නේ යයි”</div>
                            <div class="bodytext">මේ අර්ථය භාග්‍යවතුන් වහන්සේ වදාළසේක. එහි මේ අර්ථය මෙසේ කියනු ලැබේ.</div>
                            <div class="bodytext">“එක කල්පයෙක්හි එක් සත්වයෙකුගේ ඇටගොඩ පර්වතය සමවූ රැසෙක් වන්නේ යයි මහර්ෂීවූ බුදුන් වහන්සේ විසින් වදාරන ලදී.”</div>
                            <div class="bodytext">“දුකද දුක ඉපදීමට හෙතුවද දුක ඉක්ම වීමද දුක සංසිඳීමට පමුණුවන්නාවූ ආර්ය අෂ්ටාංගික මාර්ගයද (යන) චතුරාර්ය සත්‍යයන් යම් කලෙක්හි සම්‍යක් ප්‍රඥාවෙන් දකීද.”</div>
                            <div class="bodytext">(“ඒ ආර්ය සත්‍යයන් දුටු ස්‍රොතාපන්න පුද්ගල තෙමේ සත්වරක් කෙළවර කොටද ගොස් සියලු සංයොජනයන් ක්ෂය කිරීමෙන් දුක කෙළවර කරන්නේ වේයයි.”</div>
                        </div>
                    </div>
                </div>
                <div class="subhead ct_sutta" node-id="401028" >
                    <span class="subhead ct_sutta " >5. සම්පජාන මුසාවාද සූත්‍රය</span>
                    <div class="subhead-contents" >
                        <div class="paragraph" para="25">
                            <span class="paranum">25</span>
                            <div class="bodytext">“මහණෙනි, (වාක් සංඛ්‍යාතවූ එක් ධර්මයක් ඉක්මවා (සිටි) ඒ පුද්ගලයා විසින් නොකළ හැකි පාපකර්මයක් මම නොකියමි. කවර එක ධර්මයෙක්ද යත්?”</div>
                            <div class="bodytext">“මහණෙනි, යම් මේ දැන දැන මුසාවාද කීමෙක් වේද, (ඒ ධර්මයයි)</div>
                            <div class="bodytext">මේ අර්ථය භාග්‍යවතුන් වහන්සේ වදාළ සේක. එහි මේ අර්ථය මෙසේ කියනු ලැබේ. “එකම ධර්මය ඉක්මවූ බොරු කියන සුලුවූ හරින ලද පරලොව ඇත්තාවූ සත්වයා විසින් නොකළ හැකි පවක් නැතැයි.”</div>
                        </div>
                    </div>
                </div>
                <div class="subhead ct_sutta" node-id="401029" >
                    <span class="subhead ct_sutta " >6. දාන සූත්‍රය</span>
                    <div class="subhead-contents" >
                        <div class="paragraph" para="26">
                            <span class="paranum">26</span>
                            <div class="bodytext">“මහණෙනි, මම යම් ප්‍රකාරයකින් දාන සංවිභාගයාගේ විපාකය එපරිද්දෙන් සත්වයෝ ඉදින් දන්නාහු නම් නොදී අනුභව නොකරන්නාහුය. ඔවුන්ගේ මසුරු මලද (නොහොත්) මසුරු බව හා දානයට අන්තරාය කරන්නාවූ ඊර්ෂ්‍යා (ලොභ ද්වෙෂාදී ක්ලෙශමලද සිත මැඩ නොම සිටින්නේය, ඔවුන්ගේ (සියල්ලට) පසුවූ ආලොපයෙක් අන්තිම බත් පිඬෙක් වන්නේද, ඉනිදු බෙදා නොදී අනුභව නොකරන්නාහුය,</div>
                            <div class="bodytext">“ඉදින් ඔවුනට ප්‍රතිග්‍රාහකයෝ වන්නාහුනම් (දෙත්මය)</div>
                            <div class="bodytext">“මහණෙනි, යම් හෙයකින් වනාහි යම්සේ මම දාන සංවිභාගයාගේ විපාකය දනිම්ද එපරිද්දෙන් සත්වයෝ නොදනිද්ද, එහෙයින් නොදී අනුභව කරති, මසුරු මලද ඔවුන්ගේ සිත මැඩගෙන සිටීයයි.”</div>
                            <div class="bodytext">මේ අර්ථය භාග්‍යවතුන් වහන්සේ වදාළ සේක. එහි මේ අර්ථය මෙසේ කියනු ලැබේ.</div>
                            <div class="bodytext">“මහර්ෂීවූ බුදුරජාණන් වහන්සේ විසින් වදාරන ලද පරිද්දෙන් යම්සේ මහත් විපාක ඇත්තේ වේද, ඉදින් එසේ සත්වයෝ දාන සංවිභාගයාගේ විපාකය දන්නාහු නම්.</div>
                            <div class="bodytext">“විශෙෂයෙන් ප්‍රසන්නවූ සිතින් (ඔහු) මසුරු මල දුරු කරන්නාහුය, යම් කෙනෙකුන්ට දෙන ලද්ද මහත් ඵල වේද, (ඒ) ආර්යයන්ට සුදුසු කාලයෙහි දෙන්නාහුය.</div>
                            <div class="bodytext">“බොහෝ ජනයාහට ආහාරද බොහෝ ආහාරද දක්ෂිණාව පිළිගන්නට සුදුසු ආර්යයන්ටදී මේ මිනිසත් බැවින් චුතවූ දායකයෝ ස්වර්ගයට යෙත්.</div>
                            <div class="bodytext">“මසුරු නොවූ ඔව්හුද දෙව්ලොවට ගියාහු එහි (සියලු) කාමසම්පත්තියෙන් යුක්තවූවාහු සතුටු වෙත් යයි.”</div>
                        </div>
                    </div>
                </div>
                <div class="subhead ct_sutta" node-id="401030" >
                    <span class="subhead ct_sutta " >7. මෙත්තාවාච සූත්‍රය</span>
                    <div class="subhead-contents" >
                        <div class="paragraph" para="27">
                            <span class="paranum">27</span>
                            <div class="bodytext">“මහණෙනි, උපදවන්නාවූ යම්කිසි පුණ්‍යක්‍රියාවෝ වෙද්ද, ඒ හැම පින්කිරියවත් මෛත්‍රී චෙතො විමුක්තියගේ ත්‍රික චතුෂ්කධ්‍යාන සම්පත්තියගේ සොළොස් වන කොටසින් කොටසටද නොඅගිත්. චෙතො විමුක්තියයි කියනලද මෛත්‍රිය ඒ පින් කිරියවත් මැඩගෙන බබළාමය, තවයි, විශෙෂයෙන් බබළයි.”</div>
                            <div class="bodytext">“මහණෙනි, මෙසේ වනාහි උපධි සම්පත්තිය පිණිස පවත්නාවූ යම් පුණ්‍ය ක්‍රියා වස්තූහු වෙද්ද, ඒ සියල්ලන් මෛත්‍රී චෙතො විමුක්තියගේ සොළොස් වන කොටසින් කොටසටද නොවටිත්. මෛත්‍රී චෙතෝ විමුක්ති තොමෝ ඒ පින් කිරියවත් මැඩ පවත්වා බබළාමය, අතිසයින් තවයි. (එහෙයින්ම) විශෙෂයෙන් බබළයි.”</div>
                            <div class="bodytext">“මහණෙනි, යම්සේ වනාහි වර්ෂා මාසයන්ගේ අන්තිම (ඉල්) මාසයෙහි සරත් කාලයෙහි වැසි දුරුවූ කල්හි පහවූ වලාකුල් ඇති අහසෙහි සඳ (උදාවූ තැනින්, අහස මුදුනට නගින්නේ අහසට ගිය සියලු අඳුරු නසා බබළාද, දිළියේද, වෙසෙසින් බබළාද, එපරිද්දෙන්ම මහණෙනි, ආත්මභාව සමාධිය පිණිස පවත්නාවූ යම්කිසි පින් කිරියවත් කෙනෙක් ඇද්ද, සියලු ඒවා මෛත්‍රී චෙතොවිමුක්තියගේ සොළොස්වන කොටසින් කොටසටද නොවටිත්’ මෛත්‍රීචෙතොවිමුක්තියම ඒවා මැඩ බබළාමය, වොරජනේම, වෙසෙසින් බබළාමය,</div>
                            <div class="bodytext">“මහණෙනි, යම්සේ වනාහි රැයේ අලුයම් වේලෙහි දවහත් (සිකුරු) තරුව බබළාද, දිළියේද, වෙසෙසින් බබළාද, එපරිද්දෙන්ම මහණෙනි, උපධිසම්පත්තිය පිණිස පවත්නාවූ යම්කිසි පින් කිරියවත් කෙනෙක් වෙද්ද, ඒ සියල්ලෝ මෛත්‍රී චෙතො විමුක්තියගේ සොළොස් වන කොටසින් කොටසටද නොවටිත්. මෛත්‍රී චෙතො විමුක්ති තොමෝම ඒ පින් කිරියවත් මැඩ බබළාමය, වොරජනේමය, වෙසෙසින් බබළාමය”යි.</div>
                            <div class="bodytext">“භාග්‍යවතුන් වහන්සේ මේ අර්ථය වදාළ සේක. එහි මේ අර්ථය මෙසේ කියනු ලැබේ. “යමෙක් වනාහි සිහි ඇත්තේ අප්‍රමාණවූ මෛත්‍රිය වඩාද, නිවන දක්නාහුගේ තුනීවීමෙන්, උපධික්ෂය නම් අර්හත් ඵලයට පැමිණ එය දන්නහුගේ (දස සංයොජනයෝම) තුනීවෙත්.</div>
                            <div class="bodytext">“එකසත්වයෙකුටද දූෂිත නොවූ සිත් ඇත්තේ මෛත්‍රිය කෙරේද, ඒ මෛත්‍රියෙන් අතිශයින් කුසල් ඇත්තෙක්වේ. සියලු සතුන්ට සිතින් අනුකම්පා කරන්නාවූ ආර්ය තෙම බොහෝ පින් කෙරෙයි.</div>
                            <div class="bodytext">“යම් සත්ව කෙනෙක් සත්ව සමූහයාගෙන් ගැවසීගත් පොළොව ජයගෙන තවුසන් වැනි දැහිමි රජවරු දන්දෙමින් හැසුරුණාහුද, අශ්ව මෙධය පුරුෂ මෙධය සම්මාපාසය වාචපෙය්‍යය නිරග්ගළයයි (යන යාග) කළාහුද “සියලු තරු සමූහයෝ එසඳඑළියේ සොළොස් වන කලාවෙන් කලාවටද නොපැමිණෙත් ඒ අශ්වමෙධාදී යාගයෝ මනාව වැඩූ මෙත් සිතගේ සොළොස්වන කලාවෙන් කලාවටද නොපැමිණෙත්.</div>
                            <div class="bodytext">“යම් පුද්ගලයෙක් තෙම (කිසි සත්වයෙකු) නොවෙහෙසාද, (අනුන්ලවා) නොවෙහෙසවාද, නොදිනාද, (අනුන්ලවා) ධන හානිය නොකරවාද, (හෙතෙම) මෛත්‍රී අවයව ඇත්තේවේ. (එහෙයින්ම) කිසි කරුණකින්  ඕහට අකුශල වෛරයෙක් නැත, (නොහොත්) කිසි පුරුෂයෙකු සමග වෛරයෙක් නැතැයි.”</div>
                        </div>
                    </div>
                </div>
            </div>
            <div class="centre ct_vagga ending">චිත්ත වර්ගය නිමි.</div>
            <div class="paragraph udana" para="udana" ></div>
        </div>
    </div>
    <div class="centre ct_nipatha ending">එකක නිපාතය නිමි.</div>
</div>