<div class="chapter ct_vagga" node-id="18130">
    <span class="chapter ct_vagga">4. මහායමකවග්ගො</span>
    <div class="chapter-contents">
        <div class="subhead ct_sutta" node-id="18131" >
            <span class="subhead ct_sutta">1. චූළගොසිඞ්ගසුත්තං</span>
            <div class="subhead-contents" >
                <div class="paragraph" para="325">
                    <span class="paranum">325</span>
                    <div class="bodytext">මා විසින් මෙසේ අසන ලදි. එක් කාලයක භාග්‍යවතුන් වහන්සේ නාදික නම් ගම (ගඩොලින්ම කළ හෙයින්) .ගිඤජකායසථ. නම් වු විහාරයෙහි වැඩ වාසය කරති. එකල්හි ආයුෂ්මත් අනුරුඞ සථවිරන් වහන්සේද, ආයුෂ්මත් නන්‍දිය සථවිරයන් වහන්සේද, ආයුෂ්මත් කිමිබිල සථවිරයන් වහන්සේද .ගොසිඞග සාලවන. නම් වු ආරණ්‍යයෙහි වාසය කළහ. එකල්හි භාග්‍යවතුන් වහන්සේ සවස් කාලයෙහි පල සමවතින් නැගී සිටියේ ගොසිඞග සාලවන නම් ආරණ්‍ය සේනාසනය යමි තැනකද එතැනට වැඩියහ. වන පාලක පුරුෂ තෙම වඩින්නාවු භාග්‍යවතුන් වහන්සේ දුරදීම දුටුවේය. දැක,භාග්‍යවතුන් වහන්සේට මෙසේ කීයේය. ,ශ්‍රමණය, මේ වනයට ඇතථ නොවනු මැනවි. තමන්ට වැඩ කැමති සවභාව ඇත්තාවු කුල පුත්‍රයෝ තුන් දෙනෙක් මෙහි වාසය කරති. ඹහුන්ට අපහසුවක් නොකරනු මැනවි.ආයුෂ්මත් අනුරුඞ සථවිරයන් වහන්සේ, භාග්‍යවතුන් වහන්සේ සමග කරන්නාවු වනපාලයාගේ කථාව ඇසුහ. අසා වනපලයාට මෙසේ කීහ. ,ඇවත්නි, වනපාලයෙනි, භාග්‍යවතුන් වහන්සේ නොවළක්වව, අපගේ ශාසතෘවු භාග්‍යවතුන් වහන්සේ පැමිණියහ,යි(කීහ) ඉක්බිති ආයුෂ්මත් අනුරුඞ සථවිරයන් වහන්සේ, ආයුෂ්මත් නන්‍දිය සථවිරයන් වහන්සේද, ආයුෂ්මත් කීමිබිල සථවිරයන් වහන්සේද යමි තැනකද එතැනට පැමිණියහ. පැමිණ, ආයුෂ්මත් නන්‍දිය සථවිරයන් වහන්සේටද, ආයුෂ්මත් කිමිබිල සථවිරයන් වහන්සේටද, මෙසේ කීහ. ,එන්න ආයුෂ්මතුනි, එන්න ආයුෂ්මතුනි, අපගේ ශාසතෘවු භාග්‍යවතුන් වහන්සේ වැඩියහ,යි(කීහ.) එවිට ආයුෂ්මත් අනුරුඞ සථවිරයන් වහන්සේද, ආයුෂ්මත් නන්‍දිය සථවිරයන් වහන්සේද, ආයුෂ්මත් කිමිබිල සථවිරයන් වහන්සේද භාග්‍යවතුන් වහන්සේ ඉදිරියට ගමන් කොට එක නමක් භාග්‍යවතුන්වහන්සේගේ පාත්‍රය හා සිවුරු පිළිගත්තේය. එක නමක් ආසන පැණවීය. එක නමක් පා සේදීමට දිය තැබීය. භාග්‍යවතුන් වහන්සේ පනවනලද ආසනයෙහි වැඩ හිඳ පා සේදුහ. ඒ ආයුෂ්මත්හුද භාග්‍යවතුන් වහන්සේ වැඳ එක් පැත්තක හිඳ ගත්හ. එක පැත්තක උන්නාවු ආයුෂ්මත් අනුරුඞ සථවිරයන් වහන්සේට භාග්‍යවතුන් වහන්සේ මෙසේ වද්‍රළහ.</div>
                </div>
                <div class="paragraph" para="326">
                    <span class="paranum">326</span>
                    <div class="bodytext">අනුරුඞයෙනි, කිමෙක්ද තොපට ඉරියවි ඉවසිය හැකිද? කිමෙක්ද දිවි පැවැත්විය හැකිද? කිමෙක්ද, පිණඩපාතයෙන් අපහසු නොවන්නාහුද?, සවාමීනි ඉවසිය හැකිය, දිවිපැවත්විය හැකිය. සවාමීනි, අපි පිණඩපාතයෙන් අපහසු නොවන්නෙමු,යි කීහ. ,අනුරුඞයෙනි, කිමෙක්ද, තෙපි සමගිව, සතුටුව,විරුඞවාද නැතිව, කිරිත් වතුරත් මෙන් එක්ව, ඹවුනොවුන් ප්‍රිය ඇසින් බලමින් වාසය කරවිද?, ,සවාමීනි, එකානතයෙන් අපි සමගිව, සතුටුව, විරුඞවාද නැතිව, කිරිත් වතුරත් මෙන් එක්ව, ඹවුනොවුන් ප්‍රිය ඇසින් දකිමින් වාසය කරමු,යි(කීිහ) ,අනුරුඞයෙනි, තෙපි කෙසේ නම් සමගිව, සතුටුව, විරුඞවාද නැතිව, කිරිත් වතුරත් මෙන් එක්ව, ඹවුනොවුන් ප්‍රිය ඇසින් බලමින් වාසය කරන්නහුද?, ,සවාමීනි, මට මෙසේ කල්පනා වෙයි. යමිබÃවු සබ්‍රමිසරුන් (එකට මහණ දමි පුරන්නන්) සමග වාසයකරමිද, ඒ මට එකානතයෙන් ලාභයකි, එකානතයෙන් හොඳ ලාභයකි. (යනුවෙනි) මේ ආයුෂ්මතුන් කෙරෙහි, ඉදිරියෙහි ඇති තැනද, ඉදිරියෙහි නැති තැනද ඒ මාගේ මෛත්‍රී සහගත ක්‍රියා ඇත්තීයි. ඉදිරියෙහි ඇති තැනද, ඉදිරියෙහි නැති තැනද මෛත්‍රී සහගත වචන ඇත්තේය. ඉදිරියෙහි ඇති තැනද, ඉදිරියෙහි නැති තැනද මෛත්‍රී සහගත සිත් ඇත්තේය. සවාමීනි, එසේවු මට යමි හෙයකින් මගේ සිත යටහත් කර තබා මේ ආයුෂ්මතුන්ලාගේ සිත් අනුවම වාසය කරමි නම් යෙහෙනැයි අදහස් වෙයි. සවාමීනි, ඒ මම මගෙග් සිත යටහත් කර තබා මේ ආයුෂ්මතුන්ලාගේ සිත් අනුවම වාසය කරමි. සවාමීනි, අපගේ ශරීර පමණක් වෙන්ව පවත්නාහුය සිත් වනාහි එකක්මයයි හහිමි., ආයුෂ්මත් නන්‍දිය සථවිරයන් වහන්සේද භාග්‍යවතුන් වහන්සේට මෙසේ කීහ. ,සවාමීනි මට මෙසේ කල්පනාවෙයි. යමිබඳුවු මම බෙඳුවු සබ්‍රමිසරුන් (එකට මහණදමිපුරන්නන්) සමග වාසය කරමිද, ඒ මට එකානතයෙන් ලාභයකි, එකානතයෙන් හොඳ ලාභයකි.(යනුවෙනි.) මේ ආයුෂ්මතුන් කෙරෙහි, ඉදිරියෙහි ඇති තැනද, ඉදිරියෙහි නැති තැනද මෛත්‍රී සහගත ක්‍රියා ඇත්තීය, ඉදිරියෙහි ඇති තැනද, ඉදිරියෙහි නැති තැනද මෛත්‍රී සහගත වචන ඇත්තේය. ඉදිරියෙහි ඇති තැනද ඉදිරියෙහි නැති තැනද මෛත්‍රී සහගත සිත් ඇත්තේය. සවාමීනි, එසේවු මට යමි හෙයකින් මගේ සිත යටහත් කර තබා මේ ආයුෂ්මතුන්ලාගේ සිත් අනුවම වාසය කරමි නම් යෙහෙකැයි අදහස් වෙයි. සවාමිනි, ඒ මම මගේ සිත යටහත් කර තබා මේ ආයුෂ්මතුන්ලාගේ සිත් අනුවම වාසය කරමි. සවාමිනි, අපගේ ශරීර පමණක් වෙන්ව පවත්නාහුයි. සිත් වනාහි එකක්මයයි හහිමි., ආයුෂ්මත් කිමිබිල සථවිරයන් වහන්සේද භාග්‍යවතුන් වහන්සේට මෙසේ කිහ. ,සවාමීනි, මට මෙසේ කල්පනා වෙයි. .යමිබඳුවු මම මෙබඳුවු සබ්‍රමිසරුන් සමග වාසය කරමිද, ඒ මට එකානතයෙන් ලාභයකි. එකානතයෙන් හොඳ ලාභයකි.(යනුවෙනි) මේ ආයුෂ්මතුන් කෙරෙහි, ඉදිරියෙහි ඇති තැනද, ඉදිරියෙහි නැති තැනද මෛත්‍රී සහගත ක්‍රියා ඇත්තීය. ඉදිරියෙහි ඇති තැනද, ඉදිරියෙහි නැති තැනද මෛත්‍රී සහගත වචන ඇත්තේය. ඉදිරියෙහි ඇති තැනද, ඉදිරියෙහි නැති තැනද මෛත්‍රී සහගත සිත් ඇත්තේය. සවාමීනි, එසේවු මට යමි හෙයකින් මගේ සිත යටහත් කර තබා මේ ආයුෂ්මතුන්ලාගේ සිත අනුවම වාසය කරමි නම් යෙහෙකැයි අදහස් වෙයි. සවාමීනි, ඒ මම මගේ සිත යටහත්කර තබා මේ ඇයුෂ්මතුන්ලාගේ සිත් අනුවම වාසය කරමි. අපගේ ශරීර පමණක් වෙන්ව පවත්නාහුය. සිත් වනාහි එකක්මයයි හහිමි.,</div>
                </div>
                <div class="paragraph" para="327">
                    <span class="paranum">327</span>
                    <div class="bodytext">අනුරුඞයෙනි, ඉතා යහපත, ඉතා යහපත. අනුරුඞයෙනි, කිමෙක්ද? තෙපි අප්‍රමාද වුවාහු, කෙලෙස් තවන වීර්‍ය්‍යය ඇත්තාහු, සතර මාර්‍ගයෙහි යවනලද සිත් ඇත්තාහු වාසය කරවිද?,</div>
                    <div class="bodytext">,සවාමීනි, අපි එකානතයෙන් අප්‍රමාද වුවාහු, කෙලෙස් තවන වීර්‍ය්‍යයෙන් යුක්තවුවාහු, සතර මහ යවනලද සිත් ඇත්තාහු වාසය කරමු.,</div>
                    <div class="bodytext">,අනුරුඞයෙනි, තෙපි කෙසේ නම් අප්‍රමාද වුවාහු, කෙලෙස් තවන වීර්‍ය්‍යය ඇත්තාහු, සතර මහ යවනලද සිත් ඇත්තාහු වාසය කරවිද?,</div>
                    <div class="bodytext">,සවාමීනි, මෙහි අප අතුරෙන් යමෙක් පළමු කොට ගමෙන් පිඩු පිණිස හැසිරීමෙන් ආපසු එයිද, හෙතෙම ආසන පණවයි. පානය කළ යුතු ජලයද, පරිභොග කළයුතු ජලයද ගෙනවුත් තබයි. යමෙක් පසුව ගමින් පිඩු පිණිස හැසිරීමෙන් ආපසු එයිද, හෙතෙම ඉඳින් අනුභවයෙන් ඉතිරි ඇත්තේ වේනම්, ඉඳින් කැමැත්තේ වේනම් වළඳයි. ඉඳින් නොකැමැති නම් නිල් තණ කොළ නැති තැනක හෝ,(ඉන් නැසෙන) පණුවන් නැති ජලයක හෝ පාකර හරියි. හෙතෙම ආසන තැන්පත් කර තබයි. බියයුතු පැන්ද, පරිභොග කළයුතු පැන්ද තැන්පත් කරයි. වැඩි ආහාර ලන බඳුන් නියම තැන තබයි. බොජුන් හල අමදියි, යමෙක් බොන පැන් තබන කළය හෝ, සෝදන පැන් තබන කළය හෝ, වැසිකිළියෙහි පැන් තබන කළය හෝ හිස්ව තිබෙනු දකීද, හෙතෙම එහි දිය වත්කරයි. ඉඳින් ඹහු විසින් එය නොඉසිලිය හැකි වේදල අතින් සංඥ කිරීමෙන් දෙවැන්නකු කැඳවා දෙ අත් ඵක්කොට අත් උඞ තබා ගැන්මෙන් ගෙන ගොස් තබයිග ස්වාමනිල අපි ඵ් සඳහාවත් කථා නොකරන්නෙමුග</div>
                    <div class="bodytext">,ස්වාමනිල අපි පස් දවසකට වරක් මුඑ රාත්‍රියෙහිම දැහැමි කථාවෙන් යුක්තව සමගිව හිඳිමුග ස්වාමිතිල මෙපරිද්දෙන් අපි අප්‍රමාද වුවාහු විර්‍ය්‍යවත් වුවාහු සතර මාර්‍ගයෙහි යැවු සිත් ඇත්තාහු වෙසෙමු,යි ( කීහ )</div>
                </div>
                <div class="paragraph" para="328">
                    <span class="paranum">328</span>
                    <div class="bodytext">අතුරුඬයෙනිල ඉතා යහපතල ඉතායහපතග අතුරුඬයෙනිලමෙසේ අප්‍රමාදවලකෙලෙස් තවන වීර්‍ය්‍යය ඇතිවල සිවු මඟ යැවු සිත් ඇතිව වාසය කරන්නා වු තොප විසින් මනුෂ්‍ය ධර්‍මයට වැඩිවු ආර්‍ය්‍යභාවය ඇති කිරීමට සමත්‍ර්‍ඵවු සැප විහරණයක් අවබොධ කරන ලද්දේද ?, ,ස්වාමීනිලකෙසේ නම් නැත්තේද ? අපි යමි විටක කැමති වෙමු නම්ල කාමයන් කෙරෙන් වෙන්වම අකුසල ධර්‍මයන් ගෙන් වෙන්වම විතර්‍ක සහිත විචාර සහිත විවේකයෙන් හටගත් ප්‍රීති සැපය ඇති ප්‍රථම ධ්‍යානයට පැමිණ වාසය කරන්නෙමුග ස්වාමිනිල අප්‍රමාදවලකෙලෙස් තවන වීර්‍ය්‍යය ඇතිවලමාර්‍ගඵලයන්ට යැවු සිත් ඇතිව වාසය කරන්නාවු අප විසින් මනුෂ්‍ය ධර්මයට වඩා උසස් වු ආර්‍ය්‍යභාවය ඇති කිරීමට සමත්‍ර්‍ඵවු මේ සැප විහරණය අවබොධ කරන ලද්දේයග,</div>
                    <div class="bodytext">,අනුරුඬයෙනිල ඉතා යහපතල ඉතා යහපතල අනුරුඬයෙනිල මෙ විහරණය ඉක්මවීම පිණිසල මේ විහරණය සංසිඳවීම පිණිසල මනුෂ්‍ය ධර්මයට වැඩිවු ආර්‍ය්‍ය භාවය ඇති කිරීමට සමර්ත්‍ථ වු වෙනත් සැප විහරණයක් තොප විසින් අවබොධ කරන ලද්දේද රෑ ,</div>
                    <div class="bodytext">,සවාමිතිල කෙසේ නම් නැත්තේ ද? ස්වාමීනිල අපි මෙහි යමි විටෙක කැමති වෙමු නම්ල ( එකෙනෙහි ) විතර්‍ක විචාර සංසිඳවීමෙන් ඇතුළත පැහැදීම සහිත හිතේ එක ඟබව ඇතිල විතර්‍ක රහිතවුල විචාර රහිතවූ සමාධියෙන් හටගත් ප්‍රීති සැපය ඇතිල විතීය ධ්‍යානයට පැමිණ වාසය කරන්නෙමු ස්වාමීනිල ඒ විහරණය ඉක්මවීම පිණිසල ඒ විහරණය සංසිදවිම පිණිසල මනුෂ්‍ය ධර්මයට වැඩිවු ආර්‍ය්‍ය භාවය ඇති කිරීමට සමර්ත්‍ථ වු මේ අනෙක් සැප විහරණය අවබොධ කරන ලද්දේයග,</div>
                    <div class="bodytext">,අනුරුඬයෙනිල ඉතා යහපතල ඉතා යහපතල අනුරුඬයෙනිල මේ විහරණය ඉක්මවීම පිණිසල මේ විහරණය සංසිඳවීම පිණිසල මනුෂ්‍ය ධර්මයට වැඞිවුල ආර්‍ය්‍යභාවය ඇති කිරීමට සමර්ත්‍ථ වු අනික් සැප විහරණයක් තොප විසින් අවබොධ කරන ලද්දේද ?,</div>
                    <div class="bodytext">ස්වාමීනිල කෙසේ නම් නැත්තේ ද? ස්වාමීනිල මෙහි අපි යමි විටෙක කැමැත්තෙමු නම්ල ( එකෙණෙහි ) ප්‍රීතියෙහිදල නොඇල්මෙන් මැදහත් බවෙන් යුක්තව සිහියෙන් හා මනා නුවණින් යුක්තව කයින්ද සැපය විඳින්නෙමුග යමි ඒ ධ්‍යානයක් උපෙක්‍ෂා ඇත්තේල සිහි ඇත්තේ සැප විහරණය කැයි ආර්‍ය්‍යයෝ කියද්දල ඒ තෘතීය ධ්‍යානයට පැමිණ වාසය කරන්නෙමුග ස්වාමීනිල ඒ විහරණය ඉක්මවිම පිණිසල ඒ විහරණය සංසිඳවීම පිණිස මනුෂ්‍ය ධර්‍මයට වැඞිවු ආර්‍ය්‍ය භාවය ඇති කිරී</div>
                </div>
            </div>
        </div>
    </div>
</div>