<div class="chapter ct_vagga" node-id="29370">
    <span class="chapter ct_vagga">(28) 8. රාගපෙය්‍යාලං</span>
    <div class="chapter-contents">
        <div class="subhead ct_sutta" node-id="29371">
            <span class="subhead ct_sutta">1. සතිපට්ඨානසුත්තං</span>
            <div class="subhead-contents">
                <div class="paragraph" para="274">
                    <span class="paranum">274</span>
                    <div class="bodytext"> ‘‘රාගස්ස 
                        <pb ed="V" n="1.0294"/>
                        <pb ed="T" n="2.0345"/>, භික්ඛවෙ, අභිඤ්ඤාය චත්තාරො ධම්මා භාවෙතබ්බා. කතමෙ චත්තාරො? ඉධ, භික්ඛවෙ, භික්ඛු කායෙ කායානුපස්සී විහරති ආතාපී සම්පජානො සතිමා විනෙය්‍ය ලොකෙ අභිජ්ඣාදොමනස්සං; වෙදනාසු...පෙ.... චිත්තෙ...පෙ.... ධම්මෙසු ධම්මානුපස්සී විහරති ආතාපී සම්පජානො සතිමා විනෙය්‍ය ලොකෙ අභිජ්ඣාදොමනස්සං. රාගස්ස, භික්ඛවෙ, අභිඤ්ඤාය ඉමෙ චත්තාරො ධම්මා භාවෙතබ්බා’’ති. පඨමං.
                    </div>
                </div>
            </div>
        </div>
        <div class="subhead ct_sutta" node-id="29372">
            <span class="subhead ct_sutta">2. සම්මප්පධානසුත්තං</span>
            <div class="subhead-contents">
                <div class="paragraph" para="275">
                    <span class="paranum">275</span>
                    <div class="bodytext"> ‘‘රාගස්ස, භික්ඛවෙ, අභිඤ්ඤාය චත්තාරො ධම්මා භාවෙතබ්බා. කතමෙ චත්තාරො? ඉධ, භික්ඛවෙ, භික්ඛු අනුප්පන්නානං පාපකානං අකුසලානං ධම්මානං අනුප්පාදාය ඡන්දං ජනෙති වායමති වීරියං ආරභති චිත්තං පග්ගණ්හාති පදහති; උප්පන්නානං පාපකානං අකුසලානං ධම්මානං පහානාය...පෙ.... අනුප්පන්නානං කුසලානං ධම්මානං උප්පාදාය...පෙ.... උප්පන්නානං කුසලානං ධම්මානං ඨිතියා අසම්මොසාය භිය්‍යොභාවාය වෙපුල්ලාය භාවනාය පාරිපූරියා ඡන්දං ජනෙති වායමති වීරියං ආරභති චිත්තං පග්ගණ්හාති පදහති. රාගස්ස, භික්ඛවෙ, අභිඤ්ඤාය ඉමෙ චත්තාරො ධම්මා භාවෙතබ්බා’’ති. දුතියං.</div>
                </div>
            </div>
        </div>
        <div class="subhead ct_sutta" node-id="29373">
            <span class="subhead ct_sutta">3. ඉද්ධිපාදසුත්තං</span>
            <div class="subhead-contents">
                <div class="paragraph" para="276">
                    <span class="paranum">276</span>
                    <div class="bodytext"> ‘‘රාගස්ස, භික්ඛවෙ, අභිඤ්ඤාය චත්තාරො ධම්මා භාවෙතබ්බා. කතමෙ චත්තාරො? ඉධ, භික්ඛවෙ, භික්ඛු ඡන්දසමාධිපධානසඞ්ඛාරසමන්නාගතං ඉද්ධිපාදං භාවෙති; වීරියසමාධි...පෙ.... චිත්තසමාධි...පෙ.... වීමංසාසමාධිපධානසඞ්ඛාරසමන්නාගතං ඉද්ධිපාදං 
                        <pb ed="M" n="1.0580"/> භාවෙති. රාගස්ස, භික්ඛවෙ, අභිඤ්ඤාය ඉමෙ චත්තාරො ධම්මා භාවෙතබ්බා’’ති. තතියං.
                    </div>
                </div>
            </div>
        </div>
        <div class="subhead ct_sutta" node-id="29374">
            <span class="subhead ct_sutta">4-30. පරිඤ්ඤාදිසුත්තානි</span>
            <div class="subhead-contents">
                <div class="paragraph" para="277-303">
                    <span class="paranum">277-303</span>
                    <div class="bodytext"> ‘‘රාගස්ස 
                        <pb ed="V" n="1.0295"/>
                        <pb ed="T" n="2.0346"/>, භික්ඛවෙ, පරිඤ්ඤාය...පෙ.... පරික්ඛයාය... පහානාය... ඛයාය 
                        <pb ed="P" n="2.0257"/>... වයාය... විරාගාය... නිරොධාය... චාගාය... පටිනිස්සග්ගාය චත්තාරො ධම්මා භාවෙතබ්බා...පෙ..... තිංසතිමං.
                    </div>
                </div>
            </div>
        </div>
        <div class="subhead ct_sutta" node-id="29375">
            <span class="subhead ct_sutta">31-510. දොසඅභිඤ්ඤාදිසුත්තානි</span>
            <div class="subhead-contents">
                <div class="paragraph" para="304-783">
                    <span class="paranum">304-783</span>
                    <div class="bodytext"> ‘‘දොසස්ස...පෙ.... මොහස්ස... කොධස්ස... උපනාහස්ස... මක්ඛස්ස... පළාසස්ස... ඉස්සාය... මච්ඡරියස්ස... මායාය... සාඨෙය්‍යස්ස... ථම්භස්ස... සාරම්භස්ස... මානස්ස... අතිමානස්ස... මදස්ස... පමාදස්ස අභිඤ්ඤාය... පරිඤ්ඤාය... පරික්ඛයාය... පහානාය... ඛයාය... වයාය... විරාගාය... නිරොධාය... චාගාය... පටිනිස්සග්ගාය ඉමෙ චත්තාරො ධම්මා භාවෙතබ්බා’’ති. දසුත්තරපඤ්චසතිමං.</div>
                </div>
            </div>
        </div>
    </div>
    <div class="centre ct_vagga ending">රාගපෙය්‍යාලං නිට්ඨිතං.</div>
</div>
<chapter-ending/>
<div class="centre ct_book ending">චතුක්කනිපාතපාළි නිට්ඨිතා.</div>