<div class="chapter ct_vagga" node-id="26130">
    <span class="chapter ct_vagga">4. අදන්තවග්ගො</span>
    <div class="chapter-contents">
        <div class="paragraph" para="31">
            <span class="paranum">31</span>
            <div class="bodytext"> ‘‘නාහං 
                <pb ed="V" n="1.0009"/>
                <pb ed="M" n="1.0006"/>, භික්ඛවෙ, අඤ්ඤං එකධම්මම්පි සමනුපස්සාමි යං එවං අදන්තං මහතො අනත්ථාය සංවත්තති යථයිදං, භික්ඛවෙ, චිත්තං. චිත්තං, භික්ඛවෙ, අදන්තං මහතො අනත්ථාය සංවත්තතී’’ති. පඨමං.
            </div>
        </div>
        <div class="paragraph" para="32">
            <span class="paranum">32</span>
            <div class="bodytext"> ‘‘නාහං, භික්ඛවෙ, අඤ්ඤං එකධම්මම්පි සමනුපස්සාමි යං එවං දන්තං මහතො අත්ථාය සංවත්තති යථයිදං, භික්ඛවෙ, චිත්තං. චිත්තං, භික්ඛවෙ, දන්තං මහතො අත්ථාය සංවත්තතී’’ති. දුතියං.</div>
        </div>
        <div class="paragraph" para="33">
            <span class="paranum">33</span>
            <div class="bodytext"> ‘‘නාහං, භික්ඛවෙ, අඤ්ඤං එකධම්මම්පි සමනුපස්සාමි 
                <pb ed="P" n="1.0007"/> යං එවං අගුත්තං මහතො අනත්ථාය සංවත්තති යථයිදං, භික්ඛවෙ, චිත්තං. චිත්තං, භික්ඛවෙ, අගුත්තං මහතො අනත්ථාය සංවත්තතී’’ති. තතියං.
            </div>
        </div>
        <div class="paragraph" para="34">
            <span class="paranum">34</span>
            <div class="bodytext"> ‘‘නාහං, භික්ඛවෙ, අඤ්ඤං එකධම්මම්පි සමනුපස්සාමි යං එවං ගුත්තං 
                <pb ed="T" n="1.0008"/> මහතො අත්ථාය සංවත්තති යථයිදං, භික්ඛවෙ, චිත්තං. චිත්තං, භික්ඛවෙ, ගුත්තං මහතො අත්ථාය සංවත්තතී’’ති. චතුත්ථං.
            </div>
        </div>
        <div class="paragraph" para="35">
            <span class="paranum">35</span>
            <div class="bodytext"> ‘‘නාහං, භික්ඛවෙ, අඤ්ඤං එකධම්මම්පි සමනුපස්සාමි යං එවං අරක්ඛිතං මහතො අනත්ථාය සංවත්තති යථයිදං, භික්ඛවෙ, චිත්තං. චිත්තං, භික්ඛවෙ, අරක්ඛිතං මහතො අනත්ථාය සංවත්තතී’’ති. පඤ්චමං.</div>
        </div>
        <div class="paragraph" para="36">
            <span class="paranum">36</span>
            <div class="bodytext"> ‘‘නාහං, භික්ඛවෙ, අඤ්ඤං එකධම්මම්පි සමනුපස්සාමි යං එවං රක්ඛිතං මහතො අත්ථාය සංවත්තති යථයිදං, භික්ඛවෙ, චිත්තං. චිත්තං, භික්ඛවෙ, රක්ඛිතං මහතො අත්ථාය සංවත්තතී’’ති. ඡට්ඨං.</div>
        </div>
        <div class="paragraph" para="37">
            <span class="paranum">37</span>
            <div class="bodytext"> ‘‘නාහං 
                <pb ed="V" n="1.0010"/>, භික්ඛවෙ, අඤ්ඤං එකධම්මම්පි සමනුපස්සාමි යං එවං අසංවුතං මහතො අනත්ථාය සංවත්තති යථයිදං, භික්ඛවෙ, චිත්තං. චිත්තං, භික්ඛවෙ, අසංවුතං මහතො අනත්ථාය සංවත්තතී’’ති. සත්තමං.
            </div>
        </div>
        <div class="paragraph" para="38">
            <span class="paranum">38</span>
            <div class="bodytext"> ‘‘නාහං, භික්ඛවෙ, අඤ්ඤං එකධම්මම්පි සමනුපස්සාමි යං එවං සංවුතං මහතො අත්ථාය සංවත්තති යථයිදං, භික්ඛවෙ, චිත්තං. චිත්තං, භික්ඛවෙ, සංවුතං මහතො අත්ථාය සංවත්තතී’’ති. අට්ඨමං.</div>
        </div>
        <div class="paragraph" para="39">
            <span class="paranum">39</span>
            <div class="bodytext"> ‘‘නාහං 
                <pb ed="M" n="1.0007"/>, භික්ඛවෙ, අඤ්ඤං එකධම්මම්පි සමනුපස්සාමි යං එවං අදන්තං අගුත්තං අරක්ඛිතං අසංවුතං මහතො අනත්ථාය සංවත්තති යථයිදං, භික්ඛවෙ, චිත්තං. චිත්තං, භික්ඛවෙ, අදන්තං අගුත්තං අරක්ඛිතං අසංවුතං මහතො අනත්ථාය සංවත්තතී’’ති. නවමං.
            </div>
        </div>
        <div class="paragraph" para="40">
            <span class="paranum">40</span>
            <div class="bodytext"> ‘‘නාහං, භික්ඛවෙ, අඤ්ඤං එකධම්මම්පි සමනුපස්සාමි යං එවං දන්තං ගුත්තං රක්ඛිතං සංවුතං මහතො අත්ථාය සංවත්තති යථයිදං, භික්ඛවෙ, චිත්තං 
                <pb ed="T" n="1.0009"/>. චිත්තං, භික්ඛවෙ, දන්තං ගුත්තං රක්ඛිතං සංවුතං මහතො අත්ථාය සංවත්තතී’’ති. දසමං.
            </div>
        </div>
    </div>
    <div class="centre ct_vagga ending">අදන්තවග්ගො චතුත්ථො.</div>
</div>