<div class="chapter ct_vagga" node-id="33190">
    <span class="chapter ct_vagga">(10) 5. සාමඤ්ඤවග්ගො</span>
    <div class="chapter-contents">
        <div class="paragraph" para="91-116">
            <span class="paranum">91-116</span>
            <div class="bodytext"> අථ 
                <pb ed="V" n="3.0167"/> ඛො 
                <span class="note">(එත්ථ ‘‘අථ ඛො’’ති ච, ‘‘උපාසිකා’’ති ච ඉදං අට්ඨකථායමෙව දිස්සති, න පාළිපොත්ථකෙසු)</span> බොජ්ඣා 
                <span class="note">(බොජ්ඣඞ්ගා (ක. සී.))</span> උපාසිකා 
                <span class="note">(එත්ථ ‘‘අථ ඛො’’ති ච, උපාසිකා’’ති ච ඉදං අට්ඨකථායමෙව දිස්සති, න පාළිපොත්ථකෙසු)</span>, සිරීමා, පදුමා, සුතනා 
                <span class="note">(සුධනා (සී. පී.), සුධම්මා (ස්‍යා.))</span>, මනුජා, උත්තරා, මුත්තා, ඛෙමා, රුචී 
                <span class="note">(රූපී (සී. පී.))</span>, චුන්දී, බිම්බී, සුමනා, මල්ලිකා 
                <pb ed="P" n="4.0348"/>, තිස්සා, තිස්සමාතා 
                <span class="note">(තිස්සාය මාතා (සී. පී.))</span>, සොණා, සොණාය මාතා 
                <span class="note">(සොණමාතා (ස්‍යා.))</span>, කාණා, කාණමාතා 
                <span class="note">(කාණාය මාතා (සී. පී.))</span>, උත්තරා නන්දමාතා, විසාඛා මිගාරමාතා, ඛුජ්ජුත්තරා උපාසිකා, සාමාවතී උපාසිකා, සුප්පවාසා කොලියධීතා 
                <span class="note">(කොළියධීතා (ස්‍යා. පී.))</span>, සුප්පියා උපාසිකා, නකුලමාතා ගහපතානී.
            </div>
        </div>
    </div>
    <div class="centre ct_vagga ending">සාමඤ්ඤවග්ගො පඤ්චමො.</div>
</div>
<chapter-ending/>
<div class="centre ct_pannasaka ending">දුතියපණ්ණාසකං සමත්තං.</div>