<div class="chapter ct_vagga" node-id="46140">
    <span class="chapter ct_vagga">5. උපාලිවග්ගො</span>
    <div class="chapter-contents">
        <div class="subhead ct_sutta" node-id="46141">
            <span class="subhead ct_sutta">1. භාගිනෙය්‍යුපාලිත්ථෙරඅපදානං</span>
            <div class="subhead-contents">
                <div class="paragraph" para="1">
                    <span class="paranum">1</span>
                    <div class="gatha"> ‘‘ඛීණාසවසහස්සෙහි 
                        <pb ed="T" n="1.0131"/>
                        <pb ed="M" n="1.0102"/>, පරිවුතො 
                        <span class="note">(පරෙතො (ක. අට්ඨ))</span> ලොකනායකො;
                    </div>
                    <div class="gathalast">විවෙකමනුයුත්තො සො, ගච්ඡතෙ පටිසල්ලිතුං.</div>
                </div>
                <div class="paragraph" para="2">
                    <span class="paranum">2</span>
                    <div class="gatha"> ‘‘අජිනෙන නිවත්ථොහං, තිදණ්ඩපරිධාරකො;</div>
                    <div class="gathalast">භික්ඛුසඞ්ඝපරිබ්‍යූළ්හං, අද්දසං ලොකනායකං.</div>
                </div>
                <div class="paragraph" para="3">
                    <span class="paranum">3</span>
                    <div class="gatha"> ‘‘එකංසං 
                        <pb ed="P" n="1.0092"/> අජිනං කත්වා, සිරෙ කත්වාන අඤ්ජලිං;
                    </div>
                    <div class="gathalast">සම්බුද්ධං අභිවාදෙත්වා, සන්ථවිං ලොකනායකං.</div>
                </div>
                <div class="paragraph" para="4">
                    <span class="paranum">4</span>
                    <div class="gatha"> ‘‘යථාණ්ඩජා ච සංසෙදා, ඔපපාතී ජලාබුජා;</div>
                    <div class="gathalast">කාකාදිපක්ඛිනො සබ්බෙ, අන්තලික්ඛචරා සදා.</div>
                </div>
                <div class="paragraph" para="5">
                    <span class="paranum">5</span>
                    <div class="gatha"> ‘‘යෙ කෙචි පාණභූතත්ථි, සඤ්ඤිනො වා අසඤ්ඤිනො;</div>
                    <div class="gathalast">සබ්බෙ තෙ තව ඤාණම්හි, අන්තො හොන්ති සමොගධා.</div>
                </div>
                <div class="paragraph" para="6">
                    <span class="paranum">6</span>
                    <div class="gatha"> ‘‘ගන්ධා ච පබ්බතෙය්‍යා යෙ, හිමවන්තනගුත්තමෙ;</div>
                    <div class="gathalast">සබ්බෙ තෙ තව සීලම්හි, කලායපි න යුජ්ජරෙ.</div>
                </div>
                <div class="paragraph" para="7">
                    <span class="paranum">7</span>
                    <div class="gatha"> ‘‘මොහන්ධකාරපක්ඛන්දො, අයං ලොකො සදෙවකො;</div>
                    <div class="gathalast">තව ඤාණම්හි ජොතන්තෙ, අන්ධකාරා විධංසිතා.</div>
                </div>
                <div class="paragraph" para="8">
                    <span class="paranum">8</span>
                    <div class="gatha"> ‘‘යථා අත්ථඞ්ගතෙ සූරියෙ, හොන්ති සත්තා තමොගතා;</div>
                    <div class="gathalast">එවං බුද්ධෙ අනුප්පන්නෙ, හොති ලොකො තමොගතො.</div>
                </div>
                <div class="paragraph" para="9">
                    <span class="paranum">9</span>
                    <div class="gatha"> ‘‘යථොදයන්තො ආදිච්චො, විනොදෙති තමං සදා;</div>
                    <div class="gathalast">තථෙව ත්වං බුද්ධසෙට්ඨ, විද්ධංසෙසි තමං සදා.</div>
                </div>
                <div class="paragraph" para="10">
                    <span class="paranum">10</span>
                    <div class="gatha"> ‘‘පධානපහිතත්තොසි 
                        <pb ed="T" n="1.0132"/>, බුද්ධො ලොකෙ සදෙවකෙ;
                    </div>
                    <div class="gathalast">තව කම්මාභිරද්ධෙන, තොසෙසි ජනතං බහුං.</div>
                </div>
                <div class="paragraph" para="11">
                    <span class="paranum">11</span>
                    <div class="gatha"> ‘‘තං සබ්බං අනුමොදිත්වා, පදුමුත්තරො මහාමුනි;</div>
                    <div class="gathalast">නභං අබ්භුග්ගමී ධීරො, හංසරාජාව අම්බරෙ.</div>
                </div>
                <div class="paragraph" para="12">
                    <span class="paranum">12</span>
                    <div class="gatha"> ‘‘අබ්භුග්ගන්ත්වාන 
                        <pb ed="V" n="1.0091"/> සම්බුද්ධො, මහෙසි පදුමුත්තරො;
                    </div>
                    <div class="gathalast">අන්තලික්ඛෙ ඨිතො සත්ථා, ඉමා ගාථා අභාසථ.</div>
                </div>
                <div class="paragraph" para="13">
                    <span class="paranum">13</span>
                    <div class="gatha"> ‘‘යෙනිදං 
                        <pb ed="M" n="1.0103"/> ථවිතං ඤාණං, ඔපම්මෙහි සමායුතං;
                    </div>
                    <div class="gathalast">තමහං කිත්තයිස්සාමි, සුණාථ මම භාසතො.</div>
                </div>
                <div class="paragraph" para="14">
                    <span class="paranum">14</span>
                    <div class="gatha"> ‘‘‘අට්ඨාරසඤ්ච ඛත්තුං සො, දෙවරාජා භවිස්සති;</div>
                    <div class="gathalast">පථබ්‍යා රජ්ජං තිසතං, වසුධං ආවසිස්සති.</div>
                </div>
                <div class="paragraph" para="15">
                    <span class="paranum">15</span>
                    <div class="gatha"> ‘‘‘පඤ්චවීසතික්ඛත්තුඤ්ච, චක්කවත්තී භවිස්සති;</div>
                    <div class="gathalast">පදෙසරජ්ජං විපුලං, ගණනාතො අසඞ්ඛියං.</div>
                </div>
                <div class="paragraph" para="16">
                    <span class="paranum">16</span>
                    <div class="gatha"> ‘‘‘කප්පසතසහස්සම්හි, ඔක්කාකකුලසම්භවො;</div>
                    <div class="gathalast">ගොතමො නාම ගොත්තෙන, සත්ථා ලොකෙ භවිස්සති.</div>
                </div>
                <div class="paragraph" para="17">
                    <span class="paranum">17</span>
                    <div class="gatha"> ‘‘‘තුසිතා හි චවිත්වාන, සුක්කමූලෙන චොදිතො;</div>
                    <div class="gathalast">හීනොව ජාතියා සන්තො, උපාලි නාම හෙස්සති.</div>
                </div>
                <div class="paragraph" para="18">
                    <span class="paranum">18</span>
                    <div class="gatha"> ‘‘‘සො 
                        <pb ed="P" n="1.0093"/> පච්ඡා පබ්බජිත්වාන, විරාජෙත්වාන පාපකං;
                    </div>
                    <div class="gathalast">සබ්බාසවෙ පරිඤ්ඤාය, නිබ්බායිස්සතිනාසවො.</div>
                </div>
                <div class="paragraph" para="19">
                    <span class="paranum">19</span>
                    <div class="gatha"> ‘‘‘තුට්ඨො ච ගොතමො බුද්ධො, සක්‍යපුත්තො මහායසො;</div>
                    <div class="gathalast">විනයාධිගතං තස්ස, එතදග්ගෙ ඨපෙස්සති’.</div>
                </div>
                <div class="paragraph" para="20">
                    <span class="paranum">20</span>
                    <div class="gatha"> ‘‘සද්ධායාහං 
                        <pb ed="T" n="1.0133"/> පබ්බජිතො, කතකිච්චො අනාසවො;
                    </div>
                    <div class="gathalast">සබ්බාසවෙ පරිඤ්ඤාය, විහරාමි අනාසවො.</div>
                </div>
                <div class="paragraph" para="21">
                    <span class="paranum">21</span>
                    <div class="gatha"> ‘‘භගවා චානුකම්පී මං, විනයෙහං විසාරදො;</div>
                    <div class="gathalast">සකකම්මාභිරද්ධො ච, විහරාමි අනාසවො.</div>
                </div>
                <div class="paragraph" para="22">
                    <span class="paranum">22</span>
                    <div class="gatha"> ‘‘සංවුතො පාතිමොක්ඛම්හි, ඉන්ද්‍රියෙසු ච පඤ්චසු;</div>
                    <div class="gathalast">ධාරෙමි විනයං සබ්බං, කෙවලං රතනාකරං 
                        <span class="note">(රතනග්ඝරං (ක.))</span>.
                    </div>
                </div>
                <div class="paragraph" para="23">
                    <span class="paranum">23</span>
                    <div class="gatha"> ‘‘මමඤ්ච ගුණමඤ්ඤාය, සත්ථා ලොකෙ අනුත්තරො;</div>
                    <div class="gathalast">භික්ඛුසඞ්ඝෙ නිසීදිත්වා, එතදග්ගෙ ඨපෙසි මං.</div>
                </div>
                <div class="paragraph" para="24">
                    <span class="paranum">24</span>
                    <div class="gatha"> ‘‘පටිසම්භිදා චතස්සො, විමොක්ඛාපි ච අට්ඨිමෙ;</div>
                    <div class="gathalast">ඡළභිඤ්ඤා සච්ඡිකතා, කතං බුද්ධස්ස සාසනං’’.</div>
                    <div class="bodytext">ඉත්ථං සුදං ආයස්මා උපාලිථෙරො ඉමා ගාථායො අභාසිත්ථාති.</div>
                </div>
            </div>
            <div class="centre ct_sutta ending">භාගිනෙය්‍යුපාලිත්ථෙරස්සාපදානං පඨමං.</div>
        </div>
        <div class="subhead ct_sutta" node-id="46142">
            <span class="subhead ct_sutta">2. සොණකොළිවිසත්ථෙරඅපදානං</span>
            <div class="subhead-contents">
                <div class="paragraph" para="25">
                    <span class="paranum">25</span>
                    <div class="gatha"> ‘‘අනොමදස්සිස්ස 
                        <pb ed="M" n="1.0104"/>
                        <pb ed="V" n="1.0092"/> මුනිනො, ලොකජෙට්ඨස්ස තාදිනො;
                    </div>
                    <div class="gathalast">සුධාය ලෙපනං කත්වා, චඞ්කමං කාරයිං අහං.</div>
                </div>
                <div class="paragraph" para="26">
                    <span class="paranum">26</span>
                    <div class="gatha"> ‘‘නානාවණෙහි පුප්ඵෙහි, චඞ්කමං සන්ථරිං අහං;</div>
                    <div class="gathalast">ආකාසෙ විතානං කත්වා, භොජයිං බුද්ධමුත්තමං.</div>
                </div>
                <div class="paragraph" para="27">
                    <span class="paranum">27</span>
                    <div class="gatha"> ‘‘අඤ්ජලිං 
                        <pb ed="T" n="1.0134"/> පග්ගහෙත්වාන, අභිවාදෙත්වාන සුබ්බතං 
                        <span class="note">(පුප්ඵකං (ක.))</span>;
                    </div>
                    <div class="gathalast">දීඝසාලං භගවතො, නිය්‍යාදෙසිමහං තදා.</div>
                </div>
                <div class="paragraph" para="28">
                    <span class="paranum">28</span>
                    <div class="gatha"> ‘‘මම සඞ්කප්පමඤ්ඤාය, සත්ථා ලොකෙ අනුත්තරො;</div>
                    <div class="gathalast">පටිග්ගහෙසි භගවා, අනුකම්පාය චක්ඛුමා.</div>
                </div>
                <div class="paragraph" para="29">
                    <span class="paranum">29</span>
                    <div class="gatha"> ‘‘පටිග්ගහෙත්වාන සම්බුද්ධො, දක්ඛිණෙය්‍යො සදෙවකෙ;</div>
                    <div class="gathalast">භික්ඛුසඞ්ඝෙ නිසීදිත්වා, ඉමා ගාථා අභාසථ.</div>
                </div>
                <div class="paragraph" para="30">
                    <span class="paranum">30</span>
                    <div class="gatha"> ‘‘‘යො සො හට්ඨෙන චිත්තෙන, දීඝසාලං අදාසි 
                        <span class="note">(අකාසි (සී.))</span> මෙ;
                    </div>
                    <div class="gathalast">තමහං කිත්තයිස්සාමි, සුණාථ මම භාසතො.</div>
                </div>
                <div class="paragraph" para="31">
                    <span class="paranum">31</span>
                    <div class="gatha"> ‘‘‘ඉමස්ස 
                        <pb ed="P" n="1.0094"/> මච්චුකාලම්හි, පුඤ්ඤකම්මසමඞ්ගිනො;
                    </div>
                    <div class="gathalast">සහස්සයුත්තස්සරථො, උපට්ඨිස්සති තාවදෙ.</div>
                </div>
                <div class="paragraph" para="32">
                    <span class="paranum">32</span>
                    <div class="gatha"> ‘‘‘තෙන යානෙනයං පොසො, දෙවලොකං ගමිස්සති;</div>
                    <div class="gathalast">අනුමොදිස්සරෙ දෙවා, සම්පත්තෙ කුසලබ්භවෙ 
                        <span class="note">(කුසලෙ භවෙ (සී. ස්‍යා.))</span>.
                    </div>
                </div>
                <div class="paragraph" para="33">
                    <span class="paranum">33</span>
                    <div class="gatha"> ‘‘‘මහාරහං බ්‍යම්හං සෙට්ඨං, රතනමත්තිකලෙපනං;</div>
                    <div class="gathalast">කූටාගාරවරූපෙතං, බ්‍යම්හං අජ්ඣාවසිස්සති.</div>
                </div>
                <div class="paragraph" para="34">
                    <span class="paranum">34</span>
                    <div class="gatha"> ‘‘‘තිංසකප්පසහස්සානි, දෙවලොකෙ රමිස්සති;</div>
                    <div class="gathalast">පඤ්චවීසති කප්පානි, දෙවරාජා භවිස්සති.</div>
                </div>
                <div class="paragraph" para="35">
                    <span class="paranum">35</span>
                    <div class="gatha"> ‘‘‘සත්තසත්තතික්ඛත්තුඤ්ච, චක්කවත්තී භවිස්සති;</div>
                    <div class="gathalast">යසොධරසනාමා 
                        <span class="note">(යසෙධරා සමානා (සී.))</span> තෙ, සබ්බෙපි එකනාමකා.
                    </div>
                </div>
                <div class="paragraph" para="36">
                    <span class="paranum">36</span>
                    <div class="gatha"> ‘‘‘ද්වෙ සම්පත්තී අනුභොත්වා, වඩ්ඪෙත්වා 
                        <span class="note">(චිනිත්වා (ස්‍යා.))</span> පුඤ්ඤසඤ්චයං;
                    </div>
                    <div class="gathalast">අට්ඨවීසතිකප්පම්හි, චක්කවත්තී භවිස්සති.</div>
                </div>
                <div class="paragraph" para="37">
                    <span class="paranum">37</span>
                    <div class="gatha"> ‘‘‘තත්‍රාපි 
                        <pb ed="T" n="1.0135"/>
                        <pb ed="M" n="1.0105"/> බ්‍යම්හං පවරං, විස්සකම්මෙන මාපිතං;
                    </div>
                    <div class="gathalast">දසසද්දාවිවිත්තං තං, පුරමජ්ඣාවසිස්සති.</div>
                </div>
                <div class="paragraph" para="38">
                    <span class="paranum">38</span>
                    <div class="gatha"> ‘‘‘අපරිමෙය්‍යෙ 
                        <pb ed="V" n="1.0093"/> ඉතො කප්පෙ, භූමිපාලො මහිද්ධිකො;
                    </div>
                    <div class="gathalast">ඔක්කාකො නාම නාමෙන, රාජා රට්ඨෙ භවිස්සති.</div>
                </div>
                <div class="paragraph" para="39">
                    <span class="paranum">39</span>
                    <div class="gatha"> ‘‘‘සොළසිත්ථිසහස්සානං, සබ්බාසං පවරා ච සා 
                        <span class="note">(පවරාව යා (ස්‍යා.), පවරා පියා (?))</span>;
                    </div>
                    <div class="gathalast">අභිජාතා ඛත්තියානී, නව පුත්තෙ ජනෙස්සති.</div>
                </div>
                <div class="paragraph" para="40">
                    <span class="paranum">40</span>
                    <div class="gatha"> ‘‘‘නව පුත්තෙ ජනෙත්වාන, ඛත්තියානී මරිස්සති;</div>
                    <div class="gathalast">තරුණී ච පියා කඤ්ඤා, මහෙසිත්තං කරිස්සති.</div>
                </div>
                <div class="paragraph" para="41">
                    <span class="paranum">41</span>
                    <div class="gatha"> ‘‘‘ඔක්කාකං තොසයිත්වාන, වරං කඤ්ඤා ලභිස්සති;</div>
                    <div class="gathalast">වරං ලද්ධාන සා කඤ්ඤා, පුත්තෙ පබ්බාජයිස්සති.</div>
                </div>
                <div class="paragraph" para="42">
                    <span class="paranum">42</span>
                    <div class="gatha"> ‘‘‘පබ්බාජිතා ච තෙ සබ්බෙ, ගමිස්සන්ති නගුත්තමං;</div>
                    <div class="gathalast">ජාතිභෙදභයා සබ්බෙ, භගිනීහි වසිස්සරෙ 
                        <span class="note">(සංවසිස්සරෙ (සී.))</span>.
                    </div>
                </div>
                <div class="paragraph" para="43">
                    <span class="paranum">43</span>
                    <div class="gatha"> ‘‘‘එකා ච කඤ්ඤා බ්‍යාධීහි, භවිස්සති පරික්ඛතා 
                        <span class="note">(පුරක්ඛතා (ස්‍යා. ක.))</span>;
                    </div>
                    <div class="gathalast">මා නො ජාති පභිජ්ජීති, නිඛණිස්සන්ති ඛත්තියා.</div>
                </div>
                <div class="paragraph" para="44">
                    <span class="paranum">44</span>
                    <div class="gatha"> ‘‘‘ඛත්තියො නීහරිත්වාන, තාය සද්ධිං වසිස්සති;</div>
                    <div class="gathalast">භවිස්සති තදා භෙදො, ඔක්කාකකුලසම්භවො.</div>
                </div>
                <div class="paragraph" para="45">
                    <span class="paranum">45</span>
                    <div class="gatha"> ‘‘‘තෙසං 
                        <pb ed="P" n="1.0095"/> පජා භවිස්සන්ති, කොළියා නාම ජාතියා;
                    </div>
                    <div class="gathalast">තත්ථ මානුසකං භොගං, අනුභොස්සතිනප්පකං.</div>
                </div>
                <div class="paragraph" para="46">
                    <span class="paranum">46</span>
                    <div class="gatha"> ‘‘‘තම්හා කායා චවිත්වාන, දෙවලොකං ගමිස්සති;</div>
                    <div class="gathalast">තත්‍රාපි පවරං බ්‍යම්හං, ලභිස්සති මනොරමං.</div>
                </div>
                <div class="paragraph" para="47">
                    <span class="paranum">47</span>
                    <div class="gatha"> ‘‘‘දෙවලොකා 
                        <pb ed="T" n="1.0136"/> චවිත්වාන, සුක්කමූලෙන චොදිතො;
                    </div>
                    <div class="gathalast">ආගන්ත්වාන මනුස්සත්තං, සොණො නාම භවිස්සති.</div>
                </div>
                <div class="paragraph" para="48">
                    <span class="paranum">48</span>
                    <div class="gatha"> ‘‘‘ආරද්ධවීරියො පහිතත්තො, පදහං සත්ථු සාසනෙ;</div>
                    <div class="gathalast">සබ්බාසවෙ පරිඤ්ඤාය, නිබ්බායිස්සතිනාසවො.</div>
                </div>
                <div class="paragraph" para="49">
                    <span class="paranum">49</span>
                    <div class="gatha"> ‘‘‘අනන්තදස්සී භගවා, ගොතමො සක්‍යපුඞ්ගවො;</div>
                    <div class="gathalast">විසෙසඤ්ඤූ මහාවීරො, අග්ගට්ඨානෙ ඨපෙස්සති’.</div>
                </div>
                <div class="paragraph" para="50">
                    <span class="paranum">50</span>
                    <div class="gatha"> ‘‘වුට්ඨම්හි 
                        <pb ed="M" n="1.0106"/> දෙවෙ චතුරඞ්ගුලම්හි, තිණෙ අනිලෙරිතඅඞ්ගණම්හි;
                    </div>
                    <div class="gathalast">ඨත්වාන යොගස්ස පයුත්තතාදිනො, තතොත්තරිං පාරමතා න විජ්ජති.</div>
                </div>
                <div class="paragraph" para="51">
                    <span class="paranum">51</span>
                    <div class="gatha"> ‘‘උත්තමෙ දමථෙ දන්තො, චිත්තං මෙ සුපණීහිතං;</div>
                    <div class="gathalast">භාරො මෙ ඔහිතො සබ්බො, නිබ්බුතොම්හි අනාසවො.</div>
                </div>
                <div class="paragraph" para="52">
                    <span class="paranum">52</span>
                    <div class="gatha"> ‘‘අඞ්ගීරසො 
                        <pb ed="V" n="1.0094"/> මහානාගො, අභිජාතොව කෙසරී;
                    </div>
                    <div class="gathalast">භික්ඛුසඞ්ඝෙ නිසීදිත්වා, එතදග්ගෙ ඨපෙසි මං.</div>
                </div>
                <div class="paragraph" para="53">
                    <span class="paranum">53</span>
                    <div class="gatha"> ‘‘පටිසම්භිදා චතස්සො...පෙ.... කතං බුද්ධස්ස සාසනං’’.</div>
                    <div class="bodytext">ඉත්ථං සුදං ආයස්මා සොණො කොළිවිසො 
                        <span class="note">(කොළියවෙස්සො (සී. ස්‍යා.), කොටිකණ්ණො (ක.))</span> ථෙරො ඉමා ගාථායො අභාසිත්ථාති.
                    </div>
                </div>
            </div>
            <div class="centre ct_sutta ending">සොණකොළිවිසත්ථෙරස්සාපදානං දුතියං.</div>
        </div>
        <div class="subhead ct_sutta" node-id="46143">
            <span class="subhead ct_sutta">3. කාළිගොධාපුත්තභද්දියත්ථෙරඅපදානං</span>
            <div class="subhead-contents">
                <div class="paragraph" para="54">
                    <span class="paranum">54</span>
                    <div class="gatha"> ‘‘පදුමුත්තරසම්බුද්ධං 
                        <pb ed="T" n="1.0137"/>, මෙත්තචිත්තං මහාමුනිං;
                    </div>
                    <div class="gathalast">උපෙති ජනතා සබ්බා, සබ්බලොකග්ගනායකං.</div>
                </div>
                <div class="paragraph" para="55">
                    <span class="paranum">55</span>
                    <div class="gatha"> ‘‘සත්තුකඤ්ච බද්ධකඤ්ච 
                        <span class="note">(වත්ථං සෙනාසනඤ්චෙව (සී.), සත්තුකඤ්ච පදකඤ්ච (සී. අට්ඨ.), සත්තුකඤ්ච පවාකඤ්ච (ස්‍යා.))</span>, ආමිසං පානභොජනං;
                    </div>
                    <div class="gathalast">දදන්ති සත්ථුනො සබ්බෙ, පුඤ්ඤක්ඛෙත්තෙ අනුත්තරෙ.</div>
                </div>
                <div class="paragraph" para="56">
                    <span class="paranum">56</span>
                    <div class="gatha"> ‘‘අහම්පි 
                        <pb ed="P" n="1.0096"/> දානං දස්සාමි, දෙවදෙවස්ස තාදිනො;
                    </div>
                    <div class="gathalast">බුද්ධසෙට්ඨං නිමන්තෙත්වා, සඞ්ඝම්පි ච අනුත්තරං.</div>
                </div>
                <div class="paragraph" para="57">
                    <span class="paranum">57</span>
                    <div class="gatha"> ‘‘උය්‍යොජිතා මයා චෙතෙ, නිමන්තෙසුං තථාගතං;</div>
                    <div class="gathalast">කෙවලං භික්ඛුසඞ්ඝඤ්ච, පුඤ්ඤක්ඛෙත්තං අනුත්තරං.</div>
                </div>
                <div class="paragraph" para="58">
                    <span class="paranum">58</span>
                    <div class="gatha"> ‘‘සතසහස්සපල්ලඞ්කං, සොවණ්ණං ගොනකත්ථතං;</div>
                    <div class="gatha">තූලිකාපටලිකාය, ඛොමකප්පාසිකෙහි ච;</div>
                    <div class="gathalast">මහාරහං පඤ්ඤාපයිං, ආසනං බුද්ධයුත්තකං.</div>
                </div>
                <div class="paragraph" para="59">
                    <span class="paranum">59</span>
                    <div class="gatha"> ‘‘පදුමුත්තරො 
                        <pb ed="M" n="1.0107"/> ලොකවිදූ, දෙවදෙවො නරාසභො;
                    </div>
                    <div class="gathalast">භික්ඛුසඞ්ඝපරිබ්‍යූළ්හො, මම ද්වාරමුපාගමි.</div>
                </div>
                <div class="paragraph" para="60">
                    <span class="paranum">60</span>
                    <div class="gatha"> ‘‘පච්චුග්ගන්ත්වාන සම්බුද්ධං, ලොකනාථං යසස්සිනං;</div>
                    <div class="gathalast">පසන්නචිත්තො සුමනො, අභිනාමයිං සඞ්ඝරං 
                        <span class="note">(සකං ඝරං (සී.))</span>.
                    </div>
                </div>
                <div class="paragraph" para="61">
                    <span class="paranum">61</span>
                    <div class="gatha"> ‘‘භික්ඛූනං සතසහස්සං, බුද්ධඤ්ච ලොකනායකං;</div>
                    <div class="gathalast">පසන්නචිත්තො සුමනො, පරමන්නෙන තප්පයිං.</div>
                </div>
                <div class="paragraph" para="62">
                    <span class="paranum">62</span>
                    <div class="gatha"> ‘‘පදුමුත්තරො ලොකවිදූ, ආහුතීනං පටිග්ගහො;</div>
                    <div class="gathalast">භික්ඛුසඞ්ඝෙ 
                        <pb ed="T" n="1.0138"/> නිසීදිත්වා, ඉමා ගාථා අභාසථ.
                    </div>
                </div>
                <div class="paragraph" para="63">
                    <span class="paranum">63</span>
                    <div class="gatha"> ‘‘‘යෙනිදං ආසනං දින්නං, සොවණ්ණං ගොනකත්ථතං;</div>
                    <div class="gathalast">තමහං කිත්තයිස්සාමි, සුණාථ මම භාසතො.</div>
                </div>
                <div class="paragraph" para="64">
                    <span class="paranum">64</span>
                    <div class="gatha"> ‘‘‘චතුසත්තතික්ඛත්තුං 
                        <pb ed="V" n="1.0095"/> සො, දෙවරජ්ජං කරිස්සති;
                    </div>
                    <div class="gathalast">අනුභොස්සති සම්පත්තිං, අච්ඡරාහි පුරක්ඛතො.</div>
                </div>
                <div class="paragraph" para="65">
                    <span class="paranum">65</span>
                    <div class="gatha"> ‘‘‘පදෙසරජ්ජං සහස්සං, වසුධං ආවසිස්සති;</div>
                    <div class="gathalast">එකපඤ්ඤාසක්ඛත්තුඤ්ච, චක්කවත්තී භවිස්සති.</div>
                </div>
                <div class="paragraph" para="66">
                    <span class="paranum">66</span>
                    <div class="gatha"> ‘‘‘සබ්බාසු භවයොනීසු, උච්චාකුලී 
                        <span class="note">(උච්චාකුලෙ (ක.))</span> භවිස්සති;
                    </div>
                    <div class="gatha">සො ච පච්ඡා පබ්බජිත්වා, සුක්කමූලෙන චොදිතො;</div>
                    <div class="gathalast">භද්දියො නාම නාමෙන, හෙස්සති සත්ථු සාවකො.</div>
                </div>
                <div class="paragraph" para="67">
                    <span class="paranum">67</span>
                    <div class="gatha"> ‘‘‘විවෙකමනුයුත්තොම්හි, පන්තසෙනනිවාසහං;</div>
                    <div class="gathalast">ඵලඤ්චාධිගතං සබ්බං, චත්තක්ලෙසොම්හි අජ්ජහං.</div>
                </div>
                <div class="paragraph" para="68">
                    <span class="paranum">68</span>
                    <div class="gatha"> ‘‘‘මම සබ්බං 
                        <span class="note">(කම්මං (?))</span> අභිඤ්ඤාය, සබ්බඤ්ඤූ ලොකනායකො;
                    </div>
                    <div class="gathalast">භික්ඛුසඞ්ඝෙ නිසීදිත්වා, එතදග්ගෙ ඨපෙසි මං’.</div>
                </div>
                <div class="paragraph" para="69">
                    <span class="paranum">69</span>
                    <div class="gatha"> ‘‘පටිසම්භිදා චතස්සො...පෙ.... කතං බුද්ධස්ස සාසනං’’.</div>
                    <div class="bodytext">ඉත්ථං 
                        <pb ed="P" n="1.0097"/> සුදං ආයස්මා භද්දියො කාළිගොධාය පුත්තො ථෙරො ඉමා ගාථායො අභාසිත්ථාති.
                    </div>
                </div>
            </div>
            <div class="centre ct_sutta ending">භද්දියස්ස කාළිගොධාය පුත්තත්ථෙරස්සාපදානං තතියං.</div>
        </div>
        <div class="subhead ct_sutta" node-id="46144">
            <span class="subhead ct_sutta">4. සන්නිට්ඨාපකත්ථෙරඅපදානං</span>
            <div class="subhead-contents">
                <div class="paragraph" para="70">
                    <span class="paranum">70</span>
                    <div class="gatha"> ‘‘අරඤ්ඤෙ 
                        <pb ed="T" n="1.0139"/>
                        <pb ed="M" n="1.0108"/> කුටිකං කත්වා, වසාමි පබ්බතන්තරෙ;
                    </div>
                    <div class="gathalast">ලාභාලාභෙන සන්තුට්ඨො, යසෙන අයසෙන ච.</div>
                </div>
                <div class="paragraph" para="71">
                    <span class="paranum">71</span>
                    <div class="gatha"> ‘‘පදුමුත්තරො ලොකවිදූ, ආහුතීනං පටිග්ගහො;</div>
                    <div class="gathalast">වසීසතසහස්සෙහි 
                        <span class="note">(භික්ඛුසතසහස්සෙහි (ස්‍යා.))</span>, ආගච්ඡි මම සන්තිකං.
                    </div>
                </div>
                <div class="paragraph" para="72">
                    <span class="paranum">72</span>
                    <div class="gatha"> ‘‘උපාගතං මහානාගං 
                        <span class="note">(මහාවීරං (සී.))</span>, ජලජුත්තමනාමකං;
                    </div>
                    <div class="gathalast">තිණසන්ථරං 
                        <span class="note">(තිණත්ථරං (ක.))</span> පඤ්ඤාපෙත්වා, අදාසිං සත්ථුනො අහං.
                    </div>
                </div>
                <div class="paragraph" para="73">
                    <span class="paranum">73</span>
                    <div class="gatha"> ‘‘පසන්නචිත්තො සුමනො, ආමණ්ඩං පානීයඤ්චහං;</div>
                    <div class="gathalast">අදාසිං උජුභූතස්ස, විප්පසන්නෙන චෙතසා.</div>
                </div>
                <div class="paragraph" para="74">
                    <span class="paranum">74</span>
                    <div class="gatha"> ‘‘සතසහස්සිතො කප්පෙ 
                        <span class="note">(සතසහස්සෙ ඉතො කප්පෙ (සී.))</span>, යං දානමදදිං තදා;
                    </div>
                    <div class="gathalast">දුග්ගතිං නාභිජානාමි, ආමණ්ඩස්ස ඉදං ඵලං.</div>
                </div>
                <div class="paragraph" para="75">
                    <span class="paranum">75</span>
                    <div class="gatha"> ‘‘එකතාලීසකප්පම්හි, එකො ආසිං අරින්දමො;</div>
                    <div class="gathalast">සත්තරතනසම්පන්නො, චක්කවත්තී මහබ්බලො.</div>
                </div>
                <div class="paragraph" para="76">
                    <span class="paranum">76</span>
                    <div class="gatha"> ‘‘පටිසම්භිදා 
                        <pb ed="V" n="1.0096"/> චතස්සො...පෙ.... කතං බුද්ධස්ස සාසනං’’.
                    </div>
                    <div class="bodytext">ඉත්ථං සුදං ආයස්මා සන්නිට්ඨාපකො 
                        <span class="note">(සන්නිධාපකො (සී.))</span> ථෙරො ඉමා ගාථායො අභාසිත්ථාති.
                    </div>
                </div>
            </div>
            <div class="centre ct_sutta ending">සන්නිට්ඨාපකත්ථෙරස්සාපදානං චතුත්ථං.</div>
        </div>
        <div class="subhead ct_sutta" node-id="46145">
            <span class="subhead ct_sutta">5. පඤ්චහත්ථියත්ථෙරඅපදානං</span>
            <div class="subhead-contents">
                <div class="paragraph" para="77">
                    <span class="paranum">77</span>
                    <div class="gatha"> ‘‘සුමෙධො 
                        <pb ed="T" n="1.0140"/> නාම සම්බුද්ධො, ගච්ඡතෙ අන්තරාපණෙ;
                    </div>
                    <div class="gathalast">ඔක්ඛිත්තචක්ඛු 
                        <span class="note">(ඛිත්තචක්ඛු (ක. සී. ක.))</span> මිතභාණී, සතිමා සංවුතින්ද්‍රියො.
                    </div>
                </div>
                <div class="paragraph" para="78">
                    <span class="paranum">78</span>
                    <div class="gatha"> ‘‘පඤ්ච උප්පලහත්ථානි, ආවෙළත්ථං අහංසු මෙ;</div>
                    <div class="gathalast">තෙන බුද්ධං අපූජෙසිං, පසන්නො සෙහි පාණිභි.</div>
                </div>
                <div class="paragraph" para="79">
                    <span class="paranum">79</span>
                    <div class="gatha"> ‘‘ආරොපිතා 
                        <pb ed="P" n="1.0098"/> ච තෙ පුප්ඵා, ඡදනං අස්සු සත්ථුනො;
                    </div>
                    <div class="gathalast">සමාධිංසු 
                        <span class="note">(සංසාවිංසු (සී.))</span> මහානාගං, සිස්සා ආචරියං යථා.
                    </div>
                </div>
                <div class="paragraph" para="80">
                    <span class="paranum">80</span>
                    <div class="gatha"> ‘‘තිංසකප්පසහස්සම්හි 
                        <pb ed="M" n="1.0109"/>, යං පුප්ඵමභිරොපයිං;
                    </div>
                    <div class="gathalast">දුග්ගතිං නාභිජානාමි, බුද්ධපූජායිදං ඵලං.</div>
                </div>
                <div class="paragraph" para="81">
                    <span class="paranum">81</span>
                    <div class="gatha"> ‘‘ඉතො වීසකප්පසතෙ, අහෙසුං පඤ්ච ඛත්තියා;</div>
                    <div class="gathalast">හත්ථියා නාම නාමෙන, චක්කවත්තී මහබ්බලා.</div>
                </div>
                <div class="paragraph" para="82">
                    <span class="paranum">82</span>
                    <div class="gatha"> ‘‘පටිසම්භිදා චතස්සො...පෙ.... කතං බුද්ධස්ස සාසනං’’.</div>
                    <div class="bodytext">ඉත්ථං සුදං ආයස්මා පඤ්චහත්ථියො ථෙරො ඉමා ගාථායො අභාසිත්ථාති.</div>
                </div>
            </div>
            <div class="centre ct_sutta ending">පඤ්චහත්ථියත්ථෙරස්සාපදානං පඤ්චමං.</div>
        </div>
        <div class="subhead ct_sutta" node-id="46146">
            <span class="subhead ct_sutta">6. පදුමච්ඡදනියත්ථෙරඅපදානං</span>
            <div class="subhead-contents">
                <div class="paragraph" para="83">
                    <span class="paranum">83</span>
                    <div class="gatha"> ‘‘නිබ්බුතෙ ලොකනාථම්හි, විපස්සිම්හග්ගපුග්ගලෙ;</div>
                    <div class="gathalast">සුඵුල්ලපදුමං ගය්හ, චිතමාරොපයිං අහං.</div>
                </div>
                <div class="paragraph" para="84">
                    <span class="paranum">84</span>
                    <div class="gatha"> ‘‘ආරොපිතෙ 
                        <pb ed="T" n="1.0141"/> ච චිතකෙ, වෙහාසං නභමුග්ගමි;
                    </div>
                    <div class="gathalast">ආකාසෙ ඡදනං 
                        <span class="note">(ආකාසච්ඡදනං (සී.))</span> කත්වා, චිතකම්හි අධාරයි.
                    </div>
                </div>
                <div class="paragraph" para="85">
                    <span class="paranum">85</span>
                    <div class="gatha"> ‘‘එකනවුතිතො කප්පෙ, යං පුප්ඵමභිරොපයිං;</div>
                    <div class="gathalast">දුග්ගතිං නාභිජානාමි, බුද්ධපූජායිදං ඵලං.</div>
                </div>
                <div class="paragraph" para="86">
                    <span class="paranum">86</span>
                    <div class="gatha"> ‘‘සත්තතාලීසිතො 
                        <pb ed="V" n="1.0097"/> කප්පෙ, පදුමිස්සරනාමකො;
                    </div>
                    <div class="gathalast">චාතුරන්තො විජිතාවී, චක්කවත්තී මහබ්බලො.</div>
                </div>
                <div class="paragraph" para="87">
                    <span class="paranum">87</span>
                    <div class="gatha"> ‘‘පටිසම්භිදා චතස්සො...පෙ.... කතං බුද්ධස්ස සාසනං’’.</div>
                    <div class="gathalast">ඉත්ථං සුදං ආයස්මා පදුමච්ඡදනියො ථෙරො ඉමා ගාථායො අභාසිත්ථාති;</div>
                </div>
            </div>
            <div class="centre ct_sutta ending">පදුමච්ඡදනියත්ථෙරස්සාපදානං ඡට්ඨං.</div>
        </div>
        <div class="subhead ct_sutta" node-id="46147">
            <span class="subhead ct_sutta">7. සයනදායකත්ථෙරඅපදානං</span>
            <div class="subhead-contents">
                <div class="paragraph" para="88">
                    <span class="paranum">88</span>
                    <div class="gatha"> ‘‘සිද්ධත්ථස්ස භගවතො, මෙත්තචිත්තස්ස තාදිනො;</div>
                    <div class="gathalast">සයනග්ගං මයා දින්නං, දුස්සභණ්ඩෙහි 
                        <span class="note">(දුස්සභණ්ඩෙන (ස්‍යා.))</span> අත්ථතං.
                    </div>
                </div>
                <div class="paragraph" para="89">
                    <span class="paranum">89</span>
                    <div class="gatha"> ‘‘පටිග්ගහෙසි 
                        <pb ed="M" n="1.0110"/> භගවා, කප්පියං සයනාසනං;
                    </div>
                    <div class="gathalast">උට්ඨාය සයනා 
                        <span class="note">(ආසනා (සී.))</span> තම්හා, වෙහාසං උග්ගමී ජිනො.
                    </div>
                </div>
                <div class="paragraph" para="90">
                    <span class="paranum">90</span>
                    <div class="gatha"> ‘‘චතුන්නවුතිතො 
                        <pb ed="P" n="1.0099"/> කප්පෙ, යං සයනමදාසහං;
                    </div>
                    <div class="gathalast">දුග්ගතිං නාභිජානාමි, සයනස්ස ඉදං ඵලං.</div>
                </div>
                <div class="paragraph" para="91">
                    <span class="paranum">91</span>
                    <div class="gatha"> ‘‘එකපඤ්ඤාසිතො 
                        <pb ed="T" n="1.0142"/> කප්පෙ, වරකො 
                        <span class="note">(වරුණො (සී. ස්‍යා.))</span> දෙවසව්හයො;
                    </div>
                    <div class="gathalast">සත්තරතනසම්පන්නො, චක්කවත්තී මහබ්බලො.</div>
                </div>
                <div class="paragraph" para="92">
                    <span class="paranum">92</span>
                    <div class="gatha"> ‘‘පටිසම්භිදා චතස්සො...පෙ.... කතං බුද්ධස්ස සාසනං’’.</div>
                    <div class="bodytext">ඉත්ථං සුදං ආයස්මා සයනදායකො ථෙරො ඉමා ගාථායො අභාසිත්ථාති.</div>
                </div>
            </div>
            <div class="centre ct_sutta ending">සයනදායකත්ථෙරස්සාපදානං සත්තමං.</div>
        </div>
        <div class="subhead ct_sutta" node-id="46148">
            <span class="subhead ct_sutta">8. චඞ්කමනදායකත්ථෙරඅපදානං</span>
            <div class="subhead-contents">
                <div class="paragraph" para="93">
                    <span class="paranum">93</span>
                    <div class="gatha"> ‘‘අත්ථදස්සිස්ස මුනිනො, ලොකජෙට්ඨස්ස තාදිනො;</div>
                    <div class="gathalast">ඉට්ඨකාහි චිනිත්වාන, චඞ්කමං කාරයිං අහං.</div>
                </div>
                <div class="paragraph" para="94">
                    <span class="paranum">94</span>
                    <div class="gatha"> ‘‘උච්චතො පඤ්චරතනං, චඞ්කමං සාධුමාපිතං;</div>
                    <div class="gathalast">ආයාමතො හත්ථසතං, භාවනීය්‍යං මනොරමං.</div>
                </div>
                <div class="paragraph" para="95">
                    <span class="paranum">95</span>
                    <div class="gatha"> ‘‘පටිග්ගහෙසි භගවා, අත්ථදස්සී නරුත්තමො;</div>
                    <div class="gathalast">හත්ථෙන පුලිනං ගය්හ, ඉමා ගාථා අභාසථ.</div>
                </div>
                <div class="paragraph" para="96">
                    <span class="paranum">96</span>
                    <div class="gatha"> ‘‘‘ඉමිනා 
                        <pb ed="V" n="1.0098"/> පුලිනදානෙන, චඞ්කමං සුකතෙන ච;
                    </div>
                    <div class="gathalast">සත්තරතනසම්පන්නං, පුලිනං අනුභොස්සති.</div>
                </div>
                <div class="paragraph" para="97">
                    <span class="paranum">97</span>
                    <div class="gatha"> ‘‘‘තීණි කප්පානි දෙවෙසු, දෙවරජ්ජං කරිස්සති;</div>
                    <div class="gathalast">අනුභොස්සති සම්පත්තිං, අච්ඡරාහි පුරක්ඛතො.</div>
                </div>
                <div class="paragraph" para="98">
                    <span class="paranum">98</span>
                    <div class="gatha"> ‘‘‘මනුස්සලොකමාගන්ත්වා 
                        <pb ed="T" n="1.0143"/>, රාජා රට්ඨෙ භවිස්සති;
                    </div>
                    <div class="gathalast">තික්ඛත්තුං චක්කවත්තී ච, මහියා සො භවිස්සති’.</div>
                </div>
                <div class="paragraph" para="99">
                    <span class="paranum">99</span>
                    <div class="gatha"> ‘‘අට්ඨාරසෙ කප්පසතෙ, යං කම්මමකරිං තදා;</div>
                    <div class="gathalast">දුග්ගතිං නාභිජානාමි, චඞ්කමස්ස ඉදං ඵලං.</div>
                </div>
                <div class="paragraph" para="100">
                    <span class="paranum">100</span>
                    <div class="gatha"> ‘‘පටිසම්භිදා 
                        <pb ed="M" n="1.0111"/> චතස්සො...පෙ.... කතං බුද්ධස්ස සාසනං’’.
                    </div>
                    <div class="bodytext">ඉත්ථං සුදං ආයස්මා චඞ්කමනදායකො ථෙරො ඉමා ගාථායො අභාසිත්ථාති.</div>
                </div>
            </div>
            <div class="centre ct_sutta ending">චඞ්කමනදායකත්ථෙරස්සාපදානං අට්ඨමං.</div>
        </div>
        <div class="subhead ct_sutta" node-id="46149">
            <span class="subhead ct_sutta">9. සුභද්දත්ථෙරඅපදානං</span>
            <div class="subhead-contents">
                <div class="paragraph" para="101">
                    <span class="paranum">101</span>
                    <div class="gatha"> ‘‘පදුමුත්තරො 
                        <pb ed="P" n="1.0100"/> ලොකවිදූ, ආහුතීනං පටිග්ගහො;
                    </div>
                    <div class="gathalast">ජනතං උද්ධරිත්වාන, නිබ්බායති මහායසො.</div>
                </div>
                <div class="paragraph" para="102">
                    <span class="paranum">102</span>
                    <div class="gatha"> ‘‘නිබ්බායන්තෙ ච සම්බුද්ධෙ, දසසහස්සි කම්පථ;</div>
                    <div class="gathalast">ජනකායො මහා ආසි, දෙවා සන්නිපතුං තදා.</div>
                </div>
                <div class="paragraph" para="103">
                    <span class="paranum">103</span>
                    <div class="gatha"> ‘‘චන්දනං පූරයිත්වාන, තගරාමල්ලිකාහි ච;</div>
                    <div class="gathalast">හට්ඨො හට්ඨෙන චිත්තෙන, ආරොපයිං 
                        <span class="note">(ආලෙපෙසිං (සී.), ආරොපෙසිං (ස්‍යා.))</span> නරුත්තමං.
                    </div>
                </div>
                <div class="paragraph" para="104">
                    <span class="paranum">104</span>
                    <div class="gatha"> ‘‘මම සඞ්කප්පමඤ්ඤාය, සත්ථා ලොකෙ අනුත්තරො;</div>
                    <div class="gathalast">නිපන්නකොව සම්බුද්ධො, ඉමා ගාථා අභාසථ.</div>
                </div>
                <div class="paragraph" para="105">
                    <span class="paranum">105</span>
                    <div class="gatha"> ‘‘‘යො 
                        <pb ed="T" n="1.0144"/> මෙ පච්ඡිමකෙ කාලෙ, ගන්ධමාලෙන 
                        <span class="note">(ගන්ධමල්ලෙන (ස්‍යා. ක.) නපුංසකෙකත්තං මනසිකාතබ්බං)</span> ඡාදයි;
                    </div>
                    <div class="gathalast">තමහං කිත්තයිස්සාමි, සුණාථ මම භාසතො.</div>
                </div>
                <div class="paragraph" para="106">
                    <span class="paranum">106</span>
                    <div class="gatha"> ‘‘‘ඉතො චුතො අයං පොසො, තුසිතකායං ගමිස්සති;</div>
                    <div class="gathalast">තත්ථ රජ්ජං කරිත්වාන, නිම්මානං සො ගමිස්සති.</div>
                </div>
                <div class="paragraph" para="107">
                    <span class="paranum">107</span>
                    <div class="gatha"> ‘‘‘එතෙනෙව උපායෙන, දත්වා මාලං 
                        <span class="note">(මල්‍යං (සී.), මල්ලං (ස්‍යා. ක.))</span> වරුත්තමං;
                    </div>
                    <div class="gathalast">සකකම්මාභිරද්ධො සො, සම්පත්තිං අනුභොස්සති.</div>
                </div>
                <div class="paragraph" para="108">
                    <span class="paranum">108</span>
                    <div class="gatha"> ‘‘‘පුනාපි 
                        <pb ed="V" n="1.0099"/> තුසිතෙ කායෙ, නිබ්බත්තිස්සතියං නරො;
                    </div>
                    <div class="gathalast">තම්හා කායා චවිත්වාන, මනුස්සත්තං ගමිස්සති.</div>
                </div>
                <div class="paragraph" para="109">
                    <span class="paranum">109</span>
                    <div class="gatha"> ‘‘‘සක්‍යපුත්තො මහානාගො, අග්ගො ලොකෙ සදෙවකෙ;</div>
                    <div class="gathalast">බොධයිත්වා බහූ සත්තෙ, නිබ්බායිස්සති චක්ඛුමා.</div>
                </div>
                <div class="paragraph" para="110">
                    <span class="paranum">110</span>
                    <div class="gatha"> ‘‘‘තදා 
                        <pb ed="M" n="1.0112"/> සොපගතො සන්තො, සුක්කමූලෙන චොදිතො;
                    </div>
                    <div class="gathalast">උපසඞ්කම්ම සම්බුද්ධං, පඤ්හං පුච්ඡිස්සති තදා.</div>
                </div>
                <div class="paragraph" para="111">
                    <span class="paranum">111</span>
                    <div class="gatha"> ‘‘‘හාසයිත්වාන සම්බුද්ධො, සබ්බඤ්ඤූ ලොකනායකො;</div>
                    <div class="gathalast">පුඤ්ඤකම්මං පරිඤ්ඤාය, සච්චානි විවරිස්සති.</div>
                </div>
                <div class="paragraph" para="112">
                    <span class="paranum">112</span>
                    <div class="gatha"> ‘‘‘ආරද්ධො ච අයං පඤ්හො, තුට්ඨො එකග්ගමානසො;</div>
                    <div class="gathalast">සත්ථාරං අභිවාදෙත්වා, පබ්බජ්ජං යාචයිස්සති.</div>
                </div>
                <div class="paragraph" para="113">
                    <span class="paranum">113</span>
                    <div class="gatha"> ‘‘‘පසන්නමානසං දිස්වා, සකකම්මෙන තොසිතං;</div>
                    <div class="gathalast">පබ්බාජෙස්සති සො බුද්ධො, අග්ගමග්ගස්ස කොවිදො.</div>
                </div>
                <div class="paragraph" para="114">
                    <span class="paranum">114</span>
                    <div class="gatha"> ‘‘‘වායමිත්වානයං පොසො, සම්මාසම්බුද්ධසාසනෙ;</div>
                    <div class="gathalast">සබ්බාසවෙ පරිඤ්ඤාය, නිබ්බායිස්සතිනාසවො’.</div>
                </div>
                <div class="centre ending">පඤ්චමභාණවාරං.</div>
                <div class="paragraph" para="115">
                    <span class="paranum">115</span>
                    <div class="gatha"> ‘‘පුබ්බකම්මෙන 
                        <pb ed="T" n="1.0145"/>
                        <pb ed="P" n="1.0101"/> සංයුත්තො, එකග්ගො සුසමාහිතො;
                    </div>
                    <div class="gathalast">බුද්ධස්ස ඔරසො පුත්තො, ධම්මජොම්හි සුනිම්මිතො.</div>
                </div>
                <div class="paragraph" para="116">
                    <span class="paranum">116</span>
                    <div class="gatha"> ‘‘ධම්මරාජං උපගම්ම, අපුච්ඡිං පඤ්හමුත්තමං;</div>
                    <div class="gathalast">කථයන්තො ච මෙ පඤ්හං, ධම්මසොතං උපානයි.</div>
                </div>
                <div class="paragraph" para="117">
                    <span class="paranum">117</span>
                    <div class="gatha"> ‘‘තස්සාහං ධම්මමඤ්ඤාය, විහාසිං සාසනෙ රතො;</div>
                    <div class="gathalast">සබ්බාසවෙ පරිඤ්ඤාය, විහරාමි අනාසවො.</div>
                </div>
                <div class="paragraph" para="118">
                    <span class="paranum">118</span>
                    <div class="gatha"> ‘‘සතසහස්සිතො කප්පෙ, ජලජුත්තමනායකො;</div>
                    <div class="gathalast">නිබ්බායි අනුපාදානො, දීපොව තෙලසඞ්ඛයා.</div>
                </div>
                <div class="paragraph" para="119">
                    <span class="paranum">119</span>
                    <div class="gatha"> ‘‘සත්තයොජනිකං ආසි, ථූපඤ්ච රතනාමයං;</div>
                    <div class="gathalast">ධජං තත්ථ අපූජෙසිං, සබ්බභද්දං මනොරමං.</div>
                </div>
                <div class="paragraph" para="120">
                    <span class="paranum">120</span>
                    <div class="gatha"> ‘‘කස්සපස්ස ච බුද්ධස්ස, තිස්සො නාමග්ගසාවකො;</div>
                    <div class="gathalast">පුත්තො මෙ ඔරසො ආසි, දායාදො ජිනසාසනෙ.</div>
                </div>
                <div class="paragraph" para="121">
                    <span class="paranum">121</span>
                    <div class="gatha"> ‘‘තස්ස හීනෙන මනසා, වාචං භාසිං අභද්දකං;</div>
                    <div class="gathalast">තෙන කම්මවිපාකෙන, පච්ඡා මෙ ආසි භද්දකං 
                        <span class="note">(පච්ඡිමෙ අද්දසං ජිනං (සී.))</span>.
                    </div>
                </div>
                <div class="paragraph" para="122">
                    <span class="paranum">122</span>
                    <div class="gatha"> ‘‘උපවත්තනෙ 
                        <pb ed="V" n="1.0100"/> සාලවනෙ, පච්ඡිමෙ සයනෙ මුනි;
                    </div>
                    <div class="gathalast">පබ්බාජෙසි මහාවීරො, හිතො කාරුණිකො ජිනො.</div>
                </div>
                <div class="paragraph" para="123">
                    <span class="paranum">123</span>
                    <div class="gatha"> ‘‘අජ්ජෙව 
                        <pb ed="M" n="1.0113"/> දානි පබ්බජ්ජා, අජ්ජෙව උපසම්පදා;
                    </div>
                    <div class="gathalast">අජ්ජෙව පරිනිබ්බානං, සම්මුඛා ද්විපදුත්තමෙ.</div>
                </div>
                <div class="paragraph" para="124">
                    <span class="paranum">124</span>
                    <div class="gatha"> ‘‘පටිසම්භිදා චතස්සො...පෙ.... කතං බුද්ධස්ස සාසනං’’.</div>
                    <div class="bodytext">ඉත්ථං 
                        <pb ed="T" n="1.0146"/> සුදං ආයස්මා සුභද්දො ථෙරො ඉමා ගාථායො අභාසිත්ථාති.
                    </div>
                </div>
            </div>
            <div class="centre ct_sutta ending">සුභද්දත්ථෙරස්සාපදානං නවමං.</div>
        </div>
        <div class="subhead ct_sutta" node-id="461410">
            <span class="subhead ct_sutta">10. චුන්දත්ථෙරඅපදානං</span>
            <div class="subhead-contents">
                <div class="paragraph" para="125">
                    <span class="paranum">125</span>
                    <div class="gatha"> ‘‘සිද්ධත්ථස්ස භගවතො, ලොකජෙට්ඨස්ස තාදිනො;</div>
                    <div class="gathalast">අග්ඝියං කාරයිත්වාන, ජාතිපුප්ඵෙහි ඡාදයිං.</div>
                </div>
                <div class="paragraph" para="126">
                    <span class="paranum">126</span>
                    <div class="gatha"> ‘‘නිට්ඨාපෙත්වාන තං පුප්ඵං, බුද්ධස්ස උපනාමයිං;</div>
                    <div class="gathalast">පුප්ඵාවසෙසං පග්ගය්හ, බුද්ධස්ස අභිරොපයිං.</div>
                </div>
                <div class="paragraph" para="127">
                    <span class="paranum">127</span>
                    <div class="gatha"> ‘‘කඤ්චනග්ඝියසඞ්කාසං 
                        <pb ed="P" n="1.0102"/>, බුද්ධං ලොකග්ගනායකං;
                    </div>
                    <div class="gathalast">පසන්නචිත්තො සුමනො, පුප්ඵග්ඝියමුපානයිං.</div>
                </div>
                <div class="paragraph" para="128">
                    <span class="paranum">128</span>
                    <div class="gatha"> ‘‘විතිණ්ණකඞ්ඛො සම්බුද්ධො, තිණ්ණොඝෙහි පුරක්ඛතො;</div>
                    <div class="gathalast">භික්ඛුසඞ්ඝෙ නිසීදිත්වා, ඉමා ගාථා අභාසථ.</div>
                </div>
                <div class="paragraph" para="129">
                    <span class="paranum">129</span>
                    <div class="gatha"> ‘‘‘දිබ්බගන්ධං පවායන්තං, යො මෙ පුප්ඵග්ඝියං අදා;</div>
                    <div class="gathalast">තමහං කිත්තයිස්සාමි, සුණාථ මම භාසතො.</div>
                </div>
                <div class="paragraph" para="130">
                    <span class="paranum">130</span>
                    <div class="gatha"> ‘‘‘ඉතො චුතො අයං පොසො, දෙවසඞ්ඝපුරක්ඛතො;</div>
                    <div class="gathalast">ජාතිපුප්ඵෙහි පරිකිණ්ණො, දෙවලොකං ගමිස්සති.</div>
                </div>
                <div class="paragraph" para="131">
                    <span class="paranum">131</span>
                    <div class="gatha"> ‘‘‘උබ්බිද්ධං භවනං තස්ස, සොවණ්ණඤ්ච මණීමයං;</div>
                    <div class="gathalast">බ්‍යම්හං පාතුභවිස්සති, පුඤ්ඤකම්මප්පභාවිතං.</div>
                </div>
                <div class="paragraph" para="132">
                    <span class="paranum">132</span>
                    <div class="gatha"> ‘‘‘චතුසත්තතික්ඛත්තුං 
                        <pb ed="T" n="1.0147"/> සො, දෙවරජ්ජං කරිස්සති;
                    </div>
                    <div class="gathalast">අනුභොස්සති සම්පත්තිං, අච්ඡරාහි පුරක්ඛතො.</div>
                </div>
                <div class="paragraph" para="133">
                    <span class="paranum">133</span>
                    <div class="gatha"> ‘‘‘පථබ්‍යා රජ්ජං තිසතං, වසුධං ආවසිස්සති;</div>
                    <div class="gathalast">පඤ්චසත්තතික්ඛත්තුඤ්ච, චක්කවත්තී භවිස්සති.</div>
                </div>
                <div class="paragraph" para="134">
                    <span class="paranum">134</span>
                    <div class="gatha"> ‘‘‘දුජ්ජයො 
                        <pb ed="V" n="1.0101"/> නාම නාමෙන, හෙස්සති මනුජාධිපො;
                    </div>
                    <div class="gathalast">අනුභොත්වාන තං පුඤ්ඤං, සකකම්මං අපස්සිතො 
                        <span class="note">(සකකම්මූපසංහිතො (ස්‍යා.))</span>.
                    </div>
                </div>
                <div class="paragraph" para="135">
                    <span class="paranum">135</span>
                    <div class="gatha"> ‘‘‘විනිපාතං 
                        <pb ed="M" n="1.0114"/> අගන්ත්වාන, මනුස්සත්තං ගමිස්සති;
                    </div>
                    <div class="gathalast">හිරඤ්ඤං තස්ස 
                        <span class="note">(හිරඤ්ඤස්ස ච (සී. ක.))</span> නිචිතං, කොටිසතමනප්පකං.
                    </div>
                </div>
                <div class="paragraph" para="136">
                    <span class="paranum">136</span>
                    <div class="gatha"> ‘‘‘නිබ්බත්තිස්සති යොනිම්හි, බ්‍රාහ්මණෙ සො භවිස්සති;</div>
                    <div class="gathalast">වඞ්ගන්තස්ස සුතො ධීමා, සාරියා ඔරසො පියො.</div>
                </div>
                <div class="paragraph" para="137">
                    <span class="paranum">137</span>
                    <div class="gatha"> ‘‘‘සො ච පච්ඡා පබ්බජිත්වා, අඞ්ගීරසස්ස සාසනෙ;</div>
                    <div class="gathalast">චූළචුන්දොති 
                        <span class="note">(චූලචුන්දොති (සී.))</span> නාමෙන, හෙස්සති සත්ථු සාවකො.
                    </div>
                </div>
                <div class="paragraph" para="138">
                    <span class="paranum">138</span>
                    <div class="gatha"> ‘‘‘සාමණෙරොව සො සන්තො, ඛීණාසවො භවිස්සති;</div>
                    <div class="gathalast">සබ්බාසවෙ පරිඤ්ඤාය, නිබ්බායිස්සතිනාසවො’.</div>
                </div>
                <div class="paragraph" para="139">
                    <span class="paranum">139</span>
                    <div class="gatha"> ‘‘උපට්ඨහිං මහාවීරං, අඤ්ඤෙ ච පෙසලෙ බහූ;</div>
                    <div class="gathalast">භාතරං මෙ චුපට්ඨාසිං, උත්තමත්ථස්ස පත්තියා.</div>
                </div>
                <div class="paragraph" para="140">
                    <span class="paranum">140</span>
                    <div class="gatha"> ‘‘භාතරං මෙ උපට්ඨිත්වා, ධාතුං පත්තම්හි ඔහිය 
                        <span class="note">(ඔපිය (සී.), ඔචිය (ස්‍යා.))</span>;
                    </div>
                    <div class="gathalast">සම්බුද්ධං උපනාමෙසිං, ලොකජෙට්ඨං නරාසභං.</div>
                </div>
                <div class="paragraph" para="141">
                    <span class="paranum">141</span>
                    <div class="gatha"> ‘‘උභො 
                        <pb ed="P" n="1.0103"/> හත්ථෙහි පග්ගය්හ, බුද්ධො ලොකෙ සදෙවකෙ;
                    </div>
                    <div class="gathalast">සන්දස්සයන්තො තං ධාතුං, කිත්තයි අග්ගසාවකං.</div>
                </div>
                <div class="paragraph" para="142">
                    <span class="paranum">142</span>
                    <div class="gatha"> ‘‘චිත්තඤ්ච 
                        <pb ed="T" n="1.0148"/> සුවිමුත්තං මෙ, සද්ධා මය්හං පතිට්ඨිතා;
                    </div>
                    <div class="gathalast">සබ්බාසවෙ පරිඤ්ඤාය, විහරාමි අනාසවො.</div>
                </div>
                <div class="paragraph" para="143">
                    <span class="paranum">143</span>
                    <div class="gatha"> ‘‘පටිසම්භිදානුප්පත්තා, විමොක්ඛාපි ච ඵස්සිතා 
                        <span class="note">(පටිසම්භිදා චතස්සො, විමොක්ඛාපි ච අට්ඨිමෙ (ස්‍යා.))</span>;
                    </div>
                    <div class="gathalast">ඡළභිඤ්ඤා සච්ඡිකතා, කතං බුද්ධස්ස සාසනං’’.</div>
                    <div class="bodytext">ඉත්ථං සුදං ආයස්මා චුන්දො ථෙරො ඉමා ගාථායො අභාසිත්ථාති.</div>
                </div>
            </div>
            <div class="centre ct_sutta ending">චුන්දත්ථෙරස්සාපදානං දසමං.</div>
        </div>
    </div>
    <div class="centre ct_vagga ending">උපාලිවග්ගො පඤ්චමො.</div>
    <div class="paragraph udana" para="udana">
        <div class="bodytext ct_vagga">තස්සුද්දානං -</div>
        <div class="ct_vagga gatha">උපාලි සොණො භද්දියො, සන්නිට්ඨාපකහත්ථියො;</div>
        <div class="ct_vagga gatha">ඡදනං සෙය්‍යචඞ්කමං, සුභද්දො චුන්දසව්හයො;</div>
        <div class="gathalast ct_vagga">ගාථාසතං සතාලීසං 
            <span class="note">(ච තාලීසං (සී. ස්‍යා.))</span>, චතස්සො ච තදුත්තරි.
        </div>
    </div>
</div>