<div class="chapter ct_vagga" node-id="32200">
    <span class="chapter ct_vagga">11. රාගපෙය්‍යාලං</span>
    <div class="chapter-contents">
        <div class="paragraph" para="623">
            <span class="paranum">623</span>
            <div class="bodytext"> ‘‘රාගස්ස 
                <pb ed="V" n="2.0277"/>
                <pb ed="P" n="4.0148"/>, භික්ඛවෙ, අභිඤ්ඤාය සත්ත ධම්මා භාවෙතබ්බා. කතමෙ සත්ත? සතිසම්බොජ්ඣඞ්ගො...පෙ.... උපෙක්ඛාසම්බොජ්ඣඞ්ගො - රාගස්ස, භික්ඛවෙ, අභිඤ්ඤාය ඉමෙ සත්ත ධම්මා භාවෙතබ්බා’’ති.
            </div>
        </div>
        <div class="paragraph" para="624">
            <span class="paranum">624</span>
            <div class="bodytext"> ‘‘රාගස්ස, භික්ඛවෙ, අභිඤ්ඤාය සත්ත ධම්මා භාවෙතබ්බා. කතමෙ 
                <pb ed="T" n="4.0150"/> සත්ත? අනිච්චසඤ්ඤා, අනත්තසඤ්ඤා, අසුභසඤ්ඤා, ආදීනවසඤ්ඤා, පහානසඤ්ඤා, විරාගසඤ්ඤා, නිරොධසඤ්ඤා - රාගස්ස, භික්ඛවෙ, අභිඤ්ඤාය ඉමෙ සත්ත ධම්මා භාවෙතබ්බා’’ති.
            </div>
        </div>
        <div class="paragraph" para="625">
            <span class="paranum">625</span>
            <div class="bodytext"> ‘‘රාගස්ස 
                <pb ed="M" n="2.0513"/>, භික්ඛවෙ, අභිඤ්ඤාය සත්ත ධම්මා භාවෙතබ්බා. කතමෙ සත්ත? අසුභසඤ්ඤා, මරණසඤ්ඤා, ආහාරෙ පටිකූලසඤ්ඤා, සබ්බලොකෙ අනභිරතසඤ්ඤා, අනිච්චසඤ්ඤා, අනිච්චෙ දුක්ඛසඤ්ඤා, දුක්ඛෙ අනත්තසඤ්ඤා - රාගස්ස, භික්ඛවෙ, අභිඤ්ඤාය ඉමෙ සත්ත ධම්මා භාවෙතබ්බා’’ති.
            </div>
        </div>
        <div class="paragraph" para="626-652">
            <span class="paranum">626-652</span>
            <div class="bodytext"> ‘‘රාගස්ස, භික්ඛවෙ, පරිඤ්ඤාය...පෙ.... පරික්ඛයාය... පහානාය... ඛයාය... වයාය... විරාගාය... නිරොධාය... චාගාය...පෙ.... පටිනිස්සග්ගාය ඉමෙ සත්ත ධම්මා භාවෙතබ්බා’’ති.</div>
        </div>
        <div class="paragraph" para="653-1132">
            <span class="paranum">653-1132</span>
            <div class="bodytext"> ‘‘දොසස්ස...පෙ.... මොහස්ස... කොධස්ස... උපනාහස්ස... මක්ඛස්ස... පළාසස්ස... ඉස්සාය... මච්ඡරියස්ස... මායාය... සාඨෙය්‍යස්ස... ථම්භස්ස... සාරම්භස්ස... මානස්ස... අතිමානස්ස... මදස්ස... පමාදස්ස අභිඤ්ඤාය...පෙ.... පරිඤ්ඤාය... පරික්ඛයාය... පහානාය... ඛයාය... වයාය... විරාගාය... නිරොධාය... චාගාය... පටිනිස්සග්ගාය ඉමෙ සත්ත ධම්මා භාවෙතබ්බා’’ති.</div>
            <div class="bodytext">ඉදමවොච 
                <pb ed="V" n="2.0278"/>
                <pb ed="P" n="4.0149"/> භගවා. අත්තමනා තෙ භික්ඛූ භගවතො භාසිතං අභිනන්දුන්ති.
            </div>
        </div>
    </div>
    <div class="centre ct_vagga ending">රාගපෙය්‍යාලං නිට්ඨිතං.</div>
</div>
<chapter-ending/>
<div class="centre ct_book ending">සත්තකනිපාතපාළි නිට්ඨිතා.</div>