<div class="chapter ct_vagga" node-id="46330">
    <span class="chapter ct_vagga">24. උදකාසනවග්ගො</span>
    <div class="chapter-contents">
        <div class="subhead ct_sutta" node-id="46331">
            <span class="subhead ct_sutta">1. උදකාසනදායකත්ථෙරඅපදානං</span>
            <div class="subhead-contents">
                <div class="paragraph" para="1">
                    <span class="paranum">1</span>
                    <div class="gatha"> ‘‘ආරාමද්වාරා 
                        <pb ed="M" n="1.0245"/>
                        <pb ed="V" n="1.0229"/>
                        <pb ed="P" n="1.0218"/> නික්ඛම්ම, ඵලකං සන්ථරිං අහං;
                    </div>
                    <div class="gathalast">උදකඤ්ච උපට්ඨාසිං, උත්තමත්ථස්ස පත්තියා.</div>
                </div>
                <div class="paragraph" para="2">
                    <span class="paranum">2</span>
                    <div class="gatha"> ‘‘එකත්තිංසෙ ඉතො කප්පෙ, යං කම්මමකරිං තදා;</div>
                    <div class="gathalast">දුග්ගතිං නාභිජානාමි, ආසනෙ චොදකෙ ඵලං.</div>
                </div>
                <div class="paragraph" para="3">
                    <span class="paranum">3</span>
                    <div class="gatha"> ‘‘ඉතො පන්නරසෙ කප්පෙ, අභිසාමසමව්හයො;</div>
                    <div class="gathalast">සත්තරතනසම්පන්නො, චක්කවත්තී මහබ්බලො.</div>
                </div>
                <div class="paragraph" para="4">
                    <span class="paranum">4</span>
                    <div class="gatha"> ‘‘පටිසම්භිදා චතස්සො, විමොක්ඛාපි ච අට්ඨිමෙ;</div>
                    <div class="gathalast">ඡළභිඤ්ඤා සච්ඡිකතා, කතං බුද්ධස්ස සාසනං’’.</div>
                    <div class="bodytext">ඉත්ථං සුදං ආයස්මා උදකාසනදායකො ථෙරො ඉමා ගාථායො අභාසිත්ථාති.</div>
                </div>
            </div>
            <div class="centre ct_sutta ending">උදකාසනදායකත්ථෙරස්සාපදානං පඨමං.</div>
        </div>
        <div class="subhead ct_sutta" node-id="46332">
            <span class="subhead ct_sutta">2. භාජනපාලකත්ථෙරඅපදානං</span>
            <div class="subhead-contents">
                <div class="paragraph" para="5">
                    <span class="paranum">5</span>
                    <div class="gatha"> ‘‘නගරෙ 
                        <pb ed="T" n="1.0327"/> බන්ධුමතියා, කුම්භකාරො අහං තදා;
                    </div>
                    <div class="gathalast">භාජනං අනුපාලෙසිං, භික්ඛුසඞ්ඝස්ස තාවදෙ.</div>
                </div>
                <div class="paragraph" para="6">
                    <span class="paranum">6</span>
                    <div class="gatha"> ‘‘එකනවුතිතො කප්පෙ, භාජනං අනුපාලයිං;</div>
                    <div class="gathalast">දුග්ගතිං නාභිජානාමි, භාජනස්ස ඉදං ඵලං.</div>
                </div>
                <div class="paragraph" para="7">
                    <span class="paranum">7</span>
                    <div class="gatha"> ‘‘තෙපඤ්ඤාසෙ ඉතො කප්පෙ, අනන්තජාලිනාමකො;</div>
                    <div class="gathalast">සත්තරතනසම්පන්නො, චක්කවත්තී මහබ්බලො.</div>
                </div>
                <div class="paragraph" para="8">
                    <span class="paranum">8</span>
                    <div class="gatha"> ‘‘පටිසම්භිදා චතස්සො...පෙ.... කතං බුද්ධස්ස සාසනං’’.</div>
                    <div class="bodytext">ඉත්ථං සුදං ආයස්මා භාජනපාලකො 
                        <span class="note">(භාජනදායකො (සී. ස්‍යා.))</span> ථෙරො ඉමා ගාථායො අභාසිත්ථාති.
                    </div>
                </div>
            </div>
            <div class="centre ct_sutta ending">භාජනපාලකත්ථෙරස්සාපදානං දුතියං.</div>
        </div>
        <div class="subhead ct_sutta" node-id="46333">
            <span class="subhead ct_sutta">3. සාලපුප්ඵියත්ථෙරඅපදානං</span>
            <div class="subhead-contents">
                <div class="paragraph" para="9">
                    <span class="paranum">9</span>
                    <div class="gatha"> ‘‘අරුණවතියා 
                        <pb ed="M" n="1.0246"/>
                        <pb ed="V" n="1.0230"/> නගරෙ, අහොසිං පූපිකො තදා;
                    </div>
                    <div class="gathalast">මම ද්වාරෙන ගච්ඡන්තං, සිඛිනං අද්දසං ජිනං.</div>
                </div>
                <div class="paragraph" para="10">
                    <span class="paranum">10</span>
                    <div class="gatha"> ‘‘බුද්ධස්ස පත්තං පග්ගය්හ, සාලපුප්ඵං අදාසහං;</div>
                    <div class="gathalast">සම්මග්ගතස්ස බුද්ධස්ස, විප්පසන්නෙන චෙතසා.</div>
                </div>
                <div class="paragraph" para="11">
                    <span class="paranum">11</span>
                    <div class="gatha"> ‘‘එකත්තිංසෙ 
                        <pb ed="T" n="1.0328"/>
                        <pb ed="P" n="1.0219"/> ඉතො කප්පෙ, යං පුප්ඵමභිදාසහං 
                        <span class="note">(යං ඛජ්ජකමදාසහං (සී.), යං ඛජ්ජමභිදාසහං (ක.) සාලපුප්ඵනාමකං ඛජ්ජකං වා භවෙය්‍ය)</span>;
                    </div>
                    <div class="gathalast">දුග්ගතිං නාභිජානාමි, සාලපුප්ඵස්සිදං ඵලං.</div>
                </div>
                <div class="paragraph" para="12">
                    <span class="paranum">12</span>
                    <div class="gatha"> ‘‘ඉතො චුද්දසකප්පම්හි, අහොසිං අමිතඤ්ජලො;</div>
                    <div class="gathalast">සත්තරතනසම්පන්නො, චක්කවත්තී මහබ්බලො.</div>
                </div>
                <div class="paragraph" para="13">
                    <span class="paranum">13</span>
                    <div class="gatha"> ‘‘පටිසම්භිදා චතස්සො...පෙ.... කතං බුද්ධස්ස සාසනං’’.</div>
                    <div class="bodytext">ඉත්ථං සුදං ආයස්මා සාලපුප්ඵියො ථෙරො ඉමා ගාථායො අභාසිත්ථාති.</div>
                </div>
            </div>
            <div class="centre ct_sutta ending">සාලපුප්ඵියත්ථෙරස්සාපදානං තතියං.</div>
        </div>
        <div class="subhead ct_sutta" node-id="46334">
            <span class="subhead ct_sutta">4. කිලඤ්ජදායකත්ථෙරඅපදානං</span>
            <div class="subhead-contents">
                <div class="paragraph" para="14">
                    <span class="paranum">14</span>
                    <div class="gatha"> ‘‘තිවරායං පුරෙ රම්මෙ, නළකාරො අහං තදා;</div>
                    <div class="gathalast">සිද්ධත්ථෙ ලොකපජ්ජොතෙ, පසන්නා ජනතා තහිං.</div>
                </div>
                <div class="paragraph" para="15">
                    <span class="paranum">15</span>
                    <div class="gatha"> ‘‘පූජත්ථං ලොකනාථස්ස, කිලඤ්ජං පරියෙසති;</div>
                    <div class="gathalast">බුද්ධපූජං කරොන්තානං, කිලඤ්ජං අදදිං අහං.</div>
                </div>
                <div class="paragraph" para="16">
                    <span class="paranum">16</span>
                    <div class="gatha"> ‘‘චතුන්නවුතිතො කප්පෙ, යං කම්මමකරිං තදා;</div>
                    <div class="gathalast">දුග්ගතිං නාභිජානාමි, කිලඤ්ජස්ස ඉදං ඵලං.</div>
                </div>
                <div class="paragraph" para="17">
                    <span class="paranum">17</span>
                    <div class="gatha"> ‘‘සත්තසත්තතිකප්පම්හි, රාජා ආසිං ජලද්ධරො 
                        <span class="note">(ජුතින්ධරො (සී.))</span>;
                    </div>
                    <div class="gathalast">සත්තරතනසම්පන්නො, චක්කවත්තී මහබ්බලො.</div>
                </div>
                <div class="paragraph" para="18">
                    <span class="paranum">18</span>
                    <div class="gatha"> ‘‘පටිසම්භිදා 
                        <pb ed="T" n="1.0329"/> චතස්සො...පෙ.... කතං බුද්ධස්ස සාසනං’’.
                    </div>
                    <div class="bodytext">ඉත්ථං සුදං ආයස්මා කිලඤ්ජදායකො ථෙරො ඉමා ගාථායො අභාසිත්ථාති.</div>
                </div>
            </div>
            <div class="centre ct_sutta ending">කිලඤ්ජදායකත්ථෙරස්සාපදානං චතුත්ථං.</div>
        </div>
        <div class="subhead ct_sutta" node-id="46335">
            <span class="subhead ct_sutta">5. වෙදිකාරකත්ථෙරඅපදානං</span>
            <div class="subhead-contents">
                <div class="paragraph" para="19">
                    <span class="paranum">19</span>
                    <div class="gatha"> ‘‘විපස්සිනො 
                        <pb ed="M" n="1.0247"/>
                        <pb ed="V" n="1.0231"/> භගවතො, බොධියා පාදපුත්තමෙ;
                    </div>
                    <div class="gathalast">පසන්නචිත්තො සුමනො, කාරෙසිං වෙදිකං අහං.</div>
                </div>
                <div class="paragraph" para="20">
                    <span class="paranum">20</span>
                    <div class="gatha"> ‘‘එකනවුතිතො කප්පෙ, කාරෙසිං වෙදිකං අහං;</div>
                    <div class="gathalast">දුග්ගතිං නාභිජානාමි, වෙදිකාය ඉදං ඵලං.</div>
                </div>
                <div class="paragraph" para="21">
                    <span class="paranum">21</span>
                    <div class="gatha"> ‘‘ඉතො 
                        <pb ed="P" n="1.0220"/> එකාදසෙ කප්පෙ, අහොසිං සූරියස්සමො;
                    </div>
                    <div class="gathalast">සත්තරත්තනසම්පන්නො, චක්කවත්තී මහබ්බලො.</div>
                </div>
                <div class="paragraph" para="22">
                    <span class="paranum">22</span>
                    <div class="gatha"> ‘‘පටිසම්භිදා චතස්සො...පෙ.... කතං බුද්ධස්ස සාසනං’’.</div>
                    <div class="bodytext">ඉත්ථං සුදං ආයස්මා වෙදිකාරකො ථෙරො ඉමා ගාථායො අභාසිත්ථාති.</div>
                </div>
            </div>
            <div class="centre ct_sutta ending">වෙදිකාරකත්ථෙරස්සාපදානං පඤ්චමං.</div>
        </div>
        <div class="subhead ct_sutta" node-id="46336">
            <span class="subhead ct_sutta">6. වණ්ණකාරත්ථෙරඅපදානං</span>
            <div class="subhead-contents">
                <div class="paragraph" para="23">
                    <span class="paranum">23</span>
                    <div class="gatha"> ‘‘නගරෙ 
                        <pb ed="T" n="1.0330"/> අරුණවතියා, වණ්ණකාරො අහං තදා;
                    </div>
                    <div class="gathalast">චෙතියෙ දුස්සභණ්ඩානි, නානාවණ්ණං රජෙසහං 
                        <span class="note">(රජිං අහං (ක.), රජෙමහං (ස්‍යා.))</span>.
                    </div>
                </div>
                <div class="paragraph" para="24">
                    <span class="paranum">24</span>
                    <div class="gatha"> ‘‘එකත්තිංසෙ ඉතො කප්පෙ, යං වණ්ණං රජයිං තදා;</div>
                    <div class="gathalast">දුග්ගතිං නාභිජානාමි, වණ්ණදානස්සිදං ඵලං.</div>
                </div>
                <div class="paragraph" para="25">
                    <span class="paranum">25</span>
                    <div class="gatha"> ‘‘ඉතො තෙවීසතිකප්පෙ, වණ්ණසම 
                        <span class="note">(චන්දුපම (සී.), චන්දසම (ස්‍යා.))</span> සනාමකො;
                    </div>
                    <div class="gathalast">සත්තරතනසම්පන්නො, චක්කවත්තී මහබ්බලො.</div>
                </div>
                <div class="paragraph" para="26">
                    <span class="paranum">26</span>
                    <div class="gatha"> ‘‘පටිසම්භිදා චතස්සො...පෙ.... කතං බුද්ධස්ස සාසනං’’.</div>
                    <div class="bodytext">ඉත්ථං සුදං ආයස්මා වණ්ණකාරො ථෙරො ඉමා ගාථායො අභාසිත්ථාති.</div>
                </div>
            </div>
            <div class="centre ct_sutta ending">වණ්ණකාරත්ථෙරස්සාපදානං ඡට්ඨං.</div>
        </div>
        <div class="subhead ct_sutta" node-id="46337">
            <span class="subhead ct_sutta">7. පියාලපුප්ඵියත්ථෙරඅපදානං</span>
            <div class="subhead-contents">
                <div class="paragraph" para="27">
                    <span class="paranum">27</span>
                    <div class="gatha"> ‘‘මිගලුද්දො 
                        <pb ed="M" n="1.0248"/> පුරෙ ආසිං, අරඤ්ඤෙ කානනෙ අහං;
                    </div>
                    <div class="gathalast">පියාලං පුප්ඵිතං දිස්වා, ගතමග්ගෙ ඛිපිං අහං.</div>
                </div>
                <div class="paragraph" para="28">
                    <span class="paranum">28</span>
                    <div class="gatha"> ‘‘එකනවුතිතො 
                        <pb ed="T" n="1.0331"/>
                        <pb ed="V" n="1.0232"/> කප්පෙ, යං පුප්ඵමභිපූජයිං;
                    </div>
                    <div class="gathalast">දුග්ගතිං නාභිජානාමි, බුද්ධපූජායිදං ඵලං.</div>
                </div>
                <div class="paragraph" para="29">
                    <span class="paranum">29</span>
                    <div class="gatha"> ‘‘පටිසම්භිදා චතස්සො...පෙ.... කතං බුද්ධස්ස සාසනං’’.</div>
                    <div class="bodytext">ඉත්ථං සුදං ආයස්මා පියාලපුප්ඵියො ථෙරො ඉමා ගාථායො අභාසිත්ථාති.</div>
                </div>
            </div>
            <div class="centre ct_sutta ending">පියාලපුප්ඵියත්ථෙරස්සාපදානං සත්තමං.</div>
        </div>
        <div class="subhead ct_sutta" node-id="46338">
            <span class="subhead ct_sutta">8. අම්බයාගදායකත්ථෙරඅපදානං</span>
            <div class="subhead-contents">
                <div class="paragraph" para="30">
                    <span class="paranum">30</span>
                    <div class="gatha"> ‘‘සකෙ 
                        <pb ed="P" n="1.0221"/> සිප්පෙ අපත්ථද්ධො, අගමං කානනං අහං;
                    </div>
                    <div class="gathalast">සම්බුද්ධං යන්තං දිස්වාන, අම්බයාගං අදාසහං.</div>
                </div>
                <div class="paragraph" para="31">
                    <span class="paranum">31</span>
                    <div class="gatha"> ‘‘එකනවුතිතො කප්පෙ, යං දානමදදිං තදා;</div>
                    <div class="gathalast">දුග්ගතිං නාභිජානාමි, අම්බයාගස්සිදං ඵලං.</div>
                </div>
                <div class="paragraph" para="32">
                    <span class="paranum">32</span>
                    <div class="gatha"> ‘‘පටිසම්භිදා චතස්සො...පෙ.... කතං බුද්ධස්ස සාසනං’’.</div>
                    <div class="bodytext">ඉත්ථං සුදං ආයස්මා අම්බයාගදායකො ථෙරො ඉමා ගාථායො අභාසිත්ථාති.</div>
                </div>
            </div>
            <div class="centre ct_sutta ending">අම්බයාගදායකත්ථෙරස්සාපදානං අට්ඨමං.</div>
        </div>
        <div class="subhead ct_sutta" node-id="46339">
            <span class="subhead ct_sutta">9. ජගතිකාරකත්ථෙරඅපදානං</span>
            <div class="subhead-contents">
                <div class="paragraph" para="33">
                    <span class="paranum">33</span>
                    <div class="gatha"> ‘‘නිබ්බුතෙ 
                        <pb ed="T" n="1.0332"/> ලොකනාථම්හි, අත්ථදස්සි නරුත්තමෙ;
                    </div>
                    <div class="gathalast">ජගතී කාරිතා මය්හං, බුද්ධස්ස ථූපමුත්තමෙ.</div>
                </div>
                <div class="paragraph" para="34">
                    <span class="paranum">34</span>
                    <div class="gatha"> ‘‘අට්ඨාරසෙ කප්පසතෙ, යං කම්මමකරිං තදා;</div>
                    <div class="gathalast">දුග්ගතිං නාභිජානාමි, ජගතියා ඉදං ඵලං.</div>
                </div>
                <div class="paragraph" para="35">
                    <span class="paranum">35</span>
                    <div class="gatha"> ‘‘පටිසම්භිදා 
                        <pb ed="M" n="1.0249"/> චතස්සො...පෙ.... කතං බුද්ධස්ස සාසනං’’.
                    </div>
                    <div class="bodytext">ඉත්ථං සුදං ආයස්මා ජගතිකාරකො ථෙරො ඉමා ගාථායො අභාසිත්ථාති.</div>
                </div>
            </div>
            <div class="centre ct_sutta ending">ජගතිකාරකත්ථෙරස්සාපදානං නවමං.</div>
        </div>
        <div class="subhead ct_sutta" node-id="463310">
            <span class="subhead ct_sutta">10. වාසිදායකත්ථෙරඅපදානං</span>
            <div class="subhead-contents">
                <div class="paragraph" para="36">
                    <span class="paranum">36</span>
                    <div class="gatha"> ‘‘කම්මාරොහං 
                        <pb ed="V" n="1.0233"/> පුරෙ ආසිං, තිවරායං පුරුත්තමෙ;
                    </div>
                    <div class="gathalast">එකා වාසි මයා දින්නා, සයම්භුං අපරාජිතං 
                        <span class="note">(සයම්භුම්හිපරාජිතෙ (?))</span>.
                    </div>
                </div>
                <div class="paragraph" para="37">
                    <span class="paranum">37</span>
                    <div class="gatha"> ‘‘චතුන්නවුතිතො කප්පෙ, යං වාසිමදදිං තදා;</div>
                    <div class="gathalast">දුග්ගතිං නාභිජානාමි, වාසිදානස්සිදං ඵලං.</div>
                </div>
                <div class="paragraph" para="38">
                    <span class="paranum">38</span>
                    <div class="gatha"> ‘‘පටිසම්භිදා චතස්සො...පෙ.... කතං බුද්ධස්ස සාසනං’’.</div>
                    <div class="bodytext">ඉත්ථං 
                        <pb ed="T" n="1.0333"/> සුදං ආයස්මා වාසිදායකො ථෙරො ඉමා ගාථායො අභාසිත්ථාති.
                    </div>
                </div>
            </div>
            <div class="centre ct_sutta ending">වාසිදායකත්ථෙරස්සාපදානං දසමං.</div>
        </div>
    </div>
    <div class="centre ct_vagga ending">උදකාසනවග්ගො චතුවීසතිමො.</div>
    <div class="paragraph udana" para="udana">
        <div class="bodytext ct_vagga">තස්සුද්දානං 
            <pb ed="P" n="1.0222"/> -
        </div>
        <div class="ct_vagga gatha">උදකාසනභාජනං, සාලපුප්ඵී කිලඤ්ජකො;</div>
        <div class="ct_vagga gatha">වෙදිකා වණ්ණකාරො ච, පියාලඅම්බයාගදො;</div>
        <div class="gathalast ct_vagga">ජගතී වාසිදාතා ච, ගාථා තිංස ච අට්ඨ ච.</div>
    </div>
</div>