<div class="chapter ct_nipatha" node-id="45200">
    <span class="chapter ct_nipatha">11. ද්වාදසකනිපාතො</span>
    <div class="chapter-contents">
        <div class="subhead ct_sutta" node-id="45201">
            <span class="subhead ct_sutta">1. උප්පලවණ්ණාථෙරීගාථා</span>
            <div class="subhead-contents">
                <div class="paragraph" para="224">
                    <span class="paranum">224</span>
                    <div class="gatha"> ‘‘උභො 
                        <pb ed="M" n="0.0404"/>
                        <pb ed="V" n="0.0330"/> මාතා ච ධීතා ච, මයං ආසුං 
                        <span class="note">(ආභුං (සී.))</span> සපත්තියො;
                    </div>
                    <div class="gathalast">තස්සා මෙ අහු සංවෙගො, අබ්භුතො ලොමහංසනො.</div>
                </div>
                <div class="paragraph" para="225">
                    <span class="paranum">225</span>
                    <div class="gatha"> ‘‘ධිරත්ථු කාමා අසුචී, දුග්ගන්ධා බහුකණ්ටකා;</div>
                    <div class="gathalast">යත්ථ මාතා ච ධීතා ච, සභරියා මයං අහුං.</div>
                </div>
                <div class="paragraph" para="226">
                    <span class="paranum">226</span>
                    <div class="gatha"> ‘‘කාමෙස්වාදීනවං 
                        <pb ed="P" n="0.0145"/> දිස්වා, නෙක්ඛම්මං දට්ඨු ඛෙමතො;
                    </div>
                    <div class="gathalast">සා පබ්බජ්ජිං රාජගහෙ, අගාරස්මානගාරියං.</div>
                </div>
                <div class="paragraph" para="227">
                    <span class="paranum">227</span>
                    <div class="gatha"> ‘‘පුබ්බෙනිවාසං ජානාමි, දිබ්බචක්ඛුං විසොධිතං;</div>
                    <div class="gathalast">චෙතොපරිච්චඤාණඤ්ච, සොතධාතු විසොධිතා.</div>
                </div>
                <div class="paragraph" para="228">
                    <span class="paranum">228</span>
                    <div class="gatha"> ‘‘ඉද්ධීපි මෙ සච්ඡිකතා, පත්තො මෙ ආසවක්ඛයො;</div>
                    <div class="gathalast">ඡළභිඤ්ඤා සච්ඡිකතා, කතං බුද්ධස්ස සාසනං.</div>
                </div>
                <div class="paragraph" para="229">
                    <span class="paranum">229</span>
                    <div class="gatha"> ‘‘ඉද්ධියා 
                        <pb ed="T" n="0.0472"/> අභිනිම්මිත්වා, චතුරස්සං රථං අහං;
                    </div>
                    <div class="gathalast">බුද්ධස්ස පාදෙ වන්දිත්වා, ලොකනාථස්ස තාදිනො’’ 
                        <span class="note">(සිරීමතො (ස්‍යා. ක.))</span>.
                    </div>
                </div>
                <div class="paragraph" para="230">
                    <span class="paranum">230</span>
                    <div class="gatha"> ‘‘සුපුප්ඵිතග්ගං උපගම්ම පාදපං, එකා තුවං තිට්ඨසි සාලමූලෙ 
                        <span class="note">(රුක්ඛමූලෙ (ස්‍යා. ක.))</span>;
                    </div>
                    <div class="gathalast">න චාපි තෙ දුතියො අත්ථි කොචි, න ත්වං බාලෙ භායසි ධුත්තකානං’’.</div>
                </div>
                <div class="paragraph" para="231">
                    <span class="paranum">231</span>
                    <div class="gatha"> ‘‘සතං සහස්සානිපි ධුත්තකානං, සමාගතා එදිසකා භවෙය්‍යුං;</div>
                    <div class="gathalast">ලොමං න ඉඤ්ජෙ නපි සම්පවෙධෙ, කිං මෙ තුවං මාර කරිස්සසෙකො.</div>
                </div>
                <div class="paragraph" para="232">
                    <span class="paranum">232</span>
                    <div class="gatha"> ‘‘එසා අන්තරධායාමි, කුච්ඡිං වා පවිසාමි තෙ;</div>
                    <div class="gathalast">භමුකන්තරෙ තිට්ඨාමි, තිට්ඨන්තිං මං න දක්ඛසි.</div>
                </div>
                <div class="paragraph" para="233">
                    <span class="paranum">233</span>
                    <div class="gatha"> ‘‘චිත්තම්හි 
                        <pb ed="M" n="0.0405"/> වසීභූතාහං, ඉද්ධිපාදා සුභාවිතා;
                    </div>
                    <div class="gathalast">ඡළභිඤ්ඤා සච්ඡිකතා, කතං බුද්ධස්ස සාසනං.</div>
                </div>
                <div class="paragraph" para="234">
                    <span class="paranum">234</span>
                    <div class="gatha"> ‘‘සත්තිසූලූපමා කාමා, ඛන්ධාසං අධිකුට්ටනා;</div>
                    <div class="gathalast">යං ත්වං ‘කාමරතිං’ බ්‍රූසි, ‘අරතී’ දානි සා මම.</div>
                </div>
                <div class="paragraph" para="235">
                    <span class="paranum">235</span>
                    <div class="gatha"> ‘‘සබ්බත්ථ 
                        <pb ed="V" n="0.0331"/> විහතා නන්දී, තමොඛන්ධො පදාලිතො;
                    </div>
                    <div class="gathalast">එවං ජානාහි පාපිම, නිහතො ත්වමසි අන්තකා’’ති.</div>
                </div>
            </div>
            <div class="centre ct_sutta ending">... උප්පලවණ්ණා ථෙරී....</div>
        </div>
    </div>
    <div class="centre ct_nipatha ending">ද්වාදසනිපාතො නිට්ඨිතො.</div>
</div>