<div class="chapter ct_vagga" node-id="46460">
    <span class="chapter ct_vagga">37. මන්දාරවපුප්ඵියවග්ගො</span>
    <div class="chapter-contents">
        <div class="subhead ct_sutta" node-id="46461">
            <span class="subhead ct_sutta">1. මන්දාරවපුප්ඵියත්ථෙරඅපදානං</span>
            <div class="subhead-contents">
                <div class="paragraph" para="1">
                    <span class="paranum">1</span>
                    <div class="gatha"> ‘‘තාවතිංසා 
                        <pb ed="T" n="1.0446"/>
                        <pb ed="M" n="1.0330"/>
                        <pb ed="V" n="1.0312"/>
                        <pb ed="P" n="1.0286"/> ඉධාගන්ත්වා, මඞ්ගලො නාම මාණවො;
                    </div>
                    <div class="gathalast">මන්දාරවං ගහෙත්වාන, විපස්සිස්ස මහෙසිනො.</div>
                </div>
                <div class="paragraph" para="2">
                    <span class="paranum">2</span>
                    <div class="gatha"> ‘‘සමාධිනා නිසින්නස්ස, මත්ථකෙ ධාරයිං අහං;</div>
                    <div class="gathalast">සත්තාහං ධාරයිත්වාන, දෙවලොකං පුනාගමිං.</div>
                </div>
                <div class="paragraph" para="3">
                    <span class="paranum">3</span>
                    <div class="gatha"> ‘‘එකනවුතිතො කප්පෙ, යං පුප්ඵමභිපූජයිං;</div>
                    <div class="gathalast">දුග්ගතිං නාභිජානාමි, බුද්ධපූජායිදං ඵලං.</div>
                </div>
                <div class="paragraph" para="4">
                    <span class="paranum">4</span>
                    <div class="gatha"> ‘‘පටිසම්භිදා චතස්සො, විමොක්ඛාපි ච අට්ඨිමෙ;</div>
                    <div class="gathalast">ඡළභිඤ්ඤා සච්ඡිකතා, කතං බුද්ධස්ස සාසනං’’.</div>
                    <div class="bodytext">ඉත්ථං සුදං ආයස්මා මන්දාරවපුප්ඵියො ථෙරො ඉමා ගාථායො අභාසිත්ථාති.</div>
                </div>
            </div>
            <div class="centre ct_sutta ending">මන්දාරවපුප්ඵියත්ථෙරස්සාපදානං පඨමං.</div>
        </div>
        <div class="subhead ct_sutta" node-id="46462">
            <span class="subhead ct_sutta">2. කක්කාරුපුප්ඵියත්ථෙරඅපදානං</span>
            <div class="subhead-contents">
                <div class="paragraph" para="5">
                    <span class="paranum">5</span>
                    <div class="gatha"> ‘‘යාමා දෙවා ඉධාගන්ත්වා, ගොතමං සිරිවච්ඡසං;</div>
                    <div class="gathalast">කක්කාරුමාලං 
                        <span class="note">(ගොක්ඛනුමාලං (සී.))</span> පග්ගය්හ, බුද්ධස්ස අභිරොපයිං.
                    </div>
                </div>
                <div class="paragraph" para="6">
                    <span class="paranum">6</span>
                    <div class="gatha"> ‘‘ද්වෙනවුතෙ ඉතො කප්පෙ, යං බුද්ධමභිපූජයිං;</div>
                    <div class="gathalast">දුග්ගතිං නාභිජානාමි, බුද්ධපූජායිදං ඵලං.</div>
                </div>
                <div class="paragraph" para="7">
                    <span class="paranum">7</span>
                    <div class="gatha"> ‘‘පටිසම්භිදා 
                        <pb ed="T" n="1.0447"/> චතස්සො...පෙ.... කතං බුද්ධස්ස සාසනං’’.
                    </div>
                    <div class="bodytext">ඉත්ථං සුදං ආයස්මා කක්කාරුපුප්ඵියො 
                        <span class="note">(ගොක්ඛනුපුප්ඵියො (ක.))</span> ථෙරො ඉමා ගාථායො අභාසිත්ථාති.
                    </div>
                </div>
            </div>
            <div class="centre ct_sutta ending">කක්කාරුපුප්ඵියත්ථෙරස්සාපදානං දුතියං.</div>
        </div>
        <div class="subhead ct_sutta" node-id="46463">
            <span class="subhead ct_sutta">3. භිසමුළාලදායකත්ථෙරඅපදානං</span>
            <div class="subhead-contents">
                <div class="paragraph" para="8">
                    <span class="paranum">8</span>
                    <div class="gatha"> ‘‘ඵුස්සො 
                        <pb ed="M" n="1.0331"/>
                        <pb ed="V" n="1.0313"/> නාමාසි සම්බුද්ධො, සබ්බධම්මාන පාරගූ;
                    </div>
                    <div class="gathalast">විවෙකකාමො සබ්බඤ්ඤූ 
                        <span class="note">(සප්පඤ්ඤො (සී. ස්‍යා.))</span>, ආගඤ්ඡි මම සන්තිකෙ.
                    </div>
                </div>
                <div class="paragraph" para="9">
                    <span class="paranum">9</span>
                    <div class="gatha"> ‘‘තස්මිං චිත්තං පසාදෙත්වා, මහාකාරුණිකෙ ජිනෙ;</div>
                    <div class="gathalast">භිසමුළාලං පග්ගය්හ, බුද්ධසෙට්ඨස්සදාසහං.</div>
                </div>
                <div class="paragraph" para="10">
                    <span class="paranum">10</span>
                    <div class="gatha"> ‘‘ද්වෙනවුතෙ 
                        <pb ed="P" n="1.0287"/> ඉතො කප්පෙ, යං භිසමදදිං තදා;
                    </div>
                    <div class="gathalast">දුග්ගතිං නාභිජානාමි, භිසදානස්සිදං ඵලං.</div>
                </div>
                <div class="paragraph" para="11">
                    <span class="paranum">11</span>
                    <div class="gatha"> ‘‘පටිසම්භිදා චතස්සො...පෙ.... කතං බුද්ධස්ස සාසනං’’.</div>
                    <div class="bodytext">ඉත්ථං සුදං ආයස්මා භිසමුළාලදායකො ථෙරො ඉමා ගාථායො අභාසිත්ථාති.</div>
                </div>
            </div>
            <div class="centre ct_sutta ending">භිසමුළාලදායකත්ථෙරස්සාපදානං තතියං.</div>
        </div>
        <div class="subhead ct_sutta" node-id="46464">
            <span class="subhead ct_sutta">4. කෙසරපුප්ඵියත්ථෙරඅපදානං</span>
            <div class="subhead-contents">
                <div class="paragraph" para="12">
                    <span class="paranum">12</span>
                    <div class="gatha"> ‘‘විජ්ජාධරො 
                        <pb ed="T" n="1.0448"/> තදා ආසිං, හිමවන්තම්හි පබ්බතෙ;
                    </div>
                    <div class="gathalast">අද්දසං විරජං බුද්ධං, චඞ්කමන්තං මහායසං.</div>
                </div>
                <div class="paragraph" para="13">
                    <span class="paranum">13</span>
                    <div class="gatha"> ‘‘තීණි කෙසරපුප්ඵානි 
                        <span class="note">(කෙසරිපුප්ඵානි (සී.))</span>, සීසෙ කත්වානහං තදා;
                    </div>
                    <div class="gathalast">උපසඞ්කම්ම සම්බුද්ධං, වෙස්සභුං අභිපූජයිං.</div>
                </div>
                <div class="paragraph" para="14">
                    <span class="paranum">14</span>
                    <div class="gatha"> ‘‘එකත්තිංසෙ ඉතො කප්පෙ, යං කම්මමකරිං තදා;</div>
                    <div class="gathalast">දුග්ගතිං නාභිජානාමි, බුද්ධපූජායිදං ඵලං.</div>
                </div>
                <div class="paragraph" para="15">
                    <span class="paranum">15</span>
                    <div class="gatha"> ‘‘පටිසම්භිදා චතස්සො...පෙ.... කතං බුද්ධස්ස සාසනං’’.</div>
                    <div class="bodytext">ඉත්ථං සුදං ආයස්මා කෙසරපුප්ඵියො ථෙරො ඉමා ගාථායො අභාසිත්ථාති.</div>
                </div>
            </div>
            <div class="centre ct_sutta ending">කෙසරපුප්ඵියත්ථෙරස්සාපදානං චතුත්ථං.</div>
        </div>
        <div class="subhead ct_sutta" node-id="46465">
            <span class="subhead ct_sutta">5. අඞ්කොලපුප්ඵියත්ථෙරඅපදානං</span>
            <div class="subhead-contents">
                <div class="paragraph" para="16">
                    <span class="paranum">16</span>
                    <div class="gatha"> ‘‘පදුමො නාම සම්බුද්ධො, චිත්තකූටෙ වසී තදා;</div>
                    <div class="gathalast">දිස්වාන තං අහං බුද්ධං, සයම්භුං අපරාජිතං 
                        <span class="note">(උපගච්ඡිහං (සී. ස්‍යා.))</span>.
                    </div>
                </div>
                <div class="paragraph" para="17">
                    <span class="paranum">17</span>
                    <div class="gatha"> ‘‘අඞ්කොලං 
                        <pb ed="M" n="1.0332"/>
                        <pb ed="V" n="1.0314"/> පුප්ඵිතං දිස්වා, ඔචිනිත්වානහං තදා;
                    </div>
                    <div class="gathalast">උපගන්ත්වාන සම්බුද්ධං, පූජයිං පදුමං ජිනං.</div>
                </div>
                <div class="paragraph" para="18">
                    <span class="paranum">18</span>
                    <div class="gatha"> ‘‘එකත්තිංසෙ ඉතො කප්පෙ, යං පුප්ඵමභිපූජයිං;</div>
                    <div class="gathalast">දුග්ගතිං නාභිජානාමි, බුද්ධපූජායිදං ඵලං.</div>
                </div>
                <div class="paragraph" para="19">
                    <span class="paranum">19</span>
                    <div class="gatha"> ‘‘පටිසම්භිදා 
                        <pb ed="T" n="1.0449"/> චතස්සො...පෙ.... කතං බුද්ධස්ස සාසනං’’.
                    </div>
                    <div class="bodytext">ඉත්ථං සුදං ආයස්මා අඞ්කොලපුප්ඵියො ථෙරො ඉමා ගාථායො අභාසිත්ථාති.</div>
                </div>
            </div>
            <div class="centre ct_sutta ending">අඞ්කොලපුප්ඵියත්ථෙරස්සාපදානං පඤ්චමං.</div>
        </div>
        <div class="subhead ct_sutta" node-id="46466">
            <span class="subhead ct_sutta">6. කදම්බපුප්ඵියත්ථෙරඅපදානං</span>
            <div class="subhead-contents">
                <div class="paragraph" para="20">
                    <span class="paranum">20</span>
                    <div class="gatha"> ‘‘සුවණ්ණවණ්ණං සම්බුද්ධං, ගච්ඡන්තං අන්තරාපණෙ;</div>
                    <div class="gathalast">කඤ්චනග්ඝියසඞ්කාසං, බාත්තිංසවරලක්ඛණං.</div>
                </div>
                <div class="paragraph" para="21">
                    <span class="paranum">21</span>
                    <div class="gatha"> ‘‘නිසජ්ජ පාසාදවරෙ, අද්දසං ලොකනායකං;</div>
                    <div class="gathalast">කදම්බපුප්ඵං පග්ගය්හ, විපස්සිං අභිපූජයිං.</div>
                </div>
                <div class="paragraph" para="22">
                    <span class="paranum">22</span>
                    <div class="gatha"> ‘‘එකනවුතිතො 
                        <pb ed="P" n="1.0288"/> කප්පෙ, යං බුද්ධමභිපූජයිං;
                    </div>
                    <div class="gathalast">දුග්ගතිං නාභිජානාමි, බුද්ධපූජායිදං ඵලං.</div>
                </div>
                <div class="paragraph" para="23">
                    <span class="paranum">23</span>
                    <div class="gatha"> ‘‘පටිසම්භිදා චතස්සො...පෙ.... කතං බුද්ධස්ස සාසනං’’.</div>
                    <div class="bodytext">ඉත්ථං සුදං ආයස්මා කදම්බපුප්ඵියො ථෙරො ඉමා ගාථායො අභාසිත්ථාති.</div>
                </div>
            </div>
            <div class="centre ct_sutta ending">කදම්බපුප්ඵියත්ථෙරස්සාපදානං ඡට්ඨං.</div>
        </div>
        <div class="subhead ct_sutta" node-id="46467">
            <span class="subhead ct_sutta">7. උද්දාලකපුප්ඵියත්ථෙරඅපදානං</span>
            <div class="subhead-contents">
                <div class="paragraph" para="24">
                    <span class="paranum">24</span>
                    <div class="gatha"> ‘‘අනොමො 
                        <pb ed="T" n="1.0450"/>
                        <span class="note">(සුජාතො (ස්‍යා.), අනුමො (ක.))</span> නාම සම්බුද්ධො, ගඞ්ගාකූලෙ වසී තදා;
                    </div>
                    <div class="gathalast">උද්දාලකං ගහෙත්වාන, පූජයිං අපරාජිතං.</div>
                </div>
                <div class="paragraph" para="25">
                    <span class="paranum">25</span>
                    <div class="gatha"> ‘‘එකත්තිංසෙ 
                        <pb ed="M" n="1.0333"/> ඉතො කප්පෙ, යං පුප්ඵමභිපූජයිං;
                    </div>
                    <div class="gathalast">දුග්ගතිං නාභිජානාමි, බුද්ධපූජායිදං ඵලං.</div>
                </div>
                <div class="paragraph" para="26">
                    <span class="paranum">26</span>
                    <div class="gatha"> ‘‘පටිසම්භිදා චතස්සො...පෙ.... කතං බුද්ධස්ස සාසනං’’.</div>
                    <div class="bodytext">ඉත්ථං සුදං ආයස්මා උද්දාලකපුප්ඵියො ථෙරො ඉමා ගාථායො අභාසිත්ථාති.</div>
                </div>
            </div>
            <div class="centre ct_sutta ending">උද්දාලකපුප්ඵියත්ථෙරස්සාපදානං සත්තමං.</div>
        </div>
        <div class="subhead ct_sutta" node-id="46468">
            <span class="subhead ct_sutta">8. එකචම්පකපුප්ඵියත්ථෙරඅපදානං</span>
            <div class="subhead-contents">
                <div class="paragraph" para="27">
                    <span class="paranum">27</span>
                    <div class="gatha"> ‘‘උපසන්තො 
                        <pb ed="V" n="1.0315"/> ච සම්බුද්ධො, වසතී පබ්බතන්තරෙ;
                    </div>
                    <div class="gathalast">එකචම්පකමාදාය, උපගච්ඡිං නරුත්තමං.</div>
                </div>
                <div class="paragraph" para="28">
                    <span class="paranum">28</span>
                    <div class="gatha"> ‘‘පසන්නචිත්තො සුමනො, පච්චෙකමුනිමුත්තමං;</div>
                    <div class="gathalast">උභොහත්ථෙහි පග්ගය්හ, පූජයිං අපරාජිතං.</div>
                </div>
                <div class="paragraph" para="29">
                    <span class="paranum">29</span>
                    <div class="gatha"> ‘‘පඤ්චසට්ඨිම්හිතො කප්පෙ, යං පුප්ඵමභිපූජයිං;</div>
                    <div class="gathalast">දුග්ගතිං නාභිජානාමි, බුද්ධපූජායිදං ඵලං.</div>
                </div>
                <div class="paragraph" para="30">
                    <span class="paranum">30</span>
                    <div class="gatha"> ‘‘පටිසම්භිදා 
                        <pb ed="T" n="1.0451"/> චතස්සො...පෙ.... කතං බුද්ධස්ස සාසනං’’.
                    </div>
                    <div class="bodytext">ඉත්ථං සුදං ආයස්මා එකචම්පකපුප්ඵියො ථෙරො ඉමා ගාථායො අභාසිත්ථාති.</div>
                </div>
            </div>
            <div class="centre ct_sutta ending">එකචම්පකපුප්ඵියත්ථෙරස්සාපදානං අට්ඨමං.</div>
        </div>
        <div class="subhead ct_sutta" node-id="46469">
            <span class="subhead ct_sutta">9. තිමිරපුප්ඵියත්ථෙරඅපදානං</span>
            <div class="subhead-contents">
                <div class="paragraph" para="31">
                    <span class="paranum">31</span>
                    <div class="gatha"> ‘‘චන්දභාගානදීතීරෙ, අනුසොතං වජාමහං;</div>
                    <div class="gathalast">අද්දසං විරජං බුද්ධං, සාලරාජංව ඵුල්ලිතං.</div>
                </div>
                <div class="paragraph" para="32">
                    <span class="paranum">32</span>
                    <div class="gatha"> ‘‘පසන්නචිත්තො 
                        <pb ed="P" n="1.0289"/> සුමනො, පච්චෙකමුනිමුත්තමං;
                    </div>
                    <div class="gathalast">ගහෙත්වා තිමිරං පුප්ඵං, මත්ථකෙ ඔකිරිං අහං.</div>
                </div>
                <div class="paragraph" para="33">
                    <span class="paranum">33</span>
                    <div class="gatha"> ‘‘එකනවුතිතො කප්පෙ, යං පුප්ඵමභිපූජයිං;</div>
                    <div class="gathalast">දුග්ගතිං නාභිජානාමි, බුද්ධපූජායිදං ඵලං.</div>
                </div>
                <div class="paragraph" para="34">
                    <span class="paranum">34</span>
                    <div class="gatha"> ‘‘පටිසම්භිදා 
                        <pb ed="M" n="1.0334"/> චතස්සො...පෙ.... කතං බුද්ධස්ස සාසනං’’.
                    </div>
                    <div class="bodytext">ඉත්ථං සුදං ආයස්මා තිමිරපුප්ඵියො ථෙරො ඉමා ගාථායො අභාසිත්ථාති.</div>
                </div>
            </div>
            <div class="centre ct_sutta ending">තිමිරපුප්ඵියත්ථෙරස්සාපදානං නවමං.</div>
        </div>
        <div class="subhead ct_sutta" node-id="464610">
            <span class="subhead ct_sutta">10. සළලපුප්ඵියත්ථෙරඅපදානං</span>
            <div class="subhead-contents">
                <div class="paragraph" para="35">
                    <span class="paranum">35</span>
                    <div class="gatha"> ‘‘චන්දභාගානදීතීරෙ 
                        <pb ed="T" n="1.0452"/>, අහොසිං කින්නරො තදා;
                    </div>
                    <div class="gathalast">තත්ථද්දසං දෙවදෙවං, චඞ්කමන්තං නරාසභං.</div>
                </div>
                <div class="paragraph" para="36">
                    <span class="paranum">36</span>
                    <div class="gatha"> ‘‘ඔචිනිත්වාන 
                        <pb ed="V" n="1.0316"/> සළලං, පුප්ඵං බුද්ධස්සදාසහං;
                    </div>
                    <div class="gathalast">උපසිඞ්ඝි මහාවීරො, සළලං දෙවගන්ධිකං.</div>
                </div>
                <div class="paragraph" para="37">
                    <span class="paranum">37</span>
                    <div class="gatha"> ‘‘පටිග්ගහෙත්වා සම්බුද්ධො, විපස්සී ලොකනායකො;</div>
                    <div class="gathalast">උපසිඞ්ඝි මහාවීරො, පෙක්ඛමානස්ස මෙ සතො.</div>
                </div>
                <div class="paragraph" para="38">
                    <span class="paranum">38</span>
                    <div class="gatha"> ‘‘පසන්නචිත්තො සුමනො, වන්දිත්වා ද්විපදුත්තමං;</div>
                    <div class="gathalast">අඤ්ජලිං පග්ගහෙත්වාන, පුන පබ්බතමාරුහිං.</div>
                </div>
                <div class="paragraph" para="39">
                    <span class="paranum">39</span>
                    <div class="gatha"> ‘‘එකනවුතිතො කප්පෙ, යං පුප්ඵමභිපූජයිං;</div>
                    <div class="gathalast">දුග්ගතිං නාභිජානාමි, බුද්ධපූජායිදං ඵලං.</div>
                </div>
                <div class="paragraph" para="40">
                    <span class="paranum">40</span>
                    <div class="gatha"> ‘‘පටිසම්භිදා චතස්සො...පෙ.... කතං බුද්ධස්ස සාසනං’’.</div>
                    <div class="bodytext">ඉත්ථං සුදං ආයස්මා සළලපුප්ඵියො ථෙරො ඉමා ගාථායො අභාසිත්ථාති.</div>
                </div>
            </div>
            <div class="centre ct_sutta ending">සළලපුප්ඵියත්ථෙරස්සාපදානං දසමං.</div>
        </div>
    </div>
    <div class="centre ct_vagga ending">මන්දාරවපුප්ඵියවග්ගො සත්තතිංසතිමො.</div>
    <div class="paragraph udana" para="udana">
        <div class="bodytext ct_vagga">තස්සුද්දානං -</div>
        <div class="ct_vagga gatha">මන්දාරවඤ්ච කක්කාරු, භිසකෙසරපුප්ඵියො;</div>
        <div class="ct_vagga gatha">අඞ්කොලකො 
            <pb ed="T" n="1.0453"/> කදම්බී ච, උද්දාලී එකචම්පකො;
        </div>
        <div class="gathalast ct_vagga">තිමිරං සළලඤ්චෙව, ගාථා තාලීසමෙව ච.</div>
    </div>
</div>