<div class="chapter ct_samyuththa" node-id="25170">
    <span class="chapter ct_samyuththa">8. අනුරුද්ධසංයුත්තං</span>
    <div class="chapter-contents">
        <div class="title ct_vagga" node-id="25171">
            <span class="title ct_vagga">1. රහොගතවග්ගො</span>
            <div class="title-contents">
                <div class="subhead ct_sutta" node-id="25173">
                    <span class="subhead ct_sutta">1. පඨමරහොගතසුත්තං</span>
                    <div class="subhead-contents">
                        <div class="paragraph" para="899">
                            <span class="paranum">899</span>
                            <div class="bodytext"> එවං 
                                <pb ed="T" n="5.0376"/>
                                <pb ed="V" n="3.0365"/>
                                <pb ed="M" n="3.0257"/>
                                <pb ed="P" n="5.0294"/> මෙ සුතං - එකං සමයං ආයස්මා අනුරුද්ධො සාවත්ථියං විහරති ජෙතවනෙ අනාථපිණ්ඩිකස්ස ආරාමෙ. අථ ඛො ආයස්මතො අනුරුද්ධස්ස රහොගතස්ස පටිසල්ලීනස්ස එවං චෙතසො පරිවිතක්කො උදපාදි - ‘‘යෙසං කෙසඤ්චි චත්තාරො සතිපට්ඨානා විරද්ධා, විරද්ධො තෙසං අරියො මග්ගො සම්මා දුක්ඛක්ඛයගාමී. යෙසං කෙසඤ්චි චත්තාරො සතිපට්ඨානා ආරද්ධා, ආරද්ධො තෙසං අරියො මග්ගො සම්මා දුක්ඛක්ඛයගාමී’’ති.
                            </div>
                            <div class="bodytext">අථ ඛො ආයස්මා මහාමොග්ගල්ලානො ආයස්මතො අනුරුද්ධස්ස චෙතසා චෙතොපරිවිතක්කමඤ්ඤාය - සෙය්‍යථාපි නාම බලවා පුරිසො සමිඤ්ජිතං වා බාහං පසාරෙය්‍ය, පසාරිතං වා බාහං සමිඤ්ජෙය්‍ය, එවමෙව - ආයස්මතො අනුරුද්ධස්ස සම්මුඛෙ පාතුරහොසි. අථ ඛො ආයස්මා මහාමොග්ගල්ලානො ආයස්මන්තං අනුරුද්ධං එතදවොච - ‘‘කිත්තාවතා නු ඛො, ආවුසො අනුරුද්ධ, භික්ඛුනො චත්තාරො සතිපට්ඨානා ආරද්ධා හොන්තී’’ති?</div>
                            <div class="bodytext">‘‘ඉධාවුසො, භික්ඛු අජ්ඣත්තං කායෙ සමුදයධම්මානුපස්සී විහරති, අජ්ඣත්තං කායෙ වයධම්මානුපස්සී විහරති, අජ්ඣත්තං කායෙ 
                                <pb ed="T" n="5.0377"/> සමුදයවයධම්මානුපස්සී විහරති 
                                <pb ed="P" n="5.0295"/> ආතාපී සම්පජානො සතිමා, විනෙය්‍ය ලොකෙ අභිජ්ඣාදොමනස්සං. බහිද්ධා කායෙ සමුදයධම්මානුපස්සී විහරති, බහිද්ධා කායෙ වයධම්මානුපස්සී විහරති, බහිද්ධා කායෙ සමුදයවයධම්මානුපස්සී විහරති ආතාපී සම්පජානො සතිමා, විනෙය්‍ය ලොකෙ අභිජ්ඣාදොමනස්සං. අජ්ඣත්තබහිද්ධා කායෙ සමුදයධම්මානුපස්සී විහරති, අජ්ඣත්තබහිද්ධා කායෙ වයධම්මානුපස්සී විහරති, අජ්ඣත්තබහිද්ධා 
                                <pb ed="V" n="3.0366"/> කායෙ සමුදයවයධම්මානුපස්සී විහරති ආතාපී සම්පජානො සතිමා, විනෙය්‍ය ලොකෙ අභිජ්ඣාදොමනස්සං.
                            </div>
                            <div class="bodytext">‘‘සො 
                                <pb ed="M" n="3.0258"/> සචෙ ආකඞ්ඛති - ‘අප්පටිකූලෙ පටිකූලසඤ්ඤී විහරෙය්‍ය’න්ති, පටිකූලසඤ්ඤී තත්ථ විහරති; සචෙ ආකඞ්ඛති - ‘පටිකූලෙ අප්පටිකූලසඤ්ඤී විහරෙය්‍ය’න්ති, අප්පටිකූලසඤ්ඤී තත්ථ විහරති; සචෙ ආකඞ්ඛති - ‘අප්පටිකූලෙ ච පටිකූලෙ ච පටිකූලසඤ්ඤී විහරෙය්‍ය’න්ති, පටිකූලසඤ්ඤී තත්ථ විහරති; සචෙ ආකඞ්ඛති - ‘පටිකූලෙ ච අප්පටිකූලෙ ච අප්පටිකූලසඤ්ඤී විහරෙය්‍ය’න්ති, අප්පටිකූලසඤ්ඤී තත්ථ විහරති; සචෙ ආකඞ්ඛති - ‘අප්පටිකූලඤ්ච පටිකූලඤ්ච තදුභයං අභිනිවජ්ජෙත්වා උපෙක්ඛකො විහරෙය්‍යං සතො සම්පජානො’ති, උපෙක්ඛකො තත්ථ විහරති සතො සම්පජානො.
                            </div>
                            <div class="bodytext">‘‘අජ්ඣත්තං වෙදනාසු සමුදයධම්මානුපස්සී විහරති, අජ්ඣත්තං වෙදනාසු වයධම්මානුපස්සී විහරති, අජ්ඣත්තං වෙදනාසු සමුදයවයධම්මානුපස්සී විහරති ආතාපී සම්පජානො සතිමා, විනෙය්‍ය ලොකෙ අභිජ්ඣාදොමනස්සං 
                                <pb ed="T" n="5.0378"/>. බහිද්ධා වෙදනාසු සමුදයධම්මානුපස්සී විහරති, බහිද්ධා වෙදනාසු වයධම්මානුපස්සී විහරති, බහිද්ධා වෙදනාසු සමුදයවයධම්මානුපස්සී විහරති ආතාපී සම්පජානො සතිමා, විනෙය්‍ය ලොකෙ අභිජ්ඣාදොමනස්සං. අජ්ඣත්තබහිද්ධා වෙදනාසු සමුදයධම්මානුපස්සී විහරති, අජ්ඣත්තබහිද්ධා වෙදනාසු වයධම්මානුපස්සී විහරති, අජ්ඣත්තබහිද්ධා වෙදනාසු සමුදයවයධම්මානුපස්සී 
                                <pb ed="P" n="5.0296"/> විහරති ආතාපී සම්පජානො සතිමා, විනෙය්‍ය ලොකෙ අභිජ්ඣාදොමනස්සං.
                            </div>
                            <div class="bodytext">‘‘සො සචෙ ආකඞ්ඛති - ‘අප්පටිකූලෙ පටිකූලසඤ්ඤී විහරෙය්‍ය’න්ති, පටිකූලසඤ්ඤී තත්ථ විහරති; සචෙ ආකඞ්ඛති - ‘පටිකූලෙ අප්පටිකූලසඤ්ඤී විහරෙය්‍ය’න්ති, අප්පටිකූලසඤ්ඤී තත්ථ විහරති; සචෙ ආකඞ්ඛති - ‘අප්පටිකූලෙ ච පටිකූලෙ ච පටිකූලසඤ්ඤී විහරෙය්‍ය’න්ති, පටිකූලසඤ්ඤී තත්ථ විහරති; සචෙ ආකඞ්ඛති - ‘පටිකූලෙ ච අප්පටිකූලෙ ච අප්පටිකූලසඤ්ඤී විහරෙය්‍ය’න්ති, අප්පටිකූලසඤ්ඤී තත්ථ විහරති; සචෙ ආකඞ්ඛති - ‘අප්පටිකූලඤ්ච පටිකූලඤ්ච තදුභයං අභිනිවජ්ජෙත්වා උපෙක්ඛකො විහරෙය්‍යං සතො සම්පජානො’ති, උපෙක්ඛකො තත්ථ විහරති සතො සම්පජානො.</div>
                            <div class="bodytext">‘‘අජ්ඣත්තං චිත්තෙ...පෙ.... බහිද්ධා චිත්තෙ...පෙ.... අජ්ඣත්තබහිද්ධා චිත්තෙ සමුදයධම්මානුපස්සී 
                                <pb ed="V" n="3.0367"/> විහරති... අජ්ඣත්තබහිද්ධා චිත්තෙ වයධම්මානුපස්සී විහරති... අජ්ඣත්තබහිද්ධා චිත්තෙ සමුදයවයධම්මානුපස්සී විහරති ආතාපී...පෙ.... අභිජ්ඣාදොමනස්සං.
                            </div>
                            <div class="bodytext">‘‘සො 
                                <pb ed="T" n="5.0379"/> සචෙ ආකඞ්ඛති - ‘අප්පටිකූලෙ පටිකූලසඤ්ඤී විහරෙය්‍ය’න්ති 
                                <pb ed="M" n="3.0259"/>, පටිකූලසඤ්ඤී තත්ථ විහරති...පෙ.... උපෙක්ඛකො තත්ථ විහරති සතො සම්පජානො.
                            </div>
                            <div class="bodytext">‘‘අජ්ඣත්තං ධම්මෙසු...පෙ.... බහිද්ධා ධම්මෙසු...පෙ.... අජ්ඣත්තබහිද්ධා ධම්මෙසු සමුදයධම්මානුපස්සී විහරති... අජ්ඣත්තබහිද්ධා ධම්මෙසු වයධම්මානුපස්සී විහරති... අජ්ඣත්තබහිද්ධා ධම්මෙසු සමුදයවයධම්මානුපස්සී විහරති ආතාපී සම්පජානො සතිමා, විනෙය්‍ය ලොකෙ අභිජ්ඣාදොමනස්සං.</div>
                            <div class="bodytext">‘‘සො සචෙ ආකඞ්ඛති - ‘අප්පටිකූලෙ පටිකූලසඤ්ඤී විහරෙය්‍ය’න්ති, පටිකූලසඤ්ඤී තත්ථ විහරති...පෙ.... උපෙක්ඛකො තත්ථ විහරති සතො සම්පජානො. එත්තාවතා ඛො, ආවුසො, භික්ඛුනො චත්තාරො සතිපට්ඨානා ආරද්ධා හොන්තී’’ති. පඨමං.</div>
                        </div>
                    </div>
                </div>
                <div class="subhead ct_sutta" node-id="25174">
                    <span class="subhead ct_sutta">2. දුතියරහොගතසුත්තං</span>
                    <div class="subhead-contents">
                        <div class="paragraph" para="900">
                            <span class="paranum">900</span>
                            <div class="bodytext"> සාවත්ථිනිදානං. අථ ඛො ආයස්මතො අනුරුද්ධස්ස රහොගතස්ස පටිසල්ලීනස්ස එවං චෙතසො පරිවිතක්කො උදපාදි - ‘‘යෙසං කෙසඤ්චි චත්තාරො සතිපට්ඨානා විරද්ධා, විරද්ධො තෙසං අරියො මග්ගො සම්මා දුක්ඛක්ඛයගාමී; යෙසං කෙසඤ්චි චත්තාරො සතිපට්ඨානා ආරද්ධා, ආරද්ධො තෙසං අරියො මග්ගො සම්මා දුක්ඛක්ඛයගාමී’’ති.</div>
                            <div class="bodytext">අථ ඛො ආයස්මා මහාමොග්ගල්ලානො ආයස්මතො අනුරුද්ධස්ස චෙතසා චෙතොපරිවිතක්කමඤ්ඤාය - සෙය්‍යථාපි නාම 
                                <pb ed="P" n="5.0297"/> බලවා පුරිසො සමිඤ්ජිතං වා බාහං පසාරෙය්‍ය 
                                <pb ed="T" n="5.0380"/>, පසාරිතං වා බාහං සමිඤ්ජෙය්‍ය, එවමෙව - ආයස්මතො අනුරුද්ධස්ස සම්මුඛෙ පාතුරහොසි.
                            </div>
                            <div class="bodytext">අථ ඛො ආයස්මා මහාමොග්ගල්ලානො ආයස්මන්තං අනුරුද්ධං එතදවොච - ‘‘කිත්තාවතා නු ඛො, ආවුසො අනුරුද්ධ, භික්ඛුනො චත්තාරො සතිපට්ඨානා ආරද්ධා හොන්තී’’ති?</div>
                            <div class="bodytext">‘‘ඉධාවුසො 
                                <pb ed="V" n="3.0368"/>, භික්ඛු අජ්ඣත්තං කායෙ කායානුපස්සී විහරති ආතාපී සම්පජානො සතිමා, විනෙය්‍ය ලොකෙ අභිජ්ඣාදොමනස්සං. බහිද්ධා කායෙ කායානුපස්සී විහරති...පෙ.... අජ්ඣත්තබහිද්ධා කායෙ කායානුපස්සී විහරති ආතාපී සම්පජානො සතිමා, විනෙය්‍ය ලොකෙ අභිජ්ඣාදොමනස්සං.
                            </div>
                            <div class="bodytext">‘‘අජ්ඣත්තං වෙදනාසු වෙදනානුපස්සී විහරති ආතාපී සම්පජානො සතිමා, විනෙය්‍ය ලොකෙ අභිජ්ඣාදොමනස්සං. බහිද්ධා වෙදනාසු වෙදනානුපස්සී 
                                <pb ed="M" n="3.0260"/> විහරති ආතාපී සම්පජානො සතිමා, විනෙය්‍ය ලොකෙ අභිජ්ඣාදොමනස්සං. අජ්ඣත්තබහිද්ධා වෙදනාසු වෙදනානුපස්සී විහරති ආතාපී සම්පජානො සතිමා, විනෙය්‍ය ලොකෙ අභිජ්ඣාදොමනස්සං.
                            </div>
                            <div class="bodytext">‘‘අජ්ඣත්තං චිත්තෙ...පෙ.... බහිද්ධා චිත්තෙ...පෙ.... අජ්ඣත්තබහිද්ධා චිත්තෙ චිත්තානුපස්සී විහරති ආතාපී සම්පජානො සතිමා, විනෙය්‍ය ලොකෙ අභිජ්ඣාදොමනස්සං.</div>
                            <div class="bodytext">‘‘අජ්ඣත්තං ධම්මෙසු...පෙ.... බහිද්ධා ධම්මෙසු...පෙ.... අජ්ඣත්තබහිද්ධා ධම්මෙසු ධම්මානුපස්සී විහරති ආතාපී සම්පජානො සතිමා, විනෙය්‍ය ලොකෙ අභිජ්ඣාදොමනස්සං. එත්තාවතා ඛො, ආවුසො, භික්ඛුනො 
                                <pb ed="T" n="5.0381"/> චත්තාරො සතිපට්ඨානා ආරද්ධා හොන්තී’’ති. දුතියං.
                            </div>
                        </div>
                    </div>
                </div>
                <div class="subhead ct_sutta" node-id="25175">
                    <span class="subhead ct_sutta">3. සුතනුසුත්තං</span>
                    <div class="subhead-contents">
                        <div class="paragraph" para="901">
                            <span class="paranum">901</span>
                            <div class="bodytext"> එකං සමයං ආයස්මා අනුරුද්ධො සාවත්ථියං විහරති සුතනුතීරෙ. අථ ඛො සම්බහුලා භික්ඛූ යෙනායස්මා අනුරුද්ධො තෙනුපසඞ්කමිංසු; උපසඞ්කමිත්වා ආයස්මතා අනුරුද්ධෙන සද්ධිං සම්මොදිංසු. සම්මොදනීයං කථං සාරණීයං වීතිසාරෙත්වා එකමන්තං නිසීදිංසු. එකමන්තං 
                                <pb ed="P" n="5.0298"/> නිසින්නා ඛො තෙ භික්ඛූ ආයස්මන්තං අනුරුද්ධං එතදවොචුං - ‘‘කතමෙසං ආයස්මා අනුරුද්ධො ධම්මානං භාවිතත්තා බහුලීකතත්තා මහාභිඤ්ඤතං පත්තො’’ති?
                            </div>
                            <div class="bodytext">‘‘චතුන්නං ඛ්වාහං, ආවුසො, සතිපට්ඨානානං භාවිතත්තා බහුලීකතත්තා මහාභිඤ්ඤතං පත්තො. කතමෙසං චතුන්නං? ඉධාහං, ආවුසො, කායෙ කායානුපස්සී විහරාමි ආතාපී සම්පජානො සතිමා, විනෙය්‍ය ලොකෙ අභිජ්ඣාදොමනස්සං; වෙදනාසු...පෙ.... 
                                <pb ed="V" n="3.0369"/> චිත්තෙ...පෙ.... ධම්මෙසු ධම්මානුපස්සී විහරාමි ආතාපී සම්පජානො සතිමා, විනෙය්‍ය ලොකෙ අභිජ්ඣාදොමනස්සං - ඉමෙසං ඛ්වාහං, ආවුසො, චතුන්නං සතිපට්ඨානානං භාවිතත්තා බහුලීකතත්තා මහාභිඤ්ඤතං පත්තො. ඉමෙසඤ්ච පනාහං, ආවුසො, චතුන්නං සතිපට්ඨානානං භාවිතත්තා බහුලීකතත්තා හීනං ධම්මං හීනතො අබ්භඤ්ඤාසිං, මජ්ඣිමං ධම්මං මජ්ඣිමතො අබ්භඤ්ඤාසිං, පණීතං ධම්මං පණීතතො අබ්භඤ්ඤාසි’’න්ති. තතියං.
                            </div>
                        </div>
                    </div>
                </div>
                <div class="subhead ct_sutta" node-id="25176">
                    <span class="subhead ct_sutta">4. පඨමකණ්ඩකීසුත්තං</span>
                    <div class="subhead-contents">
                        <div class="paragraph" para="902">
                            <span class="paranum">902</span>
                            <div class="bodytext"> එකං සමයං ආයස්මා ච අනුරුද්ධො ආයස්මා ච සාරිපුත්තො ආයස්මා ච මහාමොග්ගල්ලානො සාකෙතෙ විහරන්ති කණ්ඩකීවනෙ 
                                <pb ed="T" n="5.0382"/>. අථ 
                                <pb ed="M" n="3.0261"/> ඛො ආයස්මා ච සාරිපුත්තො ආයස්මා ච මහාමොග්ගල්ලානො සායන්හසමයං පටිසල්ලානා වුට්ඨිතා යෙනායස්මා අනුරුද්ධො තෙනුපසඞ්කමිංසු; උපසඞ්කමිත්වා ආයස්මතා අනුරුද්ධෙන සද්ධිං සම්මොදිංසු. සම්මොදනීයං කථං සාරණීයං වීතිසාරෙත්වා එකමන්තං නිසීදිංසු. එකමන්තං නිසින්නො ඛො ආයස්මා සාරිපුත්තො ආයස්මන්තං අනුරුද්ධං එතදවොච - ‘‘සෙඛෙනාවුසො අනුරුද්ධ, භික්ඛුනා කතමෙ ධම්මා උපසම්පජ්ජ විහාතබ්බා’’ති?
                            </div>
                            <div class="bodytext">‘‘සෙඛෙනාවුසො සාරිපුත්ත, භික්ඛුනා චත්තාරො සතිපට්ඨානා උපසම්පජ්ජ විහාතබ්බා. කතමෙ චත්තාරො? ඉධාවුසො, භික්ඛු කායෙ කායානුපස්සී විහරති ආතාපී සම්පජානො සතිමා, විනෙය්‍ය ලොකෙ අභිජ්ඣාදොමනස්සං; වෙදනාසු 
                                <pb ed="P" n="5.0299"/> ...පෙ.... චිත්තෙ...පෙ.... ධම්මෙසු ධම්මානුපස්සී විහරති ආතාපී සම්පජානො සතිමා, විනෙය්‍ය ලොකෙ අභිජ්ඣාදොමනස්සං - සෙඛෙනාවුසො සාරිපුත්ත, භික්ඛුනා ඉමෙ චත්තාරො සතිපට්ඨානා උපසම්පජ්ජ විහාතබ්බා’’ති. චතුත්ථං.
                            </div>
                        </div>
                    </div>
                </div>
                <div class="subhead ct_sutta" node-id="25177">
                    <span class="subhead ct_sutta">5. දුතියකණ්ඩකීසුත්තං</span>
                    <div class="subhead-contents">
                        <div class="paragraph" para="903">
                            <span class="paranum">903</span>
                            <div class="bodytext"> සාකෙතනිදානං. එකමන්තං නිසින්නො ඛො ආයස්මා සාරිපුත්තො ආයස්මන්තං අනුරුද්ධං 
                                <pb ed="V" n="3.0370"/> එතදවොච - ‘‘අසෙඛෙනාවුසො අනුරුද්ධ, භික්ඛුනා කතමෙ ධම්මා උපසම්පජ්ජ විහාතබ්බා’’ති? ‘‘අසෙඛෙනාවුසො සාරිපුත්ත, භික්ඛුනා චත්තාරො සතිපට්ඨානා උපසම්පජ්ජ විහාතබ්බා. කතමෙ චත්තාරො? ඉධාවුසො, භික්ඛු කායෙ කායානුපස්සී විහරති ආතාපී සම්පජානො සතිමා, විනෙය්‍ය ලොකෙ අභිජ්ඣාදොමනස්සං 
                                <pb ed="T" n="5.0383"/>; වෙදනාසු...පෙ.... චිත්තෙ...පෙ.... ධම්මෙසු ධම්මානුපස්සී විහරති ආතාපී සම්පජානො සතිමා, විනෙය්‍ය ලොකෙ අභිජ්ඣාදොමනස්සං - අසෙඛෙනාවුසො සාරිපුත්ත, භික්ඛුනා ඉමෙ චත්තාරො සතිපට්ඨානා උපසම්පජ්ජ විහාතබ්බා’’ති. පඤ්චමං.
                            </div>
                        </div>
                    </div>
                </div>
                <div class="subhead ct_sutta" node-id="25178">
                    <span class="subhead ct_sutta">6. තතියකණ්ඩකීසුත්තං</span>
                    <div class="subhead-contents">
                        <div class="paragraph" para="904">
                            <span class="paranum">904</span>
                            <div class="bodytext"> සාකෙතනිදානං. එකමන්තං නිසින්නො ඛො ආයස්මා සාරිපුත්තො ආයස්මන්තං අනුරුද්ධං එතදවොච - ‘‘කතමෙසං ආයස්මා අනුරුද්ධො ධම්මානං භාවිතත්තා බහුලීකතත්තා මහාභිඤ්ඤතං පත්තො’’ති? ‘‘චතුන්නං ඛ්වාහං, ආවුසො, සතිපට්ඨානානං භාවිතත්තා බහුලීකතත්තා මහාභිඤ්ඤතං පත්තො 
                                <pb ed="M" n="3.0262"/>. කතමෙසං චතුන්නං? ඉධාහං, ආවුසො, කායෙ කායානුපස්සී විහරාමි ආතාපී සම්පජානො සතිමා, විනෙය්‍ය ලොකෙ අභිජ්ඣාදොමනස්සං; වෙදනාසු...පෙ.... චිත්තෙ...පෙ.... ධම්මෙසු ධම්මානුපස්සී විහරාමි ආතාපී සම්පජානො සතිමා, විනෙය්‍ය ලොකෙ අභිජ්ඣාදොමනස්සං - ඉමෙසං ඛ්වාහං, ආවුසො, චතුන්නං සතිපට්ඨානානං භාවිතත්තා බහුලීකතත්තා මහාභිඤ්ඤතං පත්තො. ඉමෙසඤ්ච පනාහං, ආවුසො, චතුන්නං සතිපට්ඨානානං භාවිතත්තා බහුලීකතත්තා සහස්සං ලොකං අභිජානාමී’’ති. ඡට්ඨං.
                            </div>
                        </div>
                    </div>
                </div>
                <div class="subhead ct_sutta" node-id="25179">
                    <span class="subhead ct_sutta">7. තණ්හක්ඛයසුත්තං</span>
                    <div class="subhead-contents">
                        <div class="paragraph" para="905">
                            <span class="paranum">905</span>
                            <div class="bodytext"> සාවත්ථිනිදානං 
                                <pb ed="P" n="5.0300"/>. තත්‍ර ඛො ආයස්මා අනුරුද්ධො භික්ඛූ ආමන්තෙසි - ‘‘ආවුසො භික්ඛවො’’ති. ‘‘ආවුසො’’ති ඛො තෙ භික්ඛූ ආයස්මතො අනුරුද්ධස්ස පච්චස්සොසුං. ආයස්මා අනුරුද්ධො එතදවොච -
                            </div>
                            <div class="bodytext">‘‘චත්තාරොමෙ 
                                <pb ed="V" n="3.0371"/>, ආවුසො, සතිපට්ඨානා භාවිතා බහුලීකතා තණ්හක්ඛයාය සංවත්තන්ති. කතමෙ චත්තාරො? ඉධාවුසො, භික්ඛු කායෙ කායානුපස්සී විහරති...පෙ.... 
                                <pb ed="T" n="5.0384"/> වෙදනාසු...පෙ.... චිත්තෙ...පෙ.... ධම්මෙසු ධම්මානුපස්සී විහරති ආතාපී සම්පජානො සතිමා, විනෙය්‍ය ලොකෙ අභිජ්ඣාදොමනස්සං - ඉමෙ ඛො, ආවුසො, චත්තාරො සතිපට්ඨානා භාවිතා බහුලීකතා තණ්හක්ඛයාය සංවත්තන්තී’’ති. සත්තමං.
                            </div>
                        </div>
                    </div>
                </div>
                <div class="subhead ct_sutta" node-id="251710">
                    <span class="subhead ct_sutta">8. සලළාගාරසුත්තං</span>
                    <div class="subhead-contents">
                        <div class="paragraph" para="906">
                            <span class="paranum">906</span>
                            <div class="bodytext"> එකං සමයං ආයස්මා අනුරුද්ධො සාවත්ථියං විහරති සලළාගාරෙ. තත්‍ර ඛො ආයස්මා අනුරුද්ධො භික්ඛූ ආමන්තෙසි...පෙ.... එතදවොච - ‘‘සෙය්‍යථාපි, ආවුසො, ගඞ්ගා නදී පාචීනනින්නා පාචීනපොණා පාචීනපබ්භාරා. අථ මහාජනකායො ආගච්ඡෙය්‍ය කුද්දාලපිටකං 
                                <span class="note">(කුද්දාලපිටකං (බහූසු))</span> ආදාය - ‘මයං ඉමං ගඞ්ගානදිං පච්ඡානින්නං කරිස්සාම පච්ඡාපොණං පච්ඡාපබ්භාර’න්ති. තං කිං මඤ්ඤථාවුසො, අපි නු සො මහාජනකායො ගඞ්ගානදිං පච්ඡානින්නං කරෙය්‍ය පච්ඡාපොණං පච්ඡාපබ්භාර’’න්ති? ‘‘නො හෙතං, ආවුසො’’. ‘‘තං කිස්ස හෙතු’’? ‘‘ගඞ්ගා, ආවුසො, නදී පාචීනනින්නා පාචීනපොණා පාචීනපබ්භාරා. සා න සුකරා පච්ඡානින්නං කාතුං පච්ඡාපොණං පච්ඡාපබ්භාරං. යාවදෙව ච පන සො මහාජනකායො කිලමථස්ස විඝාතස්ස භාගී අස්සා’’ති.
                            </div>
                            <div class="bodytext">‘‘එවමෙව 
                                <pb ed="M" n="3.0263"/> ඛො, ආවුසො, භික්ඛුං චත්තාරො සතිපට්ඨානෙ භාවෙන්තං චත්තාරො සතිපට්ඨානෙ බහුලීකරොන්තං රාජානො වා රාජමහාමත්තා වා මිත්තා වා අමච්චා වා ඤාතී වා සාලොහිතා වා 
                                <pb ed="P" n="5.0301"/> භොගෙහි අභිහට්ඨුං පවාරෙය්‍යුං - ‘එහම්භො පුරිස, කිං තෙ ඉමෙ කාසාවා අනුදහන්ති? කිං මුණ්ඩො කපාලමනුසඤ්චරසි? එහි හීනායාවත්තිත්වා භොගෙ ච භුඤ්ජස්සු පුඤ්ඤානි ච කරොහී’’’ති.
                            </div>
                            <div class="bodytext">‘‘සො වත, ආවුසො, භික්ඛු චත්තාරො සතිපට්ඨානෙ 
                                <pb ed="T" n="5.0385"/> භාවෙන්තො චත්තාරො සතිපට්ඨානෙ බහුලීකරොන්තො සික්ඛං පච්චක්ඛාය හීනායාවත්තිස්සතීති - නෙතං ඨානං විජ්ජති. තං කිස්ස හෙතු? යඤ්හි තං, ආවුසො, චිත්තං දීඝරත්තං විවෙකනින්නං විවෙකපොණං විවෙකපබ්භාරං තං වත හීනායාවත්තිස්සතීති 
                                <pb ed="V" n="3.0372"/> - නෙතං ඨානං විජ්ජති. කථඤ්චාවුසො, භික්ඛු චත්තාරො සතිපට්ඨානෙ භාවෙති, චත්තාරො සතිපට්ඨානෙ බහුලීකරොතීති? ඉධාවුසො, භික්ඛු කායෙ කායානුපස්සී විහරති...පෙ.... වෙදනාසු...පෙ.... චිත්තෙ...පෙ.... ධම්මෙසු ධම්මානුපස්සී විහරති ආතාපී සම්පජානො සතිමා, විනෙය්‍ය ලොකෙ අභිජ්ඣාදොමනස්සං. එවං ඛො, ආවුසො, භික්ඛු චත්තාරො සතිපට්ඨානෙ භාවෙති, චත්තාරො සතිපට්ඨානෙ බහුලීකරොතී’’ති. අට්ඨමං.
                            </div>
                        </div>
                    </div>
                </div>
                <div class="subhead ct_sutta" node-id="251711">
                    <span class="subhead ct_sutta">9. අම්බපාලිවනසුත්තං</span>
                    <div class="subhead-contents">
                        <div class="paragraph" para="907">
                            <span class="paranum">907</span>
                            <div class="bodytext"> එකං සමයං ආයස්මා ච අනුරුද්ධො ආයස්මා ච සාරිපුත්තො වෙසාලියං විහරන්ති අම්බපාලිවනෙ. අථ ඛො ආයස්මා සාරිපුත්තො සායන්හසමයං පටිසල්ලානා වුට්ඨිතො...පෙ.... එකමන්තං නිසින්නො ඛො ආයස්මා සාරිපුත්තො ආයස්මන්තං අනුරුද්ධං එතදවොච -</div>
                            <div class="bodytext">‘‘විප්පසන්නානි ඛො තෙ, ආවුසො අනුරුද්ධ, ඉන්ද්‍රියානි, පරිසුද්ධො මුඛවණ්ණො පරියොදාතො. කතමෙනායස්මා අනුරුද්ධො විහාරෙන එතරහි බහුලං විහරතී’’ති? ‘‘චතූසු ඛ්වාහං, ආවුසො, සතිපට්ඨානෙසු සුප්පතිට්ඨිතචිත්තො එතරහි බහුලං විහරාමි. කතමෙසු චතූසු? ඉධාහං, ආවුසො, කායෙ කායානුපස්සී 
                                <pb ed="T" n="5.0386"/> විහරාමි ආතාපී සම්පජානො සතිමා, විනෙය්‍ය ලොකෙ අභිජ්ඣාදොමනස්සං; වෙදනාසු...පෙ.... චිත්තෙ...පෙ.... ධම්මෙසු ධම්මානුපස්සී විහරාමි ආතාපී 
                                <pb ed="M" n="3.0264"/> සම්පජානො 
                                <pb ed="P" n="5.0302"/> සතිමා, විනෙය්‍ය ලොකෙ අභිජ්ඣාදොමනස්සං - ඉමෙසු ඛ්වාහං, ආවුසො, චතූසු සතිපට්ඨානෙසු සුප්පතිට්ඨිතචිත්තො එතරහි බහුලං විහරාමි. යො සො, ආවුසො, භික්ඛු අරහං ඛීණාසවො වුසිතවා කතකරණීයො ඔහිතභාරො අනුප්පත්තසදත්ථො පරික්ඛීණභවසංයොජනො සම්මදඤ්ඤා විමුත්තො, සො ඉමෙසු චතූසු සතිපට්ඨානෙසු සුප්පතිට්ඨිතචිත්තො බහුලං විහරතී’’ති.
                            </div>
                            <div class="bodytext">‘‘ලාභා වත නො, ආවුසො, සුලද්ධං වත නො, ආවුසො! යෙ මයං ආයස්මතො අනුරුද්ධස්ස සම්මුඛාව අස්සුම්හ ආසභිං වාචං භාසමානස්සා’’ති. නවමං.</div>
                        </div>
                    </div>
                </div>
                <div class="subhead ct_sutta" node-id="251712">
                    <span class="subhead ct_sutta">10. බාළ්හගිලානසුත්තං</span>
                    <div class="subhead-contents">
                        <div class="paragraph" para="908">
                            <span class="paranum">908</span>
                            <div class="bodytext"> එකං 
                                <pb ed="V" n="3.0373"/> සමයං ආයස්මා අනුරුද්ධො සාවත්ථියං විහරති අන්ධවනස්මිං ආබාධිකො දුක්ඛිතො බාළ්හගිලානො. අථ ඛො සම්බහුලා භික්ඛූ යෙනායස්මා අනුරුද්ධො තෙනුපසඞ්කමිංසු; උපසඞ්කමිත්වා ආයස්මන්තං අනුරුද්ධං එතදවොචුං -
                            </div>
                            <div class="bodytext">‘‘කතමෙනායස්මතො අනුරුද්ධස්ස විහාරෙන විහරතො උප්පන්නා සාරීරිකා දුක්ඛා වෙදනා චිත්තං න පරියාදාය තිට්ඨන්තී’’ති? ‘‘චතූසු ඛො මෙ, ආවුසො, සතිපට්ඨානෙසු සුප්පතිට්ඨිතචිත්තස්ස විහරතො උප්පන්නා සාරීරිකා දුක්ඛා වෙදනා චිත්තං න පරියාදාය තිට්ඨන්ති. කතමෙසු චතූසු? ඉධාහං, ආවුසො, කායෙ කායානුපස්සී විහරාමි...පෙ.... වෙදනාසු...පෙ.... චිත්තෙ...පෙ.... ධම්මෙසු ධම්මානුපස්සී විහරාමි ආතාපී සම්පජානො සතිමා, විනෙය්‍ය ලොකෙ අභිජ්ඣාදොමනස්සං - ඉමෙසු 
                                <pb ed="T" n="5.0387"/> ඛො මෙ, ආවුසො, චතූසු සතිපට්ඨානෙසු සුප්පතිට්ඨිතචිත්තස්ස විහරතො උප්පන්නා සාරීරිකා දුක්ඛා වෙදනා චිත්තං න පරියාදාය තිට්ඨන්තී’’ති. දසමං.
                            </div>
                        </div>
                    </div>
                </div>
            </div>
            <div class="centre ct_vagga ending">රහොගතවග්ගො පඨමො.</div>
            <div class="paragraph udana" para="udana">
                <div class="bodytext ct_vagga">තස්සුද්දානං -</div>
                <div class="ct_vagga gatha">රහොගතෙන 
                    <pb ed="P" n="5.0303"/> ද්වෙ වුත්තා, සුතනු කණ්ඩකී තයො;
                </div>
                <div class="gathalast ct_vagga">තණ්හක්ඛයසලළාගාරං, අම්බපාලි ච ගිලානන්ති.</div>
            </div>
        </div>
        <div class="title ct_vagga" node-id="25172">
            <span class="title ct_vagga">2. දුතියවග්ගො</span>
            <div class="title-contents">
                <div class="subhead ct_sutta" node-id="251713">
                    <span class="subhead ct_sutta">1. කප්පසහස්සසුත්තං</span>
                    <div class="subhead-contents">
                        <div class="paragraph" para="909">
                            <span class="paranum">909</span>
                            <div class="bodytext"> එකං 
                                <pb ed="T" n="5.0388"/>
                                <pb ed="M" n="3.0265"/> සමයං ආයස්මා අනුරුද්ධො සාවත්ථියං විහරති ජෙතවනෙ අනාථපිණ්ඩිකස්ස ආරාමෙ. අථ ඛො සම්බහුලා භික්ඛූ යෙනායස්මා අනුරුද්ධො තෙනුපසඞ්කමිංසු; උපසඞ්කමිත්වා ආයස්මතා 
                                <pb ed="V" n="3.0374"/> අනුරුද්ධෙන සද්ධිං...පෙ.... එකමන්තං නිසින්නා ඛො තෙ භික්ඛූ ආයස්මන්තං අනුරුද්ධං එතදවොචුං -
                            </div>
                            <div class="bodytext">‘‘කතමෙසං ආයස්මා අනුරුද්ධො ධම්මානං භාවිතත්තා බහුලීකතත්තා මහාභිඤ්ඤතං පත්තො’’ති? ‘‘චතුන්නං ඛ්වාහං, ආවුසො, සතිපට්ඨානානං භාවිතත්තා බහුලීකතත්තා මහාභිඤ්ඤතං පත්තො. කතමෙසං චතුන්නං? ඉධාහං, ආවුසො, කායෙ කායානුපස්සී විහරාමි...පෙ.... වෙදනාසු...පෙ.... චිත්තෙ...පෙ.... ධම්මෙසු ධම්මානුපස්සී විහරාමි ආතාපී සම්පජානො සතිමා, විනෙය්‍ය ලොකෙ අභිජ්ඣාදොමනස්සං - ඉමෙසං ඛ්වාහං, ආවුසො, චතුන්නං සතිපට්ඨානානං භාවිතත්තා බහුලීකතත්තා මහාභිඤ්ඤතං පත්තො. ඉමෙසඤ්ච පනාහං, ආවුසො, චතුන්නං සතිපට්ඨානානං භාවිතත්තා බහුලීකතත්තා කප්පසහස්සං අනුස්සරාමී’’ති. පඨමං.</div>
                        </div>
                    </div>
                </div>
                <div class="subhead ct_sutta" node-id="251714">
                    <span class="subhead ct_sutta">2. ඉද්ධිවිධසුත්තං</span>
                    <div class="subhead-contents">
                        <div class="paragraph" para="910">
                            <span class="paranum">910</span>
                            <div class="bodytext"> ‘‘ඉමෙසඤ්ච පනාහං, ආවුසො, චතුන්නං සතිපට්ඨානානං භාවිතත්තා බහුලීකතත්තා අනෙකවිහිතං ඉද්ධිවිධං පච්චනුභොමි - එකොපි හුත්වා බහුධා හොමි...පෙ.... යාව බ්‍රහ්මලොකාපි කායෙන වසං වත්තෙමී’’ති. දුතියං.</div>
                        </div>
                    </div>
                </div>
                <div class="subhead ct_sutta" node-id="251715">
                    <span class="subhead ct_sutta">3. දිබ්බසොතසුත්තං</span>
                    <div class="subhead-contents">
                        <div class="paragraph" para="911">
                            <span class="paranum">911</span>
                            <div class="bodytext"> ‘‘ඉමෙසඤ්ච 
                                <pb ed="T" n="5.0389"/>
                                <pb ed="P" n="5.0304"/> පනාහං, ආවුසො, චතුන්නං සතිපට්ඨානානං භාවිතත්තා බහුලීකතත්තා දිබ්බාය සොතධාතුයා විසුද්ධාය අතික්කන්තමානුසිකාය උභො සද්දෙ සුණාමි දිබ්බෙ ච මානුසෙ ච යෙ දූරෙ සන්තිකෙ චා’’ති. තතියං.
                            </div>
                        </div>
                    </div>
                </div>
                <div class="subhead ct_sutta" node-id="251716">
                    <span class="subhead ct_sutta">4. චෙතොපරියසුත්තං</span>
                    <div class="subhead-contents">
                        <div class="paragraph" para="912">
                            <span class="paranum">912</span>
                            <div class="bodytext"> ‘‘ඉමෙසඤ්ච පනාහං, ආවුසො, චතුන්නං සතිපට්ඨානානං භාවිතත්තා බහුලීකතත්තා පරසත්තානං පරපුග්ගලානං චෙතසා චෙතො පරිච්ච පජානාමි 
                                <pb ed="M" n="3.0266"/> - සරාගං වා චිත්තං ‘සරාගං 
                                <pb ed="V" n="3.0375"/> චිත්ත’න්ති පජානාමි...පෙ.... අවිමුත්තං වා චිත්තං ‘අවිමුත්තං චිත්ත’න්ති පජානාමී’’ති. චතුත්ථං.
                            </div>
                        </div>
                    </div>
                </div>
                <div class="subhead ct_sutta" node-id="251717">
                    <span class="subhead ct_sutta">5. ඨානසුත්තං</span>
                    <div class="subhead-contents">
                        <div class="paragraph" para="913">
                            <span class="paranum">913</span>
                            <div class="bodytext"> ‘‘ඉමෙසඤ්ච පනාහං, ආවුසො, චතුන්නං සතිපට්ඨානානං භාවිතත්තා බහුලීකතත්තා ඨානඤ්ච ඨානතො අට්ඨානඤ්ච අට්ඨානතො යථාභූතං පජානාමී’’ති. පඤ්චමං.</div>
                        </div>
                    </div>
                </div>
                <div class="subhead ct_sutta" node-id="251718">
                    <span class="subhead ct_sutta">6. කම්මසමාදානසුත්තං</span>
                    <div class="subhead-contents">
                        <div class="paragraph" para="914">
                            <span class="paranum">914</span>
                            <div class="bodytext"> ‘‘ඉමෙසඤ්ච පනාහං, ආවුසො, චතුන්නං සතිපට්ඨානානං භාවිතත්තා බහුලීකතත්තා අතීතානාගතපච්චුප්පන්නානං කම්මසමාදානානං ඨානසො හෙතුසො විපාකං යථාභූතං පජානාමී’’ති. ඡට්ඨං.</div>
                        </div>
                    </div>
                </div>
                <div class="subhead ct_sutta" node-id="251719">
                    <span class="subhead ct_sutta">7. සබ්බත්ථගාමිනිසුත්තං</span>
                    <div class="subhead-contents">
                        <div class="paragraph" para="915">
                            <span class="paranum">915</span>
                            <div class="bodytext"> ‘‘ඉමෙසඤ්ච පනාහං, ආවුසො, චතුන්නං සතිපට්ඨානානං භාවිතත්තා බහුලීකතත්තා සබ්බත්ථගාමිනිප්පටිපදං යථාභූතං පජානාමී’’ති. සත්තමං.</div>
                        </div>
                    </div>
                </div>
                <div class="subhead ct_sutta" node-id="251720">
                    <span class="subhead ct_sutta">8. නානාධාතුසුත්තං</span>
                    <div class="subhead-contents">
                        <div class="paragraph" para="916">
                            <span class="paranum">916</span>
                            <div class="bodytext"> ‘‘ඉමෙසඤ්ච පනාහං, ආවුසො, චතුන්නං සතිපට්ඨානානං භාවිතත්තා බහුලීකතත්තා අනෙකධාතුනානාධාතුලොකං යථාභූතං පජානාමී’’ති. අට්ඨමං.</div>
                        </div>
                    </div>
                </div>
                <div class="subhead ct_sutta" node-id="251721">
                    <span class="subhead ct_sutta">9. නානාධිමුත්තිසුත්තං</span>
                    <div class="subhead-contents">
                        <div class="paragraph" para="917">
                            <span class="paranum">917</span>
                            <div class="bodytext"> ‘‘ඉමෙසඤ්ච 
                                <pb ed="T" n="5.0390"/>
                                <pb ed="P" n="5.0305"/> පනාහං, ආවුසො, චතුන්නං සතිපට්ඨානානං භාවිතත්තා බහුලීකතත්තා සත්තානං නානාධිමුත්තිකතං යථාභූතං පජානාමී’’ති. නවමං.
                            </div>
                        </div>
                    </div>
                </div>
                <div class="subhead ct_sutta" node-id="251722">
                    <span class="subhead ct_sutta">10. ඉන්ද්‍රියපරොපරියත්තසුත්තං</span>
                    <div class="subhead-contents">
                        <div class="paragraph" para="918">
                            <span class="paranum">918</span>
                            <div class="bodytext"> ‘‘ඉමෙසඤ්ච 
                                <pb ed="V" n="3.0376"/> පනාහං, ආවුසො, චතුන්නං සතිපට්ඨානානං භාවිතත්තා බහුලීකතත්තා පරසත්තානං පරපුග්ගලානං ඉන්ද්‍රියපරොපරියත්තං යථාභූතං පජානාමී’’ති. දසමං.
                            </div>
                        </div>
                    </div>
                </div>
                <div class="subhead ct_sutta" node-id="251723">
                    <span class="subhead ct_sutta">11. ඣානාදිසුත්තං</span>
                    <div class="subhead-contents">
                        <div class="paragraph" para="919">
                            <span class="paranum">919</span>
                            <div class="bodytext"> ‘‘ඉමෙසඤ්ච 
                                <pb ed="M" n="3.0267"/> පනාහං, ආවුසො, චතුන්නං සතිපට්ඨානානං භාවිතත්තා බහුලීකතත්තා ඣානවිමොක්ඛසමාධිසමාපත්තීනං සංකිලෙසං වොදානං වුට්ඨානං යථාභූතං පජානාමී’’ති. එකාදසමං.
                            </div>
                        </div>
                    </div>
                </div>
                <div class="subhead ct_sutta" node-id="251724">
                    <span class="subhead ct_sutta">12. පුබ්බෙනිවාසසුත්තං</span>
                    <div class="subhead-contents">
                        <div class="paragraph" para="920">
                            <span class="paranum">920</span>
                            <div class="bodytext"> ‘‘ඉමෙසඤ්ච පනාහං, ආවුසො, චතුන්නං සතිපට්ඨානානං භාවිතත්තා බහුලීකතත්තා අනෙකවිහිතං පුබ්බෙනිවාසං අනුස්සරාමි, සෙය්‍යථිදං - එකම්පි ජාතිං ද්වෙපි ජාතියො...පෙ.... ඉති සාකාරං සඋද්දෙසං අනෙකවිහිතං පුබ්බෙනිවාසං අනුස්සරාමී’’ති. ද්වාදසමං.</div>
                        </div>
                    </div>
                </div>
                <div class="subhead ct_sutta" node-id="251725">
                    <span class="subhead ct_sutta">13. දිබ්බචක්ඛුසුත්තං</span>
                    <div class="subhead-contents">
                        <div class="paragraph" para="921">
                            <span class="paranum">921</span>
                            <div class="bodytext"> ‘‘ඉමෙසඤ්ච පනාහං, ආවුසො, චතුන්නං සතිපට්ඨානානං භාවිතත්තා බහුලීකතත්තා දිබ්බෙන චක්ඛුනා විසුද්ධෙන අතික්කන්තමානුසකෙන සත්තෙ පස්සාමි චවමානෙ උපපජ්ජමානෙ...පෙ.... ඉති දිබ්බෙන චක්ඛුනා විසුද්ධෙන අතික්කන්තමානුසකෙන යථාකම්මූපගෙ සත්තෙ පජානාමී’’ති. තෙරසමං.</div>
                        </div>
                    </div>
                </div>
                <div class="subhead ct_sutta" node-id="251726">
                    <span class="subhead ct_sutta">14. ආසවක්ඛයසුත්තං</span>
                    <div class="subhead-contents">
                        <div class="paragraph" para="922">
                            <span class="paranum">922</span>
                            <div class="bodytext"> ‘‘ඉමෙසඤ්ච පනාහං, ආවුසො, චතුන්නං සතිපට්ඨානානං භාවිතත්තා බහුලීකතත්තා ආසවානං ඛයා අනාසවං චෙතොවිමුත්තිං පඤ්ඤාවිමුත්තිං දිට්ඨෙ 
                                <pb ed="P" n="5.0306"/> ධම්මෙ සයං අභිඤ්ඤා සච්ඡිකත්වා උපසම්පජ්ජ විහරාමී’’ති. චුද්දසමං.
                            </div>
                        </div>
                    </div>
                </div>
            </div>
            <div class="centre ct_vagga ending">දුතියො වග්ගො.</div>
            <div class="paragraph udana" para="udana">
                <div class="bodytext ct_vagga">තස්සුද්දානං -</div>
                <div class="ct_vagga gatha">මහාභිඤ්ඤං 
                    <pb ed="T" n="5.0391"/>
                    <pb ed="V" n="3.0377"/> ඉද්ධි දිබ්බං, චෙතොපරියං ඨානං කම්මං;
                </div>
                <div class="gathalast ct_vagga">සබ්බත්ථධාතුධිමුත්ති, ඉන්ද්‍රියං ඣානං තිස්සො විජ්ජාති.</div>
            </div>
        </div>
    </div>
    <div class="centre ct_samyuththa ending">අනුරුද්ධසංයුත්තං අට්ඨමං.</div>
</div>