<div class="chapter ct_vagga" node-id="29360">
    <span class="chapter ct_vagga">(27) 7. කම්මපථවග්ගො</span>
    <div class="chapter-contents">
        <div class="subhead ct_sutta" node-id="29361">
            <span class="subhead ct_sutta">1. පාණාතිපාතීසුත්තං</span>
            <div class="subhead-contents">
                <div class="paragraph" para="264">
                    <span class="paranum">264</span>
                    <div class="bodytext"> ‘‘චතූහි 
                        <pb ed="V" n="1.0290"/>, භික්ඛවෙ, ධම්මෙහි සමන්නාගතො යථාභතං නික්ඛිත්තො එවං නිරයෙ. කතමෙහි චතූහි? අත්තනා ච පාණාතිපාතී හොති, පරඤ්ච පාණාතිපාතෙ සමාදපෙති, පාණාතිපාතෙ ච සමනුඤ්ඤො හොති, පාණාතිපාතස්ස ච වණ්ණං භාසති - ඉමෙහි ඛො, භික්ඛවෙ, චතූහි ධම්මෙහි සමන්නාගතො යථාභතං නික්ඛිත්තො එවං නිරයෙ.
                    </div>
                    <div class="bodytext">‘‘චතූහි, භික්ඛවෙ, ධම්මෙහි සමන්නාගතො යථාභතං නික්ඛිත්තො එවං සග්ගෙ. කතමෙහි චතූහි? අත්තනා ච පාණාතිපාතා පටිවිරතො හොති, පරඤ්ච පාණාතිපාතා වෙරමණියා සමාදපෙති, පාණාතිපාතා වෙරමණියා ච සමනුඤ්ඤො හොති, පාණාතිපාතා වෙරමණියා ච වණ්ණං භාසති - ඉමෙහි ඛො, භික්ඛවෙ, චතූහි ධම්මෙහි සමන්නාගතො යථාභතං නික්ඛිත්තො එවං සග්ගෙ’’ති. පඨමං.</div>
                </div>
            </div>
        </div>
        <div class="subhead ct_sutta" node-id="29362">
            <span class="subhead ct_sutta">2. අදින්නාදායීසුත්තං</span>
            <div class="subhead-contents">
                <div class="paragraph" para="265">
                    <span class="paranum">265</span>
                    <div class="bodytext"> ‘‘චතූහි, භික්ඛවෙ, ධම්මෙහි සමන්නාගතො යථාභතං නික්ඛිත්තො එවං 
                        <pb ed="T" n="2.0342"/> නිරයෙ. කතමෙහි චතූහි? අත්තනා ච අදින්නාදායී හොති, පරඤ්ච අදින්නාදානෙ සමාදපෙති, අදින්නාදානෙ ච සමනුඤ්ඤො හොති, අදින්නාදානස්ස ච වණ්ණං භාසති - ඉමෙහි ඛො...පෙ.....
                    </div>
                    <div class="bodytext">‘‘අත්තනා 
                        <pb ed="P" n="2.0254"/> ච අදින්නාදානා පටිවිරතො හොති, පරඤ්ච අදින්නාදානා වෙරමණියා සමාදපෙති, අදින්නාදානා වෙරමණියා ච සමනුඤ්ඤො හොති, අදින්නාදානා වෙරමණියා ච වණ්ණං භාසති - ඉමෙහි ඛො, භික්ඛවෙ...පෙ..... දුතියං.
                    </div>
                </div>
            </div>
        </div>
        <div class="subhead ct_sutta" node-id="29363">
            <span class="subhead ct_sutta">3. මිච්ඡාචාරීසුත්තං</span>
            <div class="subhead-contents">
                <div class="paragraph" para="266">
                    <span class="paranum">266</span>
                    <div class="bodytext"> ... 
                        <pb ed="V" n="1.0291"/> අත්තනා 
                        <pb ed="M" n="1.0577"/> ච කාමෙසුමිච්ඡාචාරී හොති, පරඤ්ච කාමෙසුමිච්ඡාචාරෙ සමාදපෙති, කාමෙසුමිච්ඡාචාරෙ ච සමනුඤ්ඤො හොති, කාමෙසුමිච්ඡාචාරස්ස ච වණ්ණං භාසති - ඉමෙහි ඛො...පෙ.....
                    </div>
                    <div class="bodytext">අත්තනා ච කාමෙසුමිච්ඡාචාරා පටිවිරතො හොති, පරඤ්ච කාමෙසුමිච්ඡාචාරා වෙරමණියා සමාදපෙති, කාමෙසුමිච්ඡාචාරා වෙරමණියා ච සමනුඤ්ඤො හොති, කාමෙසුමිච්ඡාචාරා වෙරමණියා ච වණ්ණං භාසති - ඉමෙහි ඛො...පෙ..... තතියං.</div>
                </div>
            </div>
        </div>
        <div class="subhead ct_sutta" node-id="29364">
            <span class="subhead ct_sutta">4. මුසාවාදීසුත්තං</span>
            <div class="subhead-contents">
                <div class="paragraph" para="267">
                    <span class="paranum">267</span>
                    <div class="bodytext"> ... අත්තනා ච මුසාවාදී හොති, පරඤ්ච මුසාවාදෙ සමාදපෙති, මුසාවාදෙ ච සමනුඤ්ඤො හොති, මුසාවාදස්ස ච වණ්ණං භාසති - ඉමෙහි ඛො...පෙ.....</div>
                    <div class="bodytext">අත්තනා 
                        <pb ed="T" n="2.0343"/> ච මුසාවාදා පටිවිරතො හොති, පරඤ්ච මුසාවාදා වෙරමණියා සමාදපෙති, මුසාවාදා වෙරමණියා ච සමනුඤ්ඤො හොති, මුසාවාදා වෙරමණියා ච වණ්ණං භාසති - ඉමෙහි...පෙ..... චතුත්ථං.
                    </div>
                </div>
            </div>
        </div>
        <div class="subhead ct_sutta" node-id="29365">
            <span class="subhead ct_sutta">5. පිසුණවාචාසුත්තං</span>
            <div class="subhead-contents">
                <div class="paragraph" para="268">
                    <span class="paranum">268</span>
                    <div class="bodytext"> ... අත්තනා ච පිසුණවාචො හොති, පරඤ්ච පිසුණාය වාචාය සමාදපෙති, පිසුණාය වාචාය ච සමනුඤ්ඤො හොති, පිසුණාය වාචාය ච වණ්ණං භාසති - ඉමෙහි...පෙ.....</div>
                    <div class="bodytext">අත්තනා ච පිසුණාය වාචාය පටිවිරතො හොති, පරඤ්ච පිසුණාය වාචාය වෙරමණියා සමාදපෙති, පිසුණාය වාචාය වෙරමණියා ච සමනුඤ්ඤො හොති, පිසුණාය වාචාය වෙරමණියා ච වණ්ණං භාසති - ඉමෙහි...පෙ..... පඤ්චමං.</div>
                </div>
            </div>
        </div>
        <div class="subhead ct_sutta" node-id="29366">
            <span class="subhead ct_sutta">6. ඵරුසවාචාසුත්තං</span>
            <div class="subhead-contents">
                <div class="paragraph" para="269">
                    <span class="paranum">269</span>
                    <div class="bodytext"> ... 
                        <pb ed="V" n="1.0292"/> අත්තනා ච ඵරුසවාචො හොති, පරඤ්ච ඵරුසාය වාචාය සමාදපෙති, ඵරුසාය වාචාය ච සමනුඤ්ඤො හොති, ඵරුසාය වාචාය ච වණ්ණං භාසති...පෙ.....
                    </div>
                    <div class="bodytext">අත්තනා 
                        <pb ed="M" n="1.0578"/> ච ඵරුසාය වාචාය පටිවිරතො හොති, පරඤ්ච ඵරුසාය වාචාය වෙරමණියා සමාදපෙති, ඵරුසාය වාචාය වෙරමණියා 
                        <pb ed="P" n="2.0255"/> ච සමනුඤ්ඤො හොති, ඵරුසාය වාචාය වෙරමණියා ච වණ්ණං භාසති - ඉමෙහි ඛො...පෙ..... ඡට්ඨං.
                    </div>
                </div>
            </div>
        </div>
        <div class="subhead ct_sutta" node-id="29367">
            <span class="subhead ct_sutta">7. සම්ඵප්පලාපසුත්තං</span>
            <div class="subhead-contents">
                <div class="paragraph" para="270">
                    <span class="paranum">270</span>
                    <div class="bodytext"> ... අත්තනා ච සම්ඵප්පලාපී හොති, පරඤ්ච සම්ඵප්පලාපෙ සමාදපෙති, සම්ඵප්පලාපෙ ච සමනුඤ්ඤො හොති, සම්ඵප්පලාපස්ස ච වණ්ණං භාසති - ඉමෙහි...පෙ.....</div>
                    <div class="bodytext">අත්තනා 
                        <pb ed="M" n="1.0579"/> ච සම්ඵප්පලාපා පටිවිරතො හොති, පරඤ්ච සම්ඵප්පලාපා වෙරමණියා සමාදපෙති, සම්ඵප්පලාපා වෙරමණියා ච සමනුඤ්ඤො හොති, සම්ඵප්පලාපා වෙරමණියා ච වණ්ණං භාසති - ඉමෙහි ඛො, භික්ඛවෙ...පෙ..... සත්තමං.
                    </div>
                </div>
            </div>
        </div>
        <div class="subhead ct_sutta" node-id="29368">
            <span class="subhead ct_sutta">8. අභිජ්ඣාලුසුත්තං</span>
            <div class="subhead-contents">
                <div class="paragraph" para="271">
                    <span class="paranum">271</span>
                    <div class="bodytext"> ... අත්තනා ච අභිජ්ඣාලු හොති, පරඤ්ච අභිජ්ඣාය සමාදපෙති, අභිජ්ඣාය ච සමනුඤ්ඤො හොති, අභිජ්ඣාය ච වණ්ණං භාසති...පෙ.....</div>
                    <div class="bodytext">‘‘අත්තනා 
                        <pb ed="T" n="2.0344"/> ච අනභිජ්ඣාලු හොති, පරඤ්ච අනභිජ්ඣාය සමාදපෙති, අනභිජ්ඣාය ච සමනුඤ්ඤො 
                        <pb ed="V" n="1.0293"/> හොති, අනභිජ්ඣාය ච වණ්ණං භාසති - ඉමෙහි ඛො...පෙ..... අට්ඨමං.
                    </div>
                </div>
            </div>
        </div>
        <div class="subhead ct_sutta" node-id="29369">
            <span class="subhead ct_sutta">9. බ්‍යාපන්නචිත්තසුත්තං</span>
            <div class="subhead-contents">
                <div class="paragraph" para="272">
                    <span class="paranum">272</span>
                    <div class="bodytext"> ... අත්තනා ච බ්‍යාපන්නචිත්තො හොති, පරඤ්ච බ්‍යාපාදෙ සමාදපෙති, බ්‍යාපාදෙ ච සමනුඤ්ඤො හොති, බ්‍යාපාදස්ස ච වණ්ණං භාසති - ඉමෙහි...පෙ.....</div>
                    <div class="bodytext">අත්තනා ච අබ්‍යාපන්නචිත්තො හොති, පරඤ්ච අබ්‍යාපාදෙ සමාදපෙති, අබ්‍යාපාදෙ ච සමනුඤ්ඤො හොති, අබ්‍යාපාදස්ස ච වණ්ණං භාසති - ඉමෙහි ඛො...පෙ..... නවමං.</div>
                </div>
            </div>
        </div>
        <div class="subhead ct_sutta" node-id="293610">
            <span class="subhead ct_sutta">10. මිච්ඡාදිට්ඨිසුත්තං</span>
            <div class="subhead-contents">
                <div class="paragraph" para="273">
                    <span class="paranum">273</span>
                    <div class="bodytext"> ... අත්තනා ච මිච්ඡාදිට්ඨිකො හොති, පරඤ්ච මිච්ඡාදිට්ඨියා සමාදපෙති, මිච්ඡාදිට්ඨියා ච සමනුඤ්ඤො හොති, මිච්ඡාදිට්ඨියා ච වණ්ණං භාසති - ඉමෙහි...පෙ.....</div>
                    <div class="bodytext">අත්තනා ච සම්මාදිට්ඨිකො හොති, පරඤ්ච සම්මාදිට්ඨියා සමාදපෙති, සම්මාදිට්ඨියා ච සමනුඤ්ඤො හොති, සම්මාදිට්ඨියා ච වණ්ණං භාසති - ඉමෙහි 
                        <pb ed="P" n="2.0256"/> ඛො, භික්ඛවෙ, චතූහි ධම්මෙහි සමන්නාගතො යථාභතං නික්ඛිත්තො එවං සග්ගෙති. දසමං.
                    </div>
                </div>
            </div>
        </div>
    </div>
    <div class="centre ct_vagga ending">කම්මපථවග්ගො සත්තමො.</div>
</div>