<div class="chapter ct_vagga" node-id="30360">
    <span class="chapter ct_vagga">1. සම්මුතිපෙය්‍යාලං</span>
    <div class="chapter-contents">
        <div class="subhead ct_sutta" node-id="30361">
            <span class="subhead ct_sutta">1. භත්තුද්දෙසකසුත්තං</span>
            <div class="subhead-contents">
                <div class="paragraph" para="272">
                    <span class="paranum">272</span>
                    <div class="bodytext"> ‘‘පඤ්චහි 
                        <pb ed="V" n="2.0257"/>
                        <pb ed="P" n="3.0274"/>, භික්ඛවෙ, ධම්මෙහි සමන්නාගතො භත්තුද්දෙසකො න සම්මන්නිතබ්බො 
                        <span class="note">(න සම්මනිතබ්බො (ක.) චූළව. 326 පස්සිතබ්බං)</span>. කතමෙහි පඤ්චහි? ඡන්දාගතිං ගච්ඡති, දොසාගතිං ගච්ඡති, මොහාගතිං 
                        <pb ed="M" n="2.0241"/> ගච්ඡති, භයාගතිං ගච්ඡති, උද්දිට්ඨානුද්දිට්ඨං න ජානාති - ඉමෙහි ඛො, භික්ඛවෙ, පඤ්චහි ධම්මෙහි සමන්නාගතො භත්තුද්දෙසකො න සම්මන්නිතබ්බො.
                    </div>
                    <div class="bodytext">‘‘පඤ්චහි, භික්ඛවෙ, ධම්මෙහි සමන්නාගතො භත්තුද්දෙසකො සම්මන්නිතබ්බො. කතමෙහි පඤ්චහි? න ඡන්දාගතිං ගච්ඡති, න දොසාගතිං ගච්ඡති, න මොහාගතිං ගච්ඡති, න භයාගතිං ගච්ඡති, උද්දිට්ඨානුද්දිට්ඨං ජානාති - ඉමෙහි ඛො, භික්ඛවෙ, පඤ්චහි ධම්මෙහි සමන්නාගතො භත්තුද්දෙසකො සම්මන්නිතබ්බොති.</div>
                    <div class="bodytext">‘‘පඤ්චහි, භික්ඛවෙ, ධම්මෙහි සමන්නාගතො භත්තුද්දෙසකො සම්මතො 
                        <span class="note">(සම්මතොපි (සී.))</span> න පෙසෙතබ්බො...පෙ.... සම්මතො පෙසෙතබ්බො... බාලො වෙදිතබ්බො... පණ්ඩිතො වෙදිතබ්බො... ඛතං උපහතං අත්තානං පරිහරති... අක්ඛතං අනුපහතං අත්තානං පරිහරති... යථාභතං නික්ඛිත්තො එවං නිරයෙ... යථාභතං නික්ඛිත්තො එවං සග්ගෙ. කතමෙහි පඤ්චහි? න ඡන්දාගතිං ගච්ඡති, න දොසාගතිං ගච්ඡති, න මොහාගතිං ගච්ඡති, න භයාගතිං ගච්ඡති, උද්දිට්ඨානුද්දිට්ඨං 
                        <pb ed="T" n="3.0305"/> ජානාති - ඉමෙහි ඛො, භික්ඛවෙ, පඤ්චහි ධම්මෙහි සමන්නාගතො භත්තුද්දෙසකො යථාභතං නික්ඛිත්තො එවං සග්ගෙ’’ති. පඨමං.
                    </div>
                </div>
            </div>
        </div>
        <div class="subhead ct_sutta" node-id="30362">
            <span class="subhead ct_sutta">2-14. සෙනාසනපඤ්ඤාපකසුත්තාදිතෙරසකං</span>
            <div class="subhead-contents">
                <div class="paragraph" para="273-285">
                    <span class="paranum">273-285</span>
                    <div class="bodytext"> ‘‘පඤ්චහි, භික්ඛවෙ, ධම්මෙහි සමන්නාගතො සෙනාසනපඤ්ඤාපකො න සම්මන්නිතබ්බො...පෙ.... පඤ්ඤත්තාපඤ්ඤත්තං න ජානාති...පෙ.... සෙනාසනපඤ්ඤාපකො සම්මන්නිතබ්බො...පෙ.... පඤ්ඤත්තාපඤ්ඤත්තං ජානාති...පෙ.....</div>
                    <div class="bodytext">සෙනාසනගාහාපකො 
                        <pb ed="V" n="2.0258"/> න සම්මන්නිතබ්බො...පෙ.... ගහිතාගහිතං 
                        <span class="note">(පඤ්ඤත්තාපඤ්ඤත්තං (සී. ස්‍යා. කං.))</span> න ජානාති...පෙ.... සෙනාසනගාහාපකො සම්මන්නිතබ්බො...පෙ.... ගහිතාගහිතං 
                        <span class="note">(පඤ්ඤත්තාපඤ්ඤත්තං (සී. ස්‍යා. කං.))</span> ජානාති...පෙ.....
                    </div>
                    <div class="bodytext">භණ්ඩාගාරිකො න සම්මන්නිතබ්බො...පෙ.... ගුත්තාගුත්තං න ජානාති... භණ්ඩාගාරිකො සම්මන්නිතබ්බො...පෙ.... ගුත්තාගුත්තං ජානාති...පෙ.....</div>
                    <div class="bodytext">චීවරපටිග්ගාහකො න සම්මන්නිතබ්බො...පෙ.... ගහිතාගහිතං න ජානාති... චීවරපටිග්ගාහකො සම්මන්නිතබ්බො 
                        <pb ed="P" n="3.0275"/> ...පෙ.... ගහිතාගහිතං ජානාති...පෙ.....
                    </div>
                    <div class="bodytext">චීවරභාජකො 
                        <pb ed="M" n="2.0242"/> න සම්මන්නිතබ්බො...පෙ.... භාජිතාභාජිතං න ජානාති... චීවරභාජකො සම්මන්නිතබ්බො...පෙ.... භාජිතාභාජිතං ජානාති...පෙ.....
                    </div>
                    <div class="bodytext">යාගුභාජකො න සම්මන්නිතබ්බො...පෙ.... යාගුභාජකො සම්මන්නිතබ්බො...පෙ.....</div>
                    <div class="bodytext">ඵලභාජකො න සම්මන්නිතබ්බො...පෙ.... ඵලභාජකො සම්මන්නිතබ්බො...පෙ.....</div>
                    <div class="bodytext">ඛජ්ජකභාජකො න සම්මන්නිතබ්බො...පෙ.... භාජිතාභාජිතං න ජානාති... ඛජ්ජකභාජකො සම්මන්නිතබ්බො...පෙ.... භාජිතාභාජිතං ජානාති...පෙ.....</div>
                    <div class="bodytext">අප්පමත්තකවිස්සජ්ජකො න සම්මන්නිතබ්බො...පෙ.... විස්සජ්ජිතාවිස්සජ්ජිතං න ජානාති... අප්පමත්තකවිස්සජ්ජකො සම්මන්නිතබ්බො...පෙ.... විස්සජ්ජිතාවිස්සජ්ජිතං ජානාති....</div>
                    <div class="bodytext">සාටියග්ගාහාපකො න සම්මන්නිතබ්බො...පෙ.... ගහිතාගහිතං න ජානාති 
                        <pb ed="T" n="3.0306"/>... සාටියග්ගාහාපකො සම්මන්නිතබ්බො...පෙ.... ගහිතාගහිතං ජානාති....
                    </div>
                    <div class="bodytext">පත්තග්ගාහාපකො න සම්මන්නිතබ්බො...පෙ.... ගහිතාගහිතං න ජානාති... පත්තග්ගාහාපකො සම්මන්නිතබ්බො...පෙ.... ගහිතාගහිතං ජානාති....</div>
                    <div class="bodytext">ආරාමිකපෙසකො 
                        <pb ed="V" n="2.0259"/> න සම්මන්නිතබ්බො...පෙ.... ආරාමිකපෙසකො සම්මන්නිතබ්බො...පෙ.....
                    </div>
                    <div class="bodytext">සාමණෙරපෙසකො න සම්මන්නිතබ්බො...පෙ.... සාමණෙරපෙසකො සම්මන්නිතබ්බො...පෙ.....</div>
                    <div class="bodytext">සම්මතො න පෙසෙතබ්බො...පෙ.... සම්මතො පෙසෙතබ්බො...පෙ.....</div>
                    <div class="bodytext">සාමණෙරපෙසකො බාලො වෙදිතබ්බො...පෙ.... පණ්ඩිතො වෙදිතබ්බො... ඛතං උපහතං අත්තානං පරිහරති... අක්ඛතං අනුපහතං අත්තානං පරිහරති... යථාභතං නික්ඛිත්තො එවං නිරයෙ... යථාභතං නික්ඛිත්තො එවං සග්ගෙ. කතමෙහි පඤ්චහි? න ඡන්දාගතිං ගච්ඡති, න දොසාගතිං ගච්ඡති, න මොහාගතිං ගච්ඡති, න භයාගතිං ගච්ඡති, පෙසිතාපෙසිතං ජානාති. ඉමෙහි ඛො, භික්ඛවෙ, පඤ්චහි ධම්මෙහි සමන්නාගතො සාමණෙරපෙසකො යථාභතං නික්ඛිත්තො එවං සග්ගෙ’’ති. චුද්දසමං.</div>
                </div>
            </div>
        </div>
    </div>
    <div class="centre ct_vagga ending">සම්මුතිපෙය්‍යාලං නිට්ඨිතං.</div>
</div>