<div class="namothassa"> නමො තස්ස භගවතො අරහතො සම්මාසම්බුද්ධස්ස</div>
<div class="nikaya ct_nikaya">
    <span class="nikaya ct_nikaya">ඛුද්දකනිකායෙ</span>
</div>
<div class="book ct_book">
    <span class="book ct_book">ථෙරීඅපදානපාළි</span>
</div>
<div class="chapter ct_vagga" node-id="47240">
    <span class="chapter ct_vagga">1. සුමෙධාවග්ගො</span>
    <div class="chapter-contents">
        <div class="subhead ct_sutta" node-id="47241">
            <span class="subhead ct_sutta">1. සුමෙධාථෙරීඅපදානං</span>
            <div class="subhead-contents">
                <div class="paragraph" para="">
                    <div class="bodytext">අථ ථෙරිකාපදානානි සුණාථ -</div>
                </div>
                <div class="paragraph" para="1">
                    <span class="paranum">1</span>
                    <div class="gatha"> ‘‘භගවති 
                        <pb ed="T" n="2.0254"/>
                        <pb ed="M" n="2.0187"/>
                        <pb ed="V" n="2.0179"/>
                        <pb ed="P" n="2.0512"/> කොණාගමනෙ, සඞ්ඝාරාමම්හි නවනිවෙසනම්හි 
                        <span class="note">(නිවෙසම්හි (ස්‍යා.))</span>;
                    </div>
                    <div class="gathalast">සඛියො තිස්සො ජනියො, විහාරදානං අදාසිම්හ.</div>
                </div>
                <div class="paragraph" para="2">
                    <span class="paranum">2</span>
                    <div class="gatha"> ‘‘දසක්ඛත්තුං සතක්ඛත්තුං, දසසතක්ඛත්තුං සතානඤ්ච සතක්ඛත්තුං 
                        <span class="note">(සතානි ච සත්තක්ඛත්තුං (සී. ක.))</span>;
                    </div>
                    <div class="gathalast">දෙවෙසු උපපජ්ජිම්හ, කො වාදො මානුසෙ භවෙ.</div>
                </div>
                <div class="paragraph" para="3">
                    <span class="paranum">3</span>
                    <div class="gatha"> ‘‘දෙවෙ 
                        <pb ed="V" n="2.0180"/> මහිද්ධිකා අහුම්හ, මානුසකම්හි කො වාදො;
                    </div>
                    <div class="gathalast">සත්තරතනමහෙසී 
                        <span class="note">(සත්තරතනස්ස මහෙසී (සී. පී.))</span>, ඉත්ථිරතනං අහං භවිං.
                    </div>
                </div>
                <div class="paragraph" para="4">
                    <span class="paranum">4</span>
                    <div class="gatha"> ‘‘ඉධ සඤ්චිතකුසලා 
                        <span class="note">(තත්ථ සඤ්චිතං කුසලං (ස්‍යා.))</span>, සුසමිද්ධකුලප්පජා;
                    </div>
                    <div class="gathalast">ධනඤ්ජානී ච ඛෙමා ච, අහම්පි ච තයො ජනා.</div>
                </div>
                <div class="paragraph" para="5">
                    <span class="paranum">5</span>
                    <div class="gatha"> ‘‘ආරාමං සුකතං කත්වා, සබ්බාවයවමණ්ඩිතං;</div>
                    <div class="gathalast">බුද්ධප්පමුඛසඞ්ඝස්ස, නිය්‍යාදෙත්වා සමොදිතා.</div>
                </div>
                <div class="paragraph" para="6">
                    <span class="paranum">6</span>
                    <div class="gatha"> ‘‘යත්ථ 
                        <pb ed="M" n="2.0188"/> යත්ථූපපජ්ජාමි, තස්ස කම්මස්ස වාහසා;
                    </div>
                    <div class="gathalast">දෙවෙසු අග්ගතං පත්තා, මනුස්සෙසු තථෙව ච.</div>
                </div>
                <div class="paragraph" para="7">
                    <span class="paranum">7</span>
                    <div class="gatha"> ‘‘ඉමස්මිංයෙව කප්පම්හි, බ්‍රහ්මබන්ධු මහායසො;</div>
                    <div class="gathalast">කස්සපො නාම ගොත්තෙන, උප්පජ්ජි වදතං වරො.</div>
                </div>
                <div class="paragraph" para="8">
                    <span class="paranum">8</span>
                    <div class="gatha"> ‘‘උපට්ඨාකො 
                        <pb ed="T" n="2.0255"/> මහෙසිස්ස, තදා ආසි නරිස්සරො;
                    </div>
                    <div class="gathalast">කාසිරාජා කිකී නාම, බාරාණසිපුරුත්තමෙ.</div>
                </div>
                <div class="paragraph" para="9">
                    <span class="paranum">9</span>
                    <div class="gatha"> ‘‘තස්සාසුං සත්ත ධීතරො, රාජකඤ්ඤා සුඛෙධිතා 
                        <span class="note">(සුඛෙථිතා (ස්‍යා.))</span>;
                    </div>
                    <div class="gathalast">බුද්ධොපට්ඨානනිරතා, බ්‍රහ්මචරියං චරිංසු තා.</div>
                </div>
                <div class="paragraph" para="10">
                    <span class="paranum">10</span>
                    <div class="gatha"> ‘‘තාසං සහායිකා හුත්වා, සීලෙසු සුසමාහිතා;</div>
                    <div class="gathalast">දත්වා දානානි සක්කච්චං, අගාරෙව වතං 
                        <span class="note">(අගාරෙව වත්තං (ස්‍යා.))</span> චරිං.
                    </div>
                </div>
                <div class="paragraph" para="11">
                    <span class="paranum">11</span>
                    <div class="gatha"> ‘‘තෙන කම්මෙන සුකතෙන, චෙතනාපණිධීහි ච;</div>
                    <div class="gathalast">ජහිත්වා මානුසං දෙහං, තාවතිංසූපගා අහං.</div>
                </div>
                <div class="paragraph" para="12">
                    <span class="paranum">12</span>
                    <div class="gatha"> ‘‘තතො චුතා යාමමගං 
                        <span class="note">(යාමසග්ගං (ස්‍යා.))</span>, තතොහං තුසිතං ගතා;
                    </div>
                    <div class="gathalast">තතො ච නිම්මානරතිං, වසවත්තිපුරං තතො.</div>
                </div>
                <div class="paragraph" para="13">
                    <span class="paranum">13</span>
                    <div class="gatha"> ‘‘යත්ථ යත්ථූපපජ්ජාමි, පුඤ්ඤකම්මසමොහිතා;</div>
                    <div class="gathalast">තත්ථ තත්ථෙව රාජූනං, මහෙසිත්තමකාරයිං.</div>
                </div>
                <div class="paragraph" para="14">
                    <span class="paranum">14</span>
                    <div class="gatha"> ‘‘තතො 
                        <pb ed="P" n="2.0513"/> චුතා මනුස්සත්තෙ, රාජූනං චක්කවත්තිනං;
                    </div>
                    <div class="gathalast">මණ්ඩලීනඤ්ච රාජූනං, මහෙසිත්තමකාරයිං.</div>
                </div>
                <div class="paragraph" para="15">
                    <span class="paranum">15</span>
                    <div class="gatha"> ‘‘සම්පත්තිමනුභොත්වාන, දෙවෙසු මානුසෙසු ච;</div>
                    <div class="gathalast">සබ්බත්ථ සුඛිතා හුත්වා, නෙකජාතීසු සංසරිං.</div>
                </div>
                <div class="paragraph" para="16">
                    <span class="paranum">16</span>
                    <div class="gatha"> ‘‘සො හෙතු ච සො පභවො, තම්මූලං සාසනෙ ඛමං 
                        <span class="note">(තම්මූලං සා ච සාසනෙ ඛන්ති (සී. පී. ක.))</span>;
                    </div>
                    <div class="gathalast">පඨමං තං සමොධානං, තං ධම්මරතාය නිබ්බානං 
                        <span class="note">(නිබ්බුතං (ස්‍යා.))</span>.
                    </div>
                </div>
                <div class="paragraph" para="17">
                    <span class="paranum">17</span>
                    <div class="gatha"> ‘‘කිලෙසා 
                        <pb ed="V" n="2.0181"/> ඣාපිතා මය්හං, භවා සබ්බෙ සමූහතා;
                    </div>
                    <div class="gathalast">නාගීව බන්ධනං ඡෙත්වා, විහරාමි අනාසවා.</div>
                </div>
                <div class="paragraph" para="18">
                    <span class="paranum">18</span>
                    <div class="gatha"> ‘‘ස්වාගතං 
                        <pb ed="T" n="2.0256"/> වත මෙ ආසි, මම බුද්ධස්ස 
                        <span class="note">(බුද්ධසෙට්ඨස්ස (සී. ස්‍යා. ක.))</span> සන්තිකෙ;
                    </div>
                    <div class="gathalast">තිස්සො විජ්ජා අනුප්පත්තා, කතං බුද්ධස්ස සාසනං.</div>
                </div>
                <div class="paragraph" para="19">
                    <span class="paranum">19</span>
                    <div class="gatha"> ‘‘පටිසම්භිදා 
                        <pb ed="M" n="2.0189"/> චතස්සො, විමොක්ඛාපි ච අට්ඨිමෙ;
                    </div>
                    <div class="gathalast">ඡළභිඤ්ඤා සච්ඡිකතා, කතං බුද්ධස්ස සාසනං’’.</div>
                </div>
                <div class="centre ending">ඉත්ථං සුදං සුමෙධා භික්ඛුනී ඉමා ගාථායො අභාසිත්ථාති.</div>
            </div>
            <div class="centre ct_sutta ending">සුමෙධාථෙරියාපදානං පඨමං.</div>
        </div>
        <div class="subhead ct_sutta" node-id="47242">
            <span class="subhead ct_sutta">2. මෙඛලාදායිකාථෙරීඅපදානං</span>
            <div class="subhead-contents">
                <div class="paragraph" para="20">
                    <span class="paranum">20</span>
                    <div class="gatha"> ‘‘සිද්ධත්ථස්ස භගවතො, ථූපකාරාපිකා අහුං 
                        <span class="note">(ථූපකාර මකාසහං (ස්‍යා.))</span>;
                    </div>
                    <div class="gathalast">මෙඛලිකා මයා දින්නා, නවකම්මාය සත්ථුනො.</div>
                </div>
                <div class="paragraph" para="21">
                    <span class="paranum">21</span>
                    <div class="gatha"> ‘‘නිට්ඨිතෙ ච මහාථූපෙ, මෙඛලං පුනදාසහං;</div>
                    <div class="gathalast">ලොකනාථස්ස මුනිනො, පසන්නා සෙහි පාණිභි.</div>
                </div>
                <div class="paragraph" para="22">
                    <span class="paranum">22</span>
                    <div class="gatha"> ‘‘චතුන්නවුතිතො කප්පෙ, යං මෙඛලමදං තදා;</div>
                    <div class="gathalast">දුග්ගතිං නාභිජානාමි, ථූපකාරස්සිදං ඵලං.</div>
                </div>
                <div class="paragraph" para="23">
                    <span class="paranum">23</span>
                    <div class="gatha"> ‘‘කිලෙසා ඣාපිතා මය්හං...පෙ.... විහරාමි අනාසවා.</div>
                </div>
                <div class="paragraph" para="24">
                    <span class="paranum">24</span>
                    <div class="gatha"> ‘‘ස්වාගතං 
                        <pb ed="P" n="2.0514"/> වත මෙ ආසි...පෙ.... කතං බුද්ධස්ස සාසනං.
                    </div>
                </div>
                <div class="paragraph" para="25">
                    <span class="paranum">25</span>
                    <div class="gatha"> ‘‘පටිසම්භිදා චතස්සො...පෙ.... කතං බුද්ධස්ස සාසනං’’.</div>
                </div>
                <div class="centre ending">ඉත්ථං 
                    <pb ed="T" n="2.0257"/> සුදං මෙඛලාදායිකා භික්ඛුනී ඉමා ගාථායො අභාසිත්ථාති.
                </div>
            </div>
            <div class="centre ct_sutta ending">මෙඛලාදායිකාථෙරියාපදානං දුතියං.</div>
        </div>
        <div class="subhead ct_sutta" node-id="47243">
            <span class="subhead ct_sutta">3. මණ්ඩපදායිකාථෙරීඅපදානං</span>
            <div class="subhead-contents">
                <div class="paragraph" para="26">
                    <span class="paranum">26</span>
                    <div class="gatha"> ‘‘කොණාගමනබුද්ධස්ස 
                        <pb ed="V" n="2.0182"/>, මණ්ඩපො කාරිතො මයා;
                    </div>
                    <div class="gathalast">ධුවං තිචීවරංදාසිං 
                        <span class="note">(ථූපඤ්ච පවරමදං (ස්‍යා.), ධුවඤ්ච චීවරං අදං (පී.))</span>, බුද්ධස්ස ලොකබන්ධුනො.
                    </div>
                </div>
                <div class="paragraph" para="27">
                    <span class="paranum">27</span>
                    <div class="gatha"> ‘‘යං යං ජනපදං යාමි, නිගමෙ රාජධානියො;</div>
                    <div class="gathalast">සබ්බත්ථ පූජිතො හොමි, පුඤ්ඤකම්මස්සිදං ඵලං.</div>
                </div>
                <div class="paragraph" para="28">
                    <span class="paranum">28</span>
                    <div class="gatha"> ‘‘කිලෙසා ඣාපිතා මය්හං...පෙ.... විහරාමි අනාසවා.</div>
                </div>
                <div class="paragraph" para="29">
                    <span class="paranum">29</span>
                    <div class="gatha"> ‘‘ස්වාගතං 
                        <pb ed="M" n="2.0190"/> වත මෙ ආසි...පෙ.... කතං බුද්ධස්ස සාසනං.
                    </div>
                </div>
                <div class="paragraph" para="30">
                    <span class="paranum">30</span>
                    <div class="gatha"> ‘‘පටිසම්භිදා චතස්සො...පෙ.... කතං බුද්ධස්ස සාසනං’’.</div>
                </div>
                <div class="centre ending">ඉත්ථං සුදං මණ්ඩපදායිකා භික්ඛුනී ඉමා ගාථායො අභාසිත්ථාති.</div>
            </div>
            <div class="centre ct_sutta ending">මණ්ඩපදායිකාථෙරියාපදානං තතියං.</div>
        </div>
        <div class="subhead ct_sutta" node-id="47244">
            <span class="subhead ct_sutta">4. සඞ්කමනත්ථාථෙරීඅපදානං</span>
            <div class="subhead-contents">
                <div class="paragraph" para="31">
                    <span class="paranum">31</span>
                    <div class="gatha"> ‘‘විපස්සිස්ස භගවතො 
                        <span class="note">(කොණ්ඩඤ්ඤස්ස භගවතො (ස්‍යා. පී.))</span>, ලොකජෙට්ඨස්ස තාදිනො;
                    </div>
                    <div class="gathalast">රථියං පටිපන්නස්ස, තාරයන්තස්ස පාණිනො.</div>
                </div>
                <div class="paragraph" para="32">
                    <span class="paranum">32</span>
                    <div class="gatha"> ‘‘ඝරතො 
                        <pb ed="T" n="2.0258"/> නික්ඛමිත්වාන, අවකුජ්ජා නිපජ්ජහං;
                    </div>
                    <div class="gathalast">අනුකම්පකො ලොකනාථො, සිරසි 
                        <span class="note">(සීසන්තෙ (සී. ක.))</span> අක්කමී මම 
                        <span class="note">(තදා (ස්‍යා. පී.))</span>.
                    </div>
                </div>
                <div class="paragraph" para="33">
                    <span class="paranum">33</span>
                    <div class="gatha"> ‘‘අක්කමිත්වාන සිරසි 
                        <span class="note">(සම්බුද්ධො (ක.))</span>, අගමා ලොකනායකො;
                    </div>
                    <div class="gathalast">තෙන චිත්තප්පසාදෙන, තුසිතං අගමාසහං.</div>
                </div>
                <div class="paragraph" para="34">
                    <span class="paranum">34</span>
                    <div class="gatha"> ‘‘කිලෙසා ඣාපිතා මය්හං...පෙ.... විහරාමි අනාසවා.</div>
                </div>
                <div class="paragraph" para="35">
                    <span class="paranum">35</span>
                    <div class="gatha"> ‘‘ස්වාගතං 
                        <pb ed="P" n="2.0515"/> වත මෙ ආසි...පෙ.... කතං බුද්ධස්ස සාසනං.
                    </div>
                </div>
                <div class="paragraph" para="36">
                    <span class="paranum">36</span>
                    <div class="gatha"> ‘‘පටිසම්භිදා චතස්සො...පෙ.... කතං බුද්ධස්ස සාසනං’’.</div>
                </div>
                <div class="centre ending">ඉත්ථං සුදං සඞ්කමනත්ථා 
                    <span class="note">(සඞ්කමනදා (ස්‍යා.))</span> භික්ඛුනී ඉමා ගාථායො අභාසිත්ථාති.
                </div>
            </div>
            <div class="centre ct_sutta ending">සඞ්කමනත්ථාථෙරියාපදානං චතුත්ථං.</div>
        </div>
        <div class="subhead ct_sutta" node-id="47245">
            <span class="subhead ct_sutta">5. නළමාලිකාථෙරීඅපදානං</span>
            <div class="subhead-contents">
                <div class="paragraph" para="37">
                    <span class="paranum">37</span>
                    <div class="gatha"> ‘‘චන්දභාගානදීතීරෙ 
                        <pb ed="V" n="2.0183"/>, අහොසිං කින්නරී තදා;
                    </div>
                    <div class="gathalast">අද්දසං විරජං බුද්ධං, සයම්භුං අපරාජිතං.</div>
                </div>
                <div class="paragraph" para="38">
                    <span class="paranum">38</span>
                    <div class="gatha"> ‘‘පසන්නචිත්තා සුමනා, වෙදජාතා කතඤ්ජලී;</div>
                    <div class="gathalast">නළමාලං ගහෙත්වාන, සයම්භුං අභිපූජයිං.</div>
                </div>
                <div class="paragraph" para="39">
                    <span class="paranum">39</span>
                    <div class="gatha"> ‘‘තෙන 
                        <pb ed="M" n="2.0191"/> කම්මෙන සුකතෙන, චෙතනාපණිධීහි ච;
                    </div>
                    <div class="gathalast">ජහිත්වා කින්නරීදෙහං, අගච්ඡිං තිදසං ගතිං.</div>
                </div>
                <div class="paragraph" para="40">
                    <span class="paranum">40</span>
                    <div class="gatha"> ‘‘ඡත්තිංසදෙවරාජූනං 
                        <pb ed="T" n="2.0259"/>, මහෙසිත්තමකාරයිං;
                    </div>
                    <div class="gatha">දසන්නං චක්කවත්තීනං, මහෙසිත්තමකාරයිං;</div>
                    <div class="gathalast">සංවෙජෙත්වාන මෙ චිත්තං 
                        <span class="note">(වෙදයිත්වාන කුසලං (ස්‍යා.), සංවෙදයිත්වා කුසලං (පී.))</span>, පබ්බජිං අනගාරියං.
                    </div>
                </div>
                <div class="paragraph" para="41">
                    <span class="paranum">41</span>
                    <div class="gatha"> ‘‘කිලෙසා ඣාපිතා මය්හං, භවා සබ්බෙ සමූහතා 
                        <span class="note">(භවා සංඝාතිතා මම (ක.))</span>;
                    </div>
                    <div class="gathalast">සබ්බාසවපරික්ඛීණා, නත්ථි දානි පුනබ්භවො.</div>
                </div>
                <div class="paragraph" para="42">
                    <span class="paranum">42</span>
                    <div class="gatha"> ‘‘චතුන්නවුතිතො කප්පෙ, යං පුප්ඵමභිපූජයිං;</div>
                    <div class="gathalast">දුග්ගතිං නාභිජානාමි, පුප්ඵපූජායිදං ඵලං.</div>
                </div>
                <div class="paragraph" para="43">
                    <span class="paranum">43</span>
                    <div class="gatha"> ‘‘කිලෙසා ඣාපිතා මය්හං...පෙ.... විහරාමි අනාසවා.</div>
                </div>
                <div class="paragraph" para="44">
                    <span class="paranum">44</span>
                    <div class="gatha"> ‘‘ස්වාගතං වත මෙ ආසි...පෙ.... කතං බුද්ධස්ස සාසනං.</div>
                </div>
                <div class="paragraph" para="45">
                    <span class="paranum">45</span>
                    <div class="gatha"> ‘‘පටිසම්භිදා චතස්සො...පෙ.... කතං බුද්ධස්ස සාසනං’’.</div>
                </div>
                <div class="centre ending">ඉත්ථං සුදං නළමාලිකා ථෙරී ඉමා ගාථායො අභාසිත්ථාති.</div>
            </div>
            <div class="centre ct_sutta ending">නළමාලිකාථෙරියාපදානං පඤ්චමං.</div>
        </div>
        <div class="subhead ct_sutta" node-id="47246">
            <span class="subhead ct_sutta">6. එකපිණ්ඩපාතදායිකාථෙරීඅපදානං</span>
            <div class="subhead-contents">
                <div class="paragraph" para="46">
                    <span class="paranum">46</span>
                    <div class="gatha"> ‘‘නගරෙ බන්ධුමතියා, බන්ධුමා නාම ඛත්තියො;</div>
                    <div class="gathalast">තස්ස රඤ්ඤො අහුං භරියා, එකජ්ඣං චාරයාමහං 
                        <span class="note">(එකච්චං වාදයාමහං (ස්‍යා.))</span>.
                    </div>
                </div>
                <div class="paragraph" para="47">
                    <span class="paranum">47</span>
                    <div class="gatha"> ‘‘රහොගතා 
                        <pb ed="T" n="2.0260"/>
                        <pb ed="V" n="2.0184"/> නිසීදිත්වා, එවං චින්තෙසහං තදා;
                    </div>
                    <div class="gathalast">‘ආදාය ගමනීයඤ්හි, කුසලං නත්ථි මෙ කතං.</div>
                </div>
                <div class="paragraph" para="48">
                    <span class="paranum">48</span>
                    <div class="gatha"> ‘‘‘මහාභිතාපං 
                        <pb ed="P" n="2.0516"/> කටුකං, ඝොරරූපං සුදාරුණං;
                    </div>
                    <div class="gathalast">නිරයං නූන ගච්ඡාමි, එත්ථ මෙ නත්ථි සංසයො’.</div>
                </div>
                <div class="paragraph" para="49">
                    <span class="paranum">49</span>
                    <div class="gatha"> ‘‘රාජානං උපසඞ්කම්ම, ඉදං වචනමබ්‍රවිං;</div>
                    <div class="gathalast">‘එකං මෙ සමණං දෙහි, භොජයිස්සාමි ඛත්තිය’.</div>
                </div>
                <div class="paragraph" para="50">
                    <span class="paranum">50</span>
                    <div class="gatha"> ‘‘අදාසි මෙ මහාරාජා, සමණං භාවිතින්ද්‍රියං;</div>
                    <div class="gathalast">තස්ස පත්තං ගහෙත්වාන, පරමන්නෙන පූරයිං 
                        <span class="note">(තප්පයිං (සී.))</span>.
                    </div>
                </div>
                <div class="paragraph" para="51">
                    <span class="paranum">51</span>
                    <div class="gatha"> ‘‘පූරයිත්වා 
                        <pb ed="M" n="2.0192"/> පරමන්නං, ගන්ධාලෙපං අකාසහං;
                    </div>
                    <div class="gathalast">ජාලෙන පිදහිත්වාන, වත්ථයුගෙන 
                        <span class="note">(පීතචොළෙන (ස්‍යා.), මහානෙලෙන (පී.))</span> ඡාදයිං.
                    </div>
                </div>
                <div class="paragraph" para="52">
                    <span class="paranum">52</span>
                    <div class="gatha"> ‘‘ආරම්මණං මමං එතං, සරාමි යාවජීවිහං;</div>
                    <div class="gathalast">තත්ථ චිත්තං පසාදෙත්වා, තාවතිංසමගච්ඡහං.</div>
                </div>
                <div class="paragraph" para="53">
                    <span class="paranum">53</span>
                    <div class="gatha"> ‘‘තිංසානං දෙවරාජූනං, මහෙසිත්තමකාරයිං;</div>
                    <div class="gathalast">මනසා පත්ථිතං මය්හං, නිබ්බත්තති යථිච්ඡිතං 
                        <span class="note">(යතිච්ඡකං (ස්‍යා.), යදිච්ඡකං (පී. ක.))</span>.
                    </div>
                </div>
                <div class="paragraph" para="54">
                    <span class="paranum">54</span>
                    <div class="gatha"> ‘‘වීසානං චක්කවත්තීනං, මහෙසිත්තමකාරයිං;</div>
                    <div class="gathalast">ඔචිතත්තාව 
                        <span class="note">(උපචිතත්තා (ස්‍යා.))</span> හුත්වාන, සංසරාමි භවෙස්වහං.
                    </div>
                </div>
                <div class="paragraph" para="55">
                    <span class="paranum">55</span>
                    <div class="gatha"> ‘‘සබ්බබන්ධනමුත්තාහං, අපෙතා මෙ උපාදිකා;</div>
                    <div class="gathalast">සබ්බාසවපරික්ඛීණා, නත්ථි දානි පුනබ්භවො.</div>
                </div>
                <div class="paragraph" para="56">
                    <span class="paranum">56</span>
                    <div class="gatha"> ‘‘එකනවුතිතො කප්පෙ, යං දානමදදිං තදා;</div>
                    <div class="gathalast">දුග්ගතිං 
                        <pb ed="T" n="2.0261"/> නාභිජානාමි, පිණ්ඩපාතස්සිදං ඵලං.
                    </div>
                </div>
                <div class="paragraph" para="57">
                    <span class="paranum">57</span>
                    <div class="gatha"> ‘‘කිලෙසා ඣාපිතා මය්හං...පෙ.... විහරාමි අනාසවා.</div>
                </div>
                <div class="paragraph" para="58">
                    <span class="paranum">58</span>
                    <div class="gatha"> ‘‘ස්වාගතං වත මෙ ආසි...පෙ.... කතං බුද්ධස්ස සාසනං.</div>
                </div>
                <div class="paragraph" para="59">
                    <span class="paranum">59</span>
                    <div class="gatha"> ‘‘පටිසම්භිදා චතස්සො...පෙ.... කතං බුද්ධස්ස සාසනං’’.</div>
                </div>
                <div class="centre ending">ඉත්ථං සුදං එකපිණ්ඩපාතදායිකා භික්ඛුනී ඉමා ගාථායො අභාසිත්ථාති.</div>
            </div>
            <div class="centre ct_sutta ending">එකපිණ්ඩපාතදායිකාථෙරියාපදානං ඡට්ඨං.</div>
        </div>
        <div class="subhead ct_sutta" node-id="47247">
            <span class="subhead ct_sutta">7. කටච්ඡුභික්ඛාදායිකාථෙරීඅපදානං</span>
            <div class="subhead-contents">
                <div class="paragraph" para="60">
                    <span class="paranum">60</span>
                    <div class="gatha"> ‘‘පිණ්ඩචාරං 
                        <pb ed="V" n="2.0185"/> චරන්තස්ස, තිස්සනාමස්ස සත්ථුනො;
                    </div>
                    <div class="gathalast">කටච්ඡුභික්ඛං පග්ගය්හ, බුද්ධසෙට්ඨස්ස දාසහං.</div>
                </div>
                <div class="paragraph" para="61">
                    <span class="paranum">61</span>
                    <div class="gatha"> ‘‘පටිග්ගහෙත්වා 
                        <pb ed="P" n="2.0517"/> සම්බුද්ධො, තිස්සො ලොකග්ගනායකො;
                    </div>
                    <div class="gathalast">වීථියා සණ්ඨිතො සත්ථා, අකා මෙ අනුමොදනං.</div>
                </div>
                <div class="paragraph" para="62">
                    <span class="paranum">62</span>
                    <div class="gatha"> ‘‘‘කටච්ඡුභික්ඛං 
                        <pb ed="M" n="2.0193"/> දත්වාන, තාවතිංසං ගමිස්සසි;
                    </div>
                    <div class="gathalast">ඡත්තිංසදෙවරාජූනං, මහෙසිත්තං කරිස්සසි.</div>
                </div>
                <div class="paragraph" para="63">
                    <span class="paranum">63</span>
                    <div class="gatha"> ‘‘‘පඤ්ඤාසං චක්කවත්තීනං, මහෙසිත්තං කරිස්සසි;</div>
                    <div class="gathalast">මනසා පත්ථිතං සබ්බං, පටිලච්ඡසි සබ්බදා.</div>
                </div>
                <div class="paragraph" para="64">
                    <span class="paranum">64</span>
                    <div class="gatha"> ‘‘‘සම්පත්තිං 
                        <pb ed="T" n="2.0262"/> අනුභොත්වාන, පබ්බජිස්සසිකිඤ්චනා;
                    </div>
                    <div class="gathalast">සබ්බාසවෙ පරිඤ්ඤාය, නිබ්බායිස්සසිනාසවා’.</div>
                </div>
                <div class="paragraph" para="65">
                    <span class="paranum">65</span>
                    <div class="gatha"> ‘‘ඉදං වත්වාන සම්බුද්ධො, තිස්සො ලොකග්ගනායකො;</div>
                    <div class="gathalast">නභං අබ්භුග්ගමී වීරො, හංසරාජාව අම්බරෙ.</div>
                </div>
                <div class="paragraph" para="66">
                    <span class="paranum">66</span>
                    <div class="gatha"> ‘‘සුදින්නං මෙ දානවරං 
                        <span class="note">(සුදින්නමෙව මෙ දානං (ස්‍යා.))</span>, සුයිට්ඨා යාගසම්පදා;
                    </div>
                    <div class="gathalast">කටච්ඡුභික්ඛං දත්වාන, පත්තාහං අචලං පදං.</div>
                </div>
                <div class="paragraph" para="67">
                    <span class="paranum">67</span>
                    <div class="gatha"> ‘‘ද්වෙනවුතෙ ඉතො කප්පෙ, යං දානමදදිං තදා;</div>
                    <div class="gathalast">දුග්ගතිං නාභිජානාමි, භික්ඛාදානස්සිදං ඵලං.</div>
                </div>
                <div class="paragraph" para="68">
                    <span class="paranum">68</span>
                    <div class="gatha"> ‘‘කිලෙසා ඣාපිතා මය්හං...පෙ.... විහරාමි අනාසවා.</div>
                </div>
                <div class="paragraph" para="69">
                    <span class="paranum">69</span>
                    <div class="gatha"> ‘‘ස්වාගතං වත මෙ ආසි...පෙ.... කතං බුද්ධස්ස සාසනං.</div>
                </div>
                <div class="paragraph" para="70">
                    <span class="paranum">70</span>
                    <div class="gatha"> ‘‘පටිසම්භිදා චතස්සො...පෙ.... කතං බුද්ධස්ස සාසනං’’.</div>
                </div>
                <div class="centre ending">ඉත්ථං සුදං කටච්ඡුභික්ඛාදායිකා භික්ඛුනී ඉමා ගාථායො අභාසිත්ථාති.</div>
            </div>
            <div class="centre ct_sutta ending">කටච්ඡුභික්ඛාදායිකාථෙරියාපදානං සත්තමං.</div>
        </div>
        <div class="subhead ct_sutta" node-id="47248">
            <span class="subhead ct_sutta">8. සත්තුප්පලමාලිකාථෙරීඅපදානං</span>
            <div class="subhead-contents">
                <div class="paragraph" para="71">
                    <span class="paranum">71</span>
                    <div class="gatha"> ‘‘නගරෙ 
                        <pb ed="V" n="2.0186"/> අරුණවතියා, අරුණො නාම 
                        <span class="note">(අරුණවා නාම (සී. පී.))</span> ත්තියො;
                    </div>
                    <div class="gathalast">තස්ස රඤ්ඤො අහුං භරියා, වාරිතං වාරයාමහං 
                        <span class="note">(චාරිකං චාරයාමහං (සී.), න ගුලං පාදයාමහං (ස්‍යා.), න මාලං පාදයාමහං (පී.))</span>.
                    </div>
                </div>
                <div class="paragraph" para="72">
                    <span class="paranum">72</span>
                    <div class="gatha"> ‘‘සත්තමාලං 
                        <pb ed="T" n="2.0263"/> ගහෙත්වාන, උප්පලා දෙවගන්ධිකා;
                    </div>
                    <div class="gathalast">නිසජ්ජ පාසාදවරෙ, එවං චින්තෙසි තාවදෙ.</div>
                </div>
                <div class="paragraph" para="73">
                    <span class="paranum">73</span>
                    <div class="gatha"> ‘‘‘කිං 
                        <pb ed="M" n="2.0194"/> මෙ ඉමාහි මාලාහි, සිරසාරොපිතාහි මෙ;
                    </div>
                    <div class="gathalast">වරං මෙ බුද්ධසෙට්ඨස්ස, ඤාණම්හි අභිරොපිතං’.</div>
                </div>
                <div class="paragraph" para="74">
                    <span class="paranum">74</span>
                    <div class="gatha"> ‘‘සම්බුද්ධං 
                        <pb ed="P" n="2.0518"/> පටිමානෙන්තී, ද්වාරාසන්නෙ නිසීදහං;
                    </div>
                    <div class="gathalast">‘යදා එහිති සම්බුද්ධො, පූජයිස්සං මහාමුනිං’.</div>
                </div>
                <div class="paragraph" para="75">
                    <span class="paranum">75</span>
                    <div class="gatha"> ‘‘කකුධො විලසන්තොව, මිගරාජාව කෙසරී;</div>
                    <div class="gathalast">භික්ඛුසඞ්ඝෙන සහිතො, ආගච්ඡි වීථියා ජිනො.</div>
                </div>
                <div class="paragraph" para="76">
                    <span class="paranum">76</span>
                    <div class="gatha"> ‘‘බුද්ධස්ස රංසිං දිස්වාන, හට්ඨා සංවිග්ගමානසා;</div>
                    <div class="gathalast">ද්වාරං අවාපුරිත්වාන 
                        <span class="note">(අපාපුණිත්වා (ස්‍යා.))</span>, බුද්ධසෙට්ඨමපූජයිං.
                    </div>
                </div>
                <div class="paragraph" para="77">
                    <span class="paranum">77</span>
                    <div class="gatha"> ‘‘සත්ත උප්පලපුප්ඵානි, පරිකිණ්ණානි 
                        <span class="note">(සුවිත්ථිණ්ණානි (ස්‍යා.))</span> අම්බරෙ;
                    </div>
                    <div class="gathalast">ඡදිං කරොන්තො බුද්ධස්ස, මත්ථකෙ ධාරයන්ති තෙ.</div>
                </div>
                <div class="paragraph" para="78">
                    <span class="paranum">78</span>
                    <div class="gatha"> ‘‘උදග්ගචිත්තා සුමනා, වෙදජාතා කතඤ්ජලී;</div>
                    <div class="gathalast">තත්ථ චිත්තං පසාදෙත්වා, තාවතිංසමගච්ඡහං.</div>
                </div>
                <div class="paragraph" para="79">
                    <span class="paranum">79</span>
                    <div class="gatha"> ‘‘මහානෙලස්ස ඡාදනං, ධාරෙන්ති මම මුද්ධනි;</div>
                    <div class="gathalast">දිබ්බගන්ධං පවායාමි, සත්තුප්පලස්සිදං ඵලං.</div>
                </div>
                <div class="paragraph" para="80">
                    <span class="paranum">80</span>
                    <div class="gatha"> ‘‘කදාචි නීයමානාය, ඤාතිසඞ්ඝෙන මෙ තදා;</div>
                    <div class="gathalast">යාවතා පරිසා මය්හං, මහානෙලං ධරීයති.</div>
                </div>
                <div class="paragraph" para="81">
                    <span class="paranum">81</span>
                    <div class="gatha"> ‘‘සත්තති දෙවරාජූනං, මහෙසිත්තමකාරයිං;</div>
                    <div class="gathalast">සබ්බත්ථ ඉස්සරා හුත්වා, සංසරාමි භවාභවෙ.</div>
                </div>
                <div class="paragraph" para="82">
                    <span class="paranum">82</span>
                    <div class="gatha"> ‘‘තෙසට්ඨි 
                        <pb ed="T" n="2.0264"/> චක්කවත්තීනං, මහෙසිත්තමකාරයිං;
                    </div>
                    <div class="gathalast">සබ්බෙ මමනුවත්තන්ති, ආදෙය්‍යවචනා අහුං.</div>
                </div>
                <div class="paragraph" para="83">
                    <span class="paranum">83</span>
                    <div class="gatha"> ‘‘උප්පලස්සෙව මෙ වණ්ණො, ගන්ධො චෙව පවායති;</div>
                    <div class="gathalast">දුබ්බණ්ණියං න ජානාමි 
                        <span class="note">(දුග්ගතිං නාභිජානාමි (ස්‍යා. පී.))</span>, බුද්ධපූජායිදං ඵලං.
                    </div>
                </div>
                <div class="paragraph" para="84">
                    <span class="paranum">84</span>
                    <div class="gatha"> ‘‘ඉද්ධිපාදෙසු 
                        <pb ed="V" n="2.0187"/> කුසලා, බොජ්ඣඞ්ගභාවනා රතා;
                    </div>
                    <div class="gathalast">අභිඤ්ඤාපාරමිප්පත්තා, බුද්ධපූජායිදං ඵලං.</div>
                </div>
                <div class="paragraph" para="85">
                    <span class="paranum">85</span>
                    <div class="gatha"> ‘‘සතිපට්ඨානකුසලා, සමාධිඣානගොචරා;</div>
                    <div class="gathalast">සම්මප්පධානමනුයුත්තා, බුද්ධපූජායිදං ඵලං.</div>
                </div>
                <div class="paragraph" para="86">
                    <span class="paranum">86</span>
                    <div class="gatha"> ‘‘වීරියං 
                        <pb ed="M" n="2.0195"/> මෙ ධුරධොරය්හං, යොගක්ඛෙමාධිවාහනං;
                    </div>
                    <div class="gathalast">සබ්බාසවපරික්ඛීණා, නත්ථි දානි පුනබ්භවො.</div>
                </div>
                <div class="paragraph" para="87">
                    <span class="paranum">87</span>
                    <div class="gatha"> ‘‘එකතිංසෙ 
                        <pb ed="P" n="2.0519"/> ඉතො කප්පෙ, යං පුප්ඵමභිපූජයිං;
                    </div>
                    <div class="gathalast">දුග්ගතිං නාභිජානාමි, බුද්ධපූජායිදං ඵලං.</div>
                </div>
                <div class="paragraph" para="88">
                    <span class="paranum">88</span>
                    <div class="gatha"> ‘‘කිලෙසා ඣාපිතා මය්හං...පෙ.... විහරාමි අනාසවා.</div>
                </div>
                <div class="paragraph" para="89">
                    <span class="paranum">89</span>
                    <div class="gatha"> ‘‘ස්වාගතං වත මෙ ආසි...පෙ.... කතං බුද්ධස්ස සාසනං.</div>
                </div>
                <div class="paragraph" para="90">
                    <span class="paranum">90</span>
                    <div class="gatha"> ‘‘පටිසම්භිදා චතස්සො...පෙ.... කතං බුද්ධස්ස සාසනං’’.</div>
                </div>
                <div class="centre ending">ඉත්ථං සුදං සත්තුප්පලමාලිකා භික්ඛුනී ඉමා ගාථායො අභාසිත්ථාති.</div>
            </div>
            <div class="centre ct_sutta ending">සත්තුප්පලමාලිකාථෙරියාපදානං අට්ඨමං.</div>
        </div>
        <div class="subhead ct_sutta" node-id="47249">
            <span class="subhead ct_sutta">9. පඤ්චදීපිකාථෙරීඅපදානං</span>
            <div class="subhead-contents">
                <div class="paragraph" para="91">
                    <span class="paranum">91</span>
                    <div class="gatha"> ‘‘නගරෙ 
                        <pb ed="T" n="2.0265"/> හංසවතියා, චාරිකී 
                        <span class="note">(චාරිනිං (ස්‍යා.))</span> ආසහං තදා;
                    </div>
                    <div class="gathalast">ආරාමෙන ච ආරාමං, චරාමි කුසලත්ථිකා.</div>
                </div>
                <div class="paragraph" para="92">
                    <span class="paranum">92</span>
                    <div class="gatha"> ‘‘කාළපක්ඛම්හි දිවසෙ, අද්දසං බොධිමුත්තමං;</div>
                    <div class="gathalast">තත්ථ චිත්තං පසාදෙත්වා, බොධිමූලෙ නිසීදහං.</div>
                </div>
                <div class="paragraph" para="93">
                    <span class="paranum">93</span>
                    <div class="gatha"> ‘‘ගරුචිත්තං උපට්ඨෙත්වා, සිරෙ කත්වාන අඤ්ජලිං;</div>
                    <div class="gathalast">සොමනස්සං පවෙදෙත්වා, එවං චින්තෙසි තාවදෙ.</div>
                </div>
                <div class="paragraph" para="94">
                    <span class="paranum">94</span>
                    <div class="gatha"> ‘‘‘යදි බුද්ධො අමිතගුණො, අසමප්පටිපුග්ගලො;</div>
                    <div class="gathalast">දස්සෙතු පාටිහීරං මෙ, බොධි ඔභාසතු අයං’.</div>
                </div>
                <div class="paragraph" para="95">
                    <span class="paranum">95</span>
                    <div class="gatha"> ‘‘සහ ආවජ්ජිතෙ මය්හං, බොධි පජ්ජලි තාවදෙ;</div>
                    <div class="gathalast">සබ්බසොණ්ණමයා ආසි, දිසා සබ්බා විරොචති.</div>
                </div>
                <div class="paragraph" para="96">
                    <span class="paranum">96</span>
                    <div class="gatha"> ‘‘සත්තරත්තින්දිවං 
                        <pb ed="V" n="2.0188"/>
                        <span class="note">(සත්තරත්තිදිවං (පී. ක.))</span> තත්ථ, බොධිමූලෙ නිසීදහං;
                    </div>
                    <div class="gathalast">සත්තමෙ දිවසෙ පත්තෙ, දීපපූජං අකාසහං.</div>
                </div>
                <div class="paragraph" para="97">
                    <span class="paranum">97</span>
                    <div class="gatha"> ‘‘ආසනං පරිවාරෙත්වා, පඤ්චදීපානි පජ්ජලුං;</div>
                    <div class="gathalast">යාව උදෙති සූරියො, දීපා මෙ පජ්ජලුං තදා.</div>
                </div>
                <div class="paragraph" para="98">
                    <span class="paranum">98</span>
                    <div class="gatha"> ‘‘තෙන 
                        <pb ed="M" n="2.0196"/> කම්මෙන සුකතෙන, චෙතනාපණිධීහි ච;
                    </div>
                    <div class="gathalast">ජහිත්වා මානුසං දෙහං, තාවතිංසමගච්ඡහං.</div>
                </div>
                <div class="paragraph" para="99">
                    <span class="paranum">99</span>
                    <div class="gatha"> ‘‘තත්ථ මෙ සුකතං බ්‍යම්හං, පඤ්චදීපාති වුච්චති;</div>
                    <div class="gathalast">සට්ඨියොජනමුබ්බෙධං 
                        <span class="note">(සතයොජනමුබ්බෙධං (සී. ස්‍යා. පී.))</span>, තිංසයොජනවිත්ථතං 
                        <span class="note">(සට්ඨි... (ස්‍යා. පී.))</span>.
                    </div>
                </div>
                <div class="paragraph" para="100">
                    <span class="paranum">100</span>
                    <div class="gatha"> ‘‘අසඞ්ඛියානි 
                        <pb ed="T" n="2.0266"/> දීපානි, පරිවාරෙ ජලන්ති මෙ;
                    </div>
                    <div class="gathalast">යාවතා දෙවභවනං, දීපාලොකෙන ජොතති.</div>
                </div>
                <div class="paragraph" para="101">
                    <span class="paranum">101</span>
                    <div class="gatha"> ‘‘පරම්මුඛා 
                        <pb ed="P" n="2.0520"/> නිසීදිත්වා 
                        <span class="note">(පුරත්ථාභිමුඛා සන්ති (ස්‍යා.), පුරත්ථාභිමුඛා ථිතා (පී.))</span>, යදි ඉච්ඡාමි පස්සිතුං;
                    </div>
                    <div class="gathalast">උද්ධං අධො ච තිරියං, සබ්බං පස්සාමි චක්ඛුනා.</div>
                </div>
                <div class="paragraph" para="102">
                    <span class="paranum">102</span>
                    <div class="gatha"> ‘‘යාවතා අභිකඞ්ඛාමි, දට්ඨුං සුගතදුග්ගතෙ 
                        <span class="note">(සුකතදුක්කතෙ (පී.)</span>;
                    </div>
                    <div class="gathalast">තත්ථ ආවරණං නත්ථි, රුක්ඛෙසු පබ්බතෙසු වා.</div>
                </div>
                <div class="paragraph" para="103">
                    <span class="paranum">103</span>
                    <div class="gatha"> ‘‘අසීති දෙවරාජූනං, මහෙසිත්තමකාරයිං;</div>
                    <div class="gathalast">සතානං චක්කවත්තීනං, මහෙසිත්තමකාරයිං.</div>
                </div>
                <div class="paragraph" para="104">
                    <span class="paranum">104</span>
                    <div class="gatha"> ‘‘යං යං යොනුපපජ්ජාමි, දෙවත්තං අථ මානුසං;</div>
                    <div class="gathalast">දීපසතසහස්සානි, පරිවාරෙ ජලන්ති මෙ.</div>
                </div>
                <div class="paragraph" para="105">
                    <span class="paranum">105</span>
                    <div class="gatha"> ‘‘දෙවලොකා චවිත්වාන, උප්පජ්ජිං මාතුකුච්ඡියං;</div>
                    <div class="gathalast">මාතුකුච්ඡිගතා සන්තී 
                        <span class="note">(මාතුකුච්ඡිගතං සන්තිං (සී.))</span>, අක්ඛි මෙ න නිමීලති.
                    </div>
                </div>
                <div class="paragraph" para="106">
                    <span class="paranum">106</span>
                    <div class="gatha"> ‘‘දීපසතසහස්සානි, පුඤ්ඤකම්මසමඞ්ගිතා;</div>
                    <div class="gathalast">ජලන්ති සූතිකාගෙහෙ 
                        <span class="note">(සූතිඝරෙ පජ්ජලන්ති (සබ්බත්ථ))</span>, පඤ්චදීපානිදං ඵලං.
                    </div>
                </div>
                <div class="paragraph" para="107">
                    <span class="paranum">107</span>
                    <div class="gatha"> ‘‘පච්ඡිමෙ භවෙ සම්පත්තෙ, මානසං විනිවත්තයිං;</div>
                    <div class="gathalast">අජරාමතං සීතිභාවං, නිබ්බානං ඵස්සයිං අහං.</div>
                </div>
                <div class="paragraph" para="108">
                    <span class="paranum">108</span>
                    <div class="gatha"> ‘‘ජාතියා සත්තවස්සාහං, අරහත්තමපාපුණිං;</div>
                    <div class="gathalast">උපසම්පාදයී බුද්ධො, ගුණමඤ්ඤාය ගොතමො.</div>
                </div>
                <div class="paragraph" para="109">
                    <span class="paranum">109</span>
                    <div class="gatha"> ‘‘මණ්ඩපෙ රුක්ඛමූලෙ වා, පාසාදෙසු ගුහාසු වා;</div>
                    <div class="gathalast">සුඤ්ඤාගාරෙ 
                        <pb ed="T" n="2.0267"/> වසන්තියා 
                        <span class="note">(ච ඣායන්තෙ (සී.), ච ඣායන්තා (පී.), පජ්ඣායන්තා (ස්‍යා.))</span>, පඤ්චදීපා ජලන්ති මෙ.
                    </div>
                </div>
                <div class="paragraph" para="110">
                    <span class="paranum">110</span>
                    <div class="gatha"> ‘‘දිබ්බචක්ඛු 
                        <pb ed="M" n="2.0197"/>
                        <pb ed="V" n="2.0189"/> විසුද්ධං මෙ, සමාධිකුසලා අහං;
                    </div>
                    <div class="gathalast">අභිඤ්ඤාපාරමිප්පත්තා, පඤ්චදීපානිදං ඵලං.</div>
                </div>
                <div class="paragraph" para="111">
                    <span class="paranum">111</span>
                    <div class="gatha"> ‘‘සබ්බවොසිතවොසානා, කතකිච්චා අනාසවා;</div>
                    <div class="gathalast">පඤ්චදීපා මහාවීර, පාදෙ වන්දාමි 
                        <span class="note">(වන්දති (සී. ක.))</span> චක්ඛුම.
                    </div>
                </div>
                <div class="paragraph" para="112">
                    <span class="paranum">112</span>
                    <div class="gatha"> ‘‘සතසහස්සිතො කප්පෙ, යං දීපමදදිං තදා;</div>
                    <div class="gathalast">දුග්ගතිං නාභිජානාමි, පඤ්චදීපානිදං ඵලං.</div>
                </div>
                <div class="paragraph" para="113">
                    <span class="paranum">113</span>
                    <div class="gatha"> ‘‘කිලෙසා ඣාපිතා මය්හං...පෙ.... විහරාමි අනාසවා.</div>
                </div>
                <div class="paragraph" para="114">
                    <span class="paranum">114</span>
                    <div class="gatha"> ‘‘ස්වාගතං 
                        <pb ed="P" n="2.0521"/> වත මෙ ආසි...පෙ.... කතං බුද්ධස්ස සාසනං.
                    </div>
                </div>
                <div class="paragraph" para="115">
                    <span class="paranum">115</span>
                    <div class="gatha"> ‘‘පටිසම්භිදා චතස්සො...පෙ.... කතං බුද්ධස්ස සාසනං’’.</div>
                </div>
                <div class="centre ending">ඉත්ථං සුදං පඤ්චදීපිකා භික්ඛුනී ඉමා ගාථායො අභාසිත්ථාති.</div>
            </div>
            <div class="centre ct_sutta ending">පඤ්චදීපිකාථෙරියාපදානං නවමං.</div>
        </div>
        <div class="subhead ct_sutta" node-id="472410">
            <span class="subhead ct_sutta">10. උදකදායිකාථෙරීඅපදානං</span>
            <div class="subhead-contents">
                <div class="paragraph" para="116">
                    <span class="paranum">116</span>
                    <div class="gatha"> ‘‘නගරෙ බන්ධුමතියා, අහොසිං උදහාරිකා;</div>
                    <div class="gathalast">උදහාරෙන ජීවාමි, තෙන පොසෙමි දාරකෙ.</div>
                </div>
                <div class="paragraph" para="117">
                    <span class="paranum">117</span>
                    <div class="gatha"> ‘‘දෙය්‍යධම්මො ච මෙ නත්ථි, පුඤ්ඤක්ඛෙත්තෙ අනුත්තරෙ;</div>
                    <div class="gathalast">කොට්ඨකං උපසඞ්කම්ම, උදකං පට්ඨපෙසහං.</div>
                </div>
                <div class="paragraph" para="118">
                    <span class="paranum">118</span>
                    <div class="gatha"> ‘‘තෙන 
                        <pb ed="T" n="2.0268"/> කම්මෙන සුකතෙන, තාවතිංසමගච්ඡහං;
                    </div>
                    <div class="gathalast">තත්ථ මෙ සුකතං බ්‍යම්හං, උදහාරෙන නිම්මිතං.</div>
                </div>
                <div class="paragraph" para="119">
                    <span class="paranum">119</span>
                    <div class="gatha"> ‘‘අච්ඡරානං සහස්සස්ස, අහඤ්හි පවරා තදා;</div>
                    <div class="gathalast">දසට්ඨානෙහි තා සබ්බා, අභිභොමි සදා අහං.</div>
                </div>
                <div class="paragraph" para="120">
                    <span class="paranum">120</span>
                    <div class="gatha"> ‘‘පඤ්ඤාසං දෙවරාජූනං, මහෙසිත්තමකාරයිං;</div>
                    <div class="gathalast">වීසතිචක්කවත්තීනං, මහෙසිත්තමකාරයිං.</div>
                </div>
                <div class="paragraph" para="121">
                    <span class="paranum">121</span>
                    <div class="gatha"> ‘‘දුවෙ භවෙ සංසරාමි, දෙවත්තෙ අථ මානුසෙ;</div>
                    <div class="gathalast">දුග්ගතිං නාභිජානාමි, දකදානස්සිදං ඵලං.</div>
                </div>
                <div class="paragraph" para="122">
                    <span class="paranum">122</span>
                    <div class="gatha"> ‘‘පබ්බතග්ගෙ 
                        <pb ed="M" n="2.0198"/>
                        <pb ed="V" n="2.0190"/> දුමග්ගෙ වා, අන්තලික්ඛෙ ච භූමියං;
                    </div>
                    <div class="gathalast">යදා උදකමිච්ඡාමි, ඛිප්පං පටිලභාමහං.</div>
                </div>
                <div class="paragraph" para="123">
                    <span class="paranum">123</span>
                    <div class="gatha"> ‘‘අවුට්ඨිකා දිසා නත්ථි, සන්තත්තා කුථිතාපි 
                        <span class="note">(සන්තත්තා කුථිතා න ච (සී. පී.), සන්තත්තා ඛුප්පිතා හි මෙ (ස්‍යා.))</span> ච;
                    </div>
                    <div class="gathalast">මම සඞ්කප්පමඤ්ඤාය, මහාමෙඝො පවස්සති.</div>
                </div>
                <div class="paragraph" para="124">
                    <span class="paranum">124</span>
                    <div class="gatha"> ‘‘කදාචි නීයමානාය, ඤාතිසඞ්ඝෙන මෙ තදා;</div>
                    <div class="gathalast">යදා ඉච්ඡාමහං වස්සං, මහාමෙඝො අජායථ.</div>
                </div>
                <div class="paragraph" para="125">
                    <span class="paranum">125</span>
                    <div class="gatha"> ‘‘උණ්හං වා පරිළාහො වා, සරීරෙ මෙ න විජ්ජති;</div>
                    <div class="gathalast">කායෙ ච මෙ රජො නත්ථි, දකදානස්සිදං ඵලං.</div>
                </div>
                <div class="paragraph" para="126">
                    <span class="paranum">126</span>
                    <div class="gatha"> ‘‘විසුද්ධමනසා 
                        <pb ed="P" n="2.0522"/> අජ්ජ, අපෙතමනපාපිකා;
                    </div>
                    <div class="gathalast">සබ්බාසවපරික්ඛීණා, නත්ථි දානි පුනබ්භවො.</div>
                </div>
                <div class="paragraph" para="127">
                    <span class="paranum">127</span>
                    <div class="gatha"> ‘‘එකනවුතිතො කප්පෙ, යං දකං අදදිං තදා;</div>
                    <div class="gathalast">දුග්ගතිං 
                        <pb ed="T" n="2.0269"/> නාභිජානාමි, දකදානස්සිදං ඵලං.
                    </div>
                </div>
                <div class="paragraph" para="128">
                    <span class="paranum">128</span>
                    <div class="gatha"> ‘‘කිලෙසා ඣාපිතා මය්හං...පෙ.... විහරාමි අනාසවා.</div>
                </div>
                <div class="paragraph" para="129">
                    <span class="paranum">129</span>
                    <div class="gatha"> ‘‘ස්වාගතං වත මෙ ආසි...පෙ.... කතං බුද්ධස්ස සාසනං.</div>
                </div>
                <div class="paragraph" para="130">
                    <span class="paranum">130</span>
                    <div class="gatha"> ‘‘පටිසම්භිදා චතස්සො...පෙ.... කතං බුද්ධස්ස සාසනං’’.</div>
                </div>
                <div class="centre ending">ඉත්ථං සුදං උදකදායිකා භික්ඛුනී ඉමා ගාථායො අභාසිත්ථාති.</div>
            </div>
            <div class="centre ct_sutta ending">උදකදායිකාථෙරියාපදානං දසමං.</div>
        </div>
    </div>
    <div class="centre ct_vagga ending">සුමෙධාවග්ගො පඨමො.</div>
    <div class="paragraph udana" para="udana">
        <div class="bodytext ct_vagga">තස්සුද්දානං -</div>
        <div class="ct_vagga gatha">සුමෙධා මෙඛලාදායී, මණ්ඩපං සඞ්කමං දදා;</div>
        <div class="gathalast ct_vagga">නළමාලී පිණ්ඩදදා, කටච්ඡු උප්පලප්පදා.</div>
        <div class="ct_vagga gatha">දීපදා දකදා චෙව, ගාථායො ගණිතා ඉහ;</div>
        <div class="gathalast ct_vagga">එකගාථාසතඤ්චෙව, තිංසති ච තදුත්තරි 
            <span class="note">(සත්තරසං තදුත්තරි (ස්‍යා.), සත්තාදස තදුත්තරිං (පී.))</span>.
        </div>
    </div>
</div>