<div class="chapter ct_vagga" node-id="34180">
    <span class="chapter ct_vagga">(9) 4. ඉද්ධිපාදවග්ගො</span>
    <div class="chapter-contents">
        <div class="subhead ct_sutta" node-id="34181">
            <span class="subhead ct_sutta">1. සික්ඛසුත්තං</span>
            <div class="subhead-contents">
                <div class="paragraph" para="83">
                    <span class="paranum">83</span>
                    <div class="bodytext"> ‘‘පඤ්චිමානි 
                        <pb ed="V" n="3.0269"/>, භික්ඛවෙ, සික්ඛාදුබ්බල්‍යානි. කතමානි පඤ්ච? පාණාතිපාතො...පෙ.... සුරාමෙරයමජ්ජපමාදට්ඨානං - ඉමානි ඛො, භික්ඛවෙ, පඤ්ච සික්ඛාදුබ්බල්‍යානි.
                    </div>
                    <div class="bodytext">‘‘ඉමෙසං ඛො, භික්ඛවෙ, පඤ්චන්නං සික්ඛාදුබ්බල්‍යානං පහානාය චත්තාරො ඉද්ධිපාදා භාවෙතබ්බා. කතමෙ චත්තාරො? ඉධ 
                        <pb ed="P" n="4.0464"/>, භික්ඛවෙ, භික්ඛු ඡන්දසමාධිපධානසඞ්ඛාරසමන්නාගතං ඉද්ධිපාදං භාවෙති, වීරියසමාධි... චිත්තසමාධි... වීමංසාසමාධිපධානසඞ්ඛාරසමන්නාගතං ඉද්ධිපාදං භාවෙති. ඉමෙසං ඛො, භික්ඛවෙ, පඤ්චන්නං සික්ඛාදුබ්බල්‍යානං පහානාය ඉමෙ චත්තාරො ඉද්ධිපාදා භාවෙතබ්බා’’ති. පඨමං.
                    </div>
                </div>
                <div class="paragraph" para="84-91">
                    <span class="paranum">84-91</span>
                    <div class="bodytext"> (යථා සතිපට්ඨානවග්ගෙ තථා ඉද්ධිපාදවසෙන විත්ථාරෙතබ්බා.)</div>
                </div>
            </div>
        </div>
        <div class="subhead ct_sutta" node-id="34182">
            <span class="subhead ct_sutta">10. චෙතසොවිනිබන්ධසුත්තං</span>
            <div class="subhead-contents">
                <div class="paragraph" para="92">
                    <span class="paranum">92</span>
                    <div class="bodytext"> ‘‘පඤ්චිමෙ 
                        <pb ed="T" n="4.0486"/>, භික්ඛවෙ, චෙතසොවිනිබන්ධා. කතමෙ පඤ්ච? ඉධ, භික්ඛවෙ, භික්ඛු කාමෙසු අවීතරාගො හොති...පෙ.... ඉමෙ ඛො, භික්ඛවෙ, පඤ්ච චෙතසොවිනිබන්ධා.
                    </div>
                    <div class="bodytext">‘‘ඉමෙසං ඛො, භික්ඛවෙ, පඤ්චන්නං චෙතසොවිනිබන්ධානං පහානාය ඉමෙ චත්තාරො ඉද්ධිපාදා භාවෙතබ්බා. කතමෙ චත්තාරො? ඉධ, භික්ඛවෙ, භික්ඛු ඡන්දසමාධිපධානසඞ්ඛාරසමන්නාගතං ඉද්ධිපාදං භාවෙති, වීරියසමාධි... චිත්තසමාධි... වීමංසාසමාධිපධානසඞ්ඛාරසමන්නාගතං ඉද්ධිපාදං 
                        <pb ed="V" n="3.0270"/> භාවෙති. ඉමෙසං ඛො, භික්ඛවෙ, පඤ්චන්නං චෙතසොවිනිබන්ධානං පහානාය ඉමෙ චත්තාරො ඉද්ධිපාදා භාවෙතබ්බා’’ති. දසමං.
                    </div>
                </div>
            </div>
        </div>
    </div>
    <div class="centre ct_vagga ending">ඉද්ධිපාදවග්ගො චතුත්ථො.</div>
    <div class="paragraph udana" para="udana">
        <div class="ct_vagga gatha">යථෙව 
            <pb ed="M" n="3.0256"/> සතිපට්ඨානා, පධානා චතුරොපි ච;
        </div>
        <div class="gathalast ct_vagga">චත්තාරො ඉද්ධිපාදා ච, තථෙව සම්පයොජයෙති.</div>
    </div>
</div>