<div class="specialcaption ct_pannasaka">4. චතුත්ථපණ්ණාසකං</div>
<div class="chapter ct_vagga" node-id="35250">
    <span class="chapter ct_vagga">(16) 1. පුග්ගලවග්ගො</span>
    <div class="chapter-contents">
        <div class="subhead ct_sutta" node-id="35251">
            <span class="subhead ct_sutta">1. සෙවිතබ්බසුත්තං</span>
            <div class="subhead-contents">
                <div class="paragraph" para="155">
                    <span class="paranum">155</span>
                    <div class="bodytext"> ‘‘දසහි 
                        <pb ed="T" n="5.0266"/>
                        <pb ed="V" n="3.0215"/>
                        <pb ed="M" n="3.0458"/>, භික්ඛවෙ, ධම්මෙහි සමන්නාගතො පුග්ගලො න සෙවිතබ්බො. කතමෙහි දසහි? මිච්ඡාදිට්ඨිකො 
                        <pb ed="P" n="5.0248"/> හොති, මිච්ඡාසඞ්කප්පො හොති, මිච්ඡාවාචො හොති, මිච්ඡාකම්මන්තො හොති, මිච්ඡාආජීවො හොති, මිච්ඡාවායාමො හොති, මිච්ඡාසති හොති, මිච්ඡාසමාධි හොති, මිච්ඡාඤාණී හොති, මිච්ඡාවිමුත්ති හොති - ඉමෙහි ඛො, භික්ඛවෙ, දසහි ධම්මෙහි සමන්නාගතො පුග්ගලො න සෙවිතබ්බො.
                    </div>
                    <div class="bodytext">‘‘දසහි, භික්ඛවෙ, ධම්මෙහි සමන්නාගතො පුග්ගලො සෙවිතබ්බො. කතමෙහි දසහි? සම්මාදිට්ඨිකො හොති, සම්මාසඞ්කප්පො හොති, සම්මාවාචො හොති, සම්මාකම්මන්තො හොති, සම්මාආජීවො හොති, සම්මාවායාමො හොති, සම්මාසති හොති, සම්මාසමාධි හොති, සම්මාඤාණී හොති, සම්මාවිමුත්ති හොති - ඉමෙහි ඛො, භික්ඛවෙ, දසහි ධම්මෙහි සමන්නාගතො පුග්ගලො සෙවිතබ්බො’’ති.</div>
                </div>
            </div>
        </div>
        <div class="subhead ct_sutta" node-id="35252">
            <span class="subhead ct_sutta">2-12. භජිතබ්බාදිසුත්තානි</span>
            <div class="subhead-contents">
                <div class="paragraph" para="156-166">
                    <span class="paranum">156-166</span>
                    <div class="bodytext"> ‘‘දසහි, භික්ඛවෙ, ධම්මෙහි සමන්නාගතො පුග්ගලො න භජිතබ්බො...පෙ.... භජිතබ්බො...පෙ.... න පයිරුපාසිතබ්බො... පයිරුපාසිතබ්බො...පෙ.... න පුජ්ජො හොති... පුජ්ජො හොති...පෙ.... න පාසංසො හොති... පාසංසො හොති...පෙ.... අගාරවො හොති... සගාරවො හොති...පෙ.... අප්පතිස්සො හොති... සප්පතිස්සො හොති...පෙ.... න ආරාධකො හොති 
                        <pb ed="V" n="3.0216"/> ... ආරාධකො හොති...පෙ.... න විසුජ්ඣති... විසුජ්ඣති...පෙ.... මානං නාධිභොති... මානං අධිභොති...පෙ. 
                        <pb ed="P" n="5.0249"/>... පඤ්ඤාය න වඩ්ඪති... පඤ්ඤාය වඩ්ඪති...පෙ.....
                    </div>
                    <div class="bodytext">‘‘බහුං අපුඤ්ඤං 
                        <pb ed="T" n="5.0267"/> පසවති... බහුං පුඤ්ඤං පසවති. කතමෙහි දසහි? සම්මාදිට්ඨිකො හොති, සම්මාසඞ්කප්පො හොති, සම්මාවාචො හොති, සම්මාකම්මන්තො හොති, සම්මාආජීවො හොති, සම්මාවායාමො හොති 
                        <pb ed="M" n="3.0459"/>, සම්මාසති හොති, සම්මාසමාධි හොති, සම්මාඤාණී හොති, සම්මාවිමුත්ති හොති - ඉමෙහි ඛො, භික්ඛවෙ, දසහි ධම්මෙහි සමන්නාගතො පුග්ගලො බහුං පුඤ්ඤං පසවතී’’ති.
                    </div>
                </div>
            </div>
        </div>
    </div>
    <div class="centre ct_vagga ending">පුග්ගලවග්ගො පඨමො.</div>
</div>