<div class="chapter ct_vagga" node-id="26240">
    <span class="chapter ct_vagga">15. අට්ඨානපාළි</span>
    <div class="chapter-contents">
        <div class="subhead ct_vagga" node-id="26241">
            <span class="subhead ct_vagga">1. පඨමවග්ගො</span>
            <div class="subhead-contents">
                <div class="paragraph" para="268">
                    <span class="paranum">268</span>
                    <div class="bodytext"> ‘‘අට්ඨානමෙතං 
                        <pb ed="V" n="1.0038"/>, භික්ඛවෙ, අනවකාසො යං දිට්ඨිසම්පන්නො පුග්ගලො කඤ්චි 
                        <span class="note">(කිඤ්චි (ක.))</span> සඞ්ඛාරං නිච්චතො උපගච්ඡෙය්‍ය. නෙතං ඨානං විජ්ජති. ඨානඤ්ච ඛො එතං, භික්ඛවෙ, විජ්ජති 
                        <pb ed="P" n="1.0027"/> යං පුථුජ්ජනො කඤ්චි සඞ්ඛාරං නිච්චතො උපගච්ඡෙය්‍ය. ඨානමෙතං විජ්ජතී’’ති.
                    </div>
                </div>
                <div class="paragraph" para="269">
                    <span class="paranum">269</span>
                    <div class="bodytext"> ‘‘අට්ඨානමෙතං, භික්ඛවෙ, අනවකාසො යං දිට්ඨිසම්පන්නො පුග්ගලො කඤ්චි සඞ්ඛාරං සුඛතො උපගච්ඡෙය්‍ය. නෙතං ඨානං විජ්ජති. ඨානඤ්ච ඛො එතං, භික්ඛවෙ, විජ්ජති යං පුථුජ්ජනො කඤ්චි සඞ්ඛාරං සුඛතො උපගච්ඡෙය්‍ය. ඨානමෙතං විජ්ජතී’’ති.</div>
                </div>
                <div class="paragraph" para="270">
                    <span class="paranum">270</span>
                    <div class="bodytext"> ‘‘අට්ඨානමෙතං, භික්ඛවෙ, අනවකාසො යං දිට්ඨිසම්පන්නො පුග්ගලො 
                        <pb ed="T" n="1.0035"/> කඤ්චි ධම්මං අත්තතො උපගච්ඡෙය්‍ය. නෙතං ඨානං විජ්ජති. ඨානඤ්ච ඛො එතං, භික්ඛවෙ, විජ්ජති යං පුථුජ්ජනො කඤ්චි ධම්මං අත්තතො උපගච්ඡෙය්‍ය. ඨානමෙතං විජ්ජතී’’ති.
                    </div>
                </div>
                <div class="paragraph" para="271">
                    <span class="paranum">271</span>
                    <div class="bodytext"> ‘‘අට්ඨානමෙතං, භික්ඛවෙ, අනවකාසො යං දිට්ඨිසම්පන්නො පුග්ගලො මාතරං ජීවිතා වොරොපෙය්‍ය. නෙතං ඨානං විජ්ජති. ඨානඤ්ච ඛො, භික්ඛවෙ, විජ්ජති යං පුථුජ්ජනො මාතරං ජීවිතා වොරොපෙය්‍ය. ඨානමෙතං විජ්ජතී’’ති.</div>
                </div>
                <div class="paragraph" para="272">
                    <span class="paranum">272</span>
                    <div class="bodytext"> ‘‘අට්ඨානමෙතං 
                        <pb ed="M" n="1.0029"/>, භික්ඛවෙ, අනවකාසො යං දිට්ඨිසම්පන්නො පුග්ගලො පිතරං ජීවිතා වොරොපෙය්‍ය. නෙතං ඨානං විජ්ජති. ඨානඤ්ච ඛො එතං, භික්ඛවෙ, විජ්ජති යං පුථුජ්ජනො පිතරං ජීවිතා වොරොපෙය්‍ය. ඨානමෙතං විජ්ජතී’’ති.
                    </div>
                </div>
                <div class="paragraph" para="273">
                    <span class="paranum">273</span>
                    <div class="bodytext"> ‘‘අට්ඨානමෙතං 
                        <pb ed="V" n="1.0039"/>, භික්ඛවෙ, අනවකාසො යං දිට්ඨිසම්පන්නො පුග්ගලො අරහන්තං ජීවිතා වොරොපෙය්‍ය. නෙතං ඨානං විජ්ජති. ඨානඤ්ච ඛො එතං, භික්ඛවෙ, විජ්ජති යං පුථුජ්ජනො අරහන්තං ජීවිතා වොරොපෙය්‍ය. ඨානමෙතං විජ්ජතී’’ති.
                    </div>
                </div>
                <div class="paragraph" para="274">
                    <span class="paranum">274</span>
                    <div class="bodytext"> ‘‘අට්ඨානමෙතං, භික්ඛවෙ, අනවකාසො යං දිට්ඨිසම්පන්නො පුග්ගලො තථාගතස්ස පදුට්ඨචිත්තො ලොහිතං උප්පාදෙය්‍ය. නෙතං ඨානං විජ්ජති. ඨානඤ්ච ඛො එතං, භික්ඛවෙ, විජ්ජති යං පුථුජ්ජනො තථාගතස්ස පදුට්ඨචිත්තො ලොහිතං උප්පාදෙය්‍ය. ඨානමෙතං විජ්ජතී’’ති.</div>
                </div>
                <div class="paragraph" para="275">
                    <span class="paranum">275</span>
                    <div class="bodytext"> ‘‘අට්ඨානමෙතං 
                        <pb ed="T" n="1.0036"/>, භික්ඛවෙ, අනවකාසො යං දිට්ඨිසම්පන්නො පුග්ගලො සඞ්ඝං භින්දෙය්‍ය. නෙතං ඨානං විජ්ජති. ඨානඤ්ච ඛො එතං, භික්ඛවෙ, විජ්ජති යං පුථුජ්ජනො සඞ්ඝං භින්දෙය්‍ය. ඨානමෙතං විජ්ජතී’’ති.
                    </div>
                </div>
                <div class="paragraph" para="276">
                    <span class="paranum">276</span>
                    <div class="bodytext"> ‘‘අට්ඨානමෙතං, භික්ඛවෙ, අනවකාසො යං දිට්ඨිසම්පන්නො පුග්ගලො අඤ්ඤං සත්ථාරං උද්දිසෙය්‍ය. නෙතං ඨානං විජ්ජති. ඨානඤ්ච ඛො එතං, භික්ඛවෙ, විජ්ජති යං පුථුජ්ජනො අඤ්ඤං සත්ථාරං උද්දිසෙය්‍ය. ඨානමෙතං විජ්ජතී’’ති.</div>
                </div>
                <div class="paragraph" para="277">
                    <span class="paranum">277</span>
                    <div class="bodytext"> ‘‘අට්ඨානමෙතං, භික්ඛවෙ, අනවකාසො යං එකිස්සා ලොකධාතුයා ද්වෙ අරහන්තො සම්මාසම්බුද්ධා අපුබ්බං අචරිමං 
                        <pb ed="P" n="1.0028"/> උප්පජ්ජෙය්‍යුං. නෙතං ඨානං විජ්ජති. ඨානඤ්ච ඛො එතං, භික්ඛවෙ, විජ්ජති යං එකිස්සා ලොකධාතුයා එකොව අරහං සම්මාසම්බුද්ධො උප්පජ්ජෙය්‍ය. ඨානමෙතං විජ්ජතී’’ති.
                    </div>
                </div>
            </div>
            <div class="centre ct_vagga ending">වග්ගො පඨමො.</div>
        </div>
        <div class="subhead ct_vagga" node-id="26242">
            <span class="subhead ct_vagga">2. දුතියවග්ගො</span>
            <div class="subhead-contents">
                <div class="paragraph" para="278">
                    <span class="paranum">278</span>
                    <div class="bodytext"> ‘‘අට්ඨානමෙතං 
                        <pb ed="V" n="1.0040"/>, භික්ඛවෙ, අනවකාසො යං එකිස්සා ලොකධාතුයා ද්වෙ රාජානො චක්කවත්තී අපුබ්බං අචරිමං උප්පජ්ජෙය්‍යුං. නෙතං ඨානං විජ්ජති 
                        <pb ed="M" n="1.0030"/>. ඨානඤ්ච ඛො එතං, භික්ඛවෙ, විජ්ජති යං එකිස්සා ලොකධාතුයා එකො රාජා චක්කවත්තී උප්පජ්ජෙය්‍ය. ඨානමෙතං විජ්ජතී’’ති.
                    </div>
                </div>
                <div class="paragraph" para="279">
                    <span class="paranum">279</span>
                    <div class="bodytext"> ‘‘අට්ඨානමෙතං, භික්ඛවෙ, අනවකාසො යං ඉත්ථී අරහං අස්ස සම්මාසම්බුද්ධො. නෙතං ඨානං විජ්ජති. ඨානඤ්ච ඛො, එතං, භික්ඛවෙ, විජ්ජති යං පුරිසො අරහං අස්ස සම්මාසම්බුද්ධො. ඨානමෙතං විජ්ජතී’’ති.</div>
                </div>
                <div class="paragraph" para="280">
                    <span class="paranum">280</span>
                    <div class="bodytext"> ‘‘අට්ඨානමෙතං 
                        <pb ed="T" n="1.0037"/>, භික්ඛවෙ, අනවකාසො යං ඉත්ථී රාජා අස්ස චක්කවත්තී. නෙතං ඨානං විජ්ජති. ඨානඤ්ච ඛො එතං, භික්ඛවෙ, විජ්ජති යං පුරිසො රාජා අස්ස චක්කවත්තී. ඨානමෙතං විජ්ජතී’’ති.
                    </div>
                </div>
                <div class="paragraph" para="281-283">
                    <span class="paranum">281-283</span>
                    <div class="bodytext"> ‘‘අට්ඨානමෙතං, භික්ඛවෙ, අනවකාසො යං ඉත්ථී සක්කත්තං කාරෙය්‍ය...පෙ.... මාරත්තං කාරෙය්‍ය...පෙ.... බ්‍රහ්මත්තං කාරෙය්‍ය. නෙතං ඨානං විජ්ජති. ඨානඤ්ච ඛො එතං, භික්ඛවෙ, විජ්ජති යං පුරිසො සක්කත්තං කාරෙය්‍ය...පෙ.... මාරත්තං කාරෙය්‍ය...පෙ.... බ්‍රහ්මත්තං කාරෙය්‍ය. ඨානමෙතං විජ්ජතී’’ති.</div>
                </div>
                <div class="paragraph" para="284">
                    <span class="paranum">284</span>
                    <div class="bodytext"> ‘‘අට්ඨානමෙතං, භික්ඛවෙ, අනවකාසො යං කායදුච්චරිතස්ස ඉට්ඨො කන්තො මනාපො විපාකො නිබ්බත්තෙය්‍ය. නෙතං ඨානං විජ්ජති. ඨානඤ්ච ඛො එතං, භික්ඛවෙ, විජ්ජති යං කායදුච්චරිතස්ස අනිට්ඨො අකන්තො අමනාපො විපාකො නිබ්බත්තෙය්‍ය. ඨානමෙතං විජ්ජතී’’ති.</div>
                </div>
                <div class="paragraph" para="285-286">
                    <span class="paranum">285-286</span>
                    <div class="bodytext"> ‘‘අට්ඨානමෙතං, භික්ඛවෙ, අනවකාසො යං වචීදුච්චරිතස්ස...පෙ.... යං මනොදුච්චරිතස්ස ඉට්ඨො කන්තො මනාපො විපාකො නිබ්බත්තෙය්‍ය. නෙතං ඨානං විජ්ජති. ඨානඤ්ච ඛො එතං, භික්ඛවෙ, විජ්ජති යං මනොදුච්චරිතස්ස අනිට්ඨො අකන්තො අමනාපො විපාකො නිබ්බත්තෙය්‍ය. ඨානමෙතං විජ්ජතී’’ති.</div>
                </div>
            </div>
            <div class="centre ct_vagga ending">වග්ගො දුතියො.</div>
        </div>
        <div class="subhead ct_vagga" node-id="26243">
            <span class="subhead ct_vagga">3. තතියවග්ගො</span>
            <div class="subhead-contents">
                <div class="paragraph" para="287">
                    <span class="paranum">287</span>
                    <div class="bodytext"> ‘‘අට්ඨානමෙතං 
                        <pb ed="V" n="1.0041"/>, භික්ඛවෙ, අනවකාසො යං කායසුචරිතස්ස අනිට්ඨො අකන්තො අමනාපො විපාකො නිබ්බත්තෙය්‍ය. නෙතං ඨානං විජ්ජති. ඨානඤ්ච 
                        <pb ed="T" n="1.0038"/>
                        <pb ed="M" n="1.0031"/> ඛො එතං, භික්ඛවෙ, විජ්ජති යං කායසුචරිතස්ස ඉට්ඨො කන්තො මනාපො විපාකො නිබ්බත්තෙය්‍ය. ඨානමෙතං විජ්ජතී’’ති.
                    </div>
                </div>
                <div class="paragraph" para="288-289">
                    <span class="paranum">288-289</span>
                    <div class="bodytext"> ‘‘අට්ඨානමෙතං 
                        <pb ed="P" n="1.0029"/>, භික්ඛවෙ, අනවකාසො යං වචීසුචරිතස්ස...පෙ.... මනොසුචරිතස්ස අනිට්ඨො අකන්තො අමනාපො විපාකො නිබ්බත්තෙය්‍ය. නෙතං ඨානං විජ්ජති. ඨානඤ්ච ඛො එතං, භික්ඛවෙ, විජ්ජති යං මනොසුචරිතස්ස ඉට්ඨො කන්තො මනාපො විපාකො නිබ්බත්තෙය්‍ය. ඨානමෙතං විජ්ජතී’’ති.
                    </div>
                </div>
                <div class="paragraph" para="290">
                    <span class="paranum">290</span>
                    <div class="bodytext"> ‘‘අට්ඨානමෙතං, භික්ඛවෙ, අනවකාසො යං කායදුච්චරිතසමඞ්ගී තන්නිදානා තප්පච්චයා කායස්ස භෙදා පරං මරණා සුගතිං සග්ගං ලොකං උපපජ්ජෙය්‍ය. නෙතං ඨානං විජ්ජති. ඨානඤ්ච ඛො එතං, භික්ඛවෙ, විජ්ජති යං කායදුච්චරිතසමඞ්ගී තන්නිදානා තප්පච්චයා කායස්ස භෙදා පරං මරණා අපායං දුග්ගතිං විනිපාතං නිරයං උපපජ්ජෙය්‍ය. ඨානමෙතං විජ්ජතී’’ති.</div>
                </div>
                <div class="paragraph" para="291-292">
                    <span class="paranum">291-292</span>
                    <div class="bodytext"> ‘‘අට්ඨානමෙතං, භික්ඛවෙ, අනවකාසො යං වචීදුච්චරිතසමඞ්ගී...පෙ.... යං මනොදුච්චරිතසමඞ්ගී තන්නිදානා තප්පච්චයා කායස්ස භෙදා පරං මරණා සුගතිං සග්ගං ලොකං උපපජ්ජෙය්‍ය. නෙතං ඨානං විජ්ජති. ඨානඤ්ච ඛො එතං, භික්ඛවෙ, විජ්ජති යං මනොදුච්චරිතසමඞ්ගී තන්නිදානා තප්පච්චයා කායස්ස භෙදා පරං මරණා අපායං දුග්ගතිං විනිපාතං නිරයං උපපජ්ජෙය්‍ය. ඨානමෙතං විජ්ජතී’’ති 
                        <pb ed="T" n="1.0039"/>.
                    </div>
                </div>
                <div class="paragraph" para="293">
                    <span class="paranum">293</span>
                    <div class="bodytext"> ‘‘අට්ඨානමෙතං, භික්ඛවෙ, අනවකාසො යං කායසුචරිතසමඞ්ගී තන්නිදානා තප්පච්චයා කායස්ස භෙදා පරං මරණා අපායං දුග්ගතිං විනිපාතං නිරයං උපපජ්ජෙය්‍ය. නෙතං ඨානං විජ්ජති. ඨානඤ්ච ඛො එතං, භික්ඛවෙ, විජ්ජති යං කායසුචරිතසමඞ්ගී තන්නිදානා තප්පච්චයා 
                        <pb ed="V" n="1.0042"/> කායස්ස භෙදා පරං මරණා සුගතිං සග්ගං ලොකං උපපජ්ජෙය්‍ය. ඨානමෙතං විජ්ජතී’’ති.
                    </div>
                </div>
                <div class="paragraph" para="294-295">
                    <span class="paranum">294-295</span>
                    <div class="bodytext"> ‘‘අට්ඨානමෙතං, භික්ඛවෙ, අනවකාසො යං වචීසුචරිතසමඞ්ගී...පෙ.... යං මනොසුචරිතසමඞ්ගී තන්නිදානා තප්පච්චයා කායස්ස භෙදා පරං මරණා අපායං දුග්ගතිං විනිපාතං නිරයං උපපජ්ජෙය්‍ය. නෙතං ඨානං විජ්ජති. ඨානඤ්ච ඛො එතං, භික්ඛවෙ, විජ්ජති යං 
                        <pb ed="P" n="1.0030"/> මනොසුචරිතසමඞ්ගී තන්නිදානා තප්පච්චයා කායස්ස භෙදා පරං මරණා සුගතිං සග්ගං ලොකං උපපජ්ජෙය්‍ය. ඨානමෙතං විජ්ජතී’’ති.
                    </div>
                </div>
            </div>
            <div class="centre ct_vagga ending">වග්ගො තතියො.</div>
        </div>
    </div>
    <div class="centre ct_vagga ending">අට්ඨානපාළි පන්නරසමො.</div>
</div>