<div class="chapter ct_nipatha" node-id="45130">
    <span class="chapter ct_nipatha">4. චතුක්කනිපාතො</span>
    <div class="chapter-contents">
        <div class="subhead ct_sutta" node-id="45131">
            <span class="subhead ct_sutta">1. භද්දාකාපිලානීථෙරීගාථා</span>
            <div class="subhead-contents">
                <div class="paragraph" para="63">
                    <span class="paranum">63</span>
                    <div class="gatha"> ‘‘පුත්තො 
                        <pb ed="M" n="0.0387"/> බුද්ධස්ස දායාදො, කස්සපො සුසමාහිතො;
                    </div>
                    <div class="gathalast">පුබ්බෙනිවාසං යොවෙදි, සග්ගාපායඤ්ච පස්සති.</div>
                </div>
                <div class="paragraph" para="64">
                    <span class="paranum">64</span>
                    <div class="gatha"> ‘‘අථො 
                        <pb ed="T" n="0.0452"/> ජාතික්ඛයං පත්තො, අභිඤ්ඤාවොසිතො මුනි;
                    </div>
                    <div class="gathalast">එතාහි තීහි විජ්ජාහි, තෙවිජ්ජො හොති බ්‍රාහ්මණො.</div>
                </div>
                <div class="paragraph" para="65">
                    <span class="paranum">65</span>
                    <div class="gatha"> ‘‘තථෙව භද්දා කාපිලානී, තෙවිජ්ජා මච්චුහායිනී;</div>
                    <div class="gathalast">ධාරෙති අන්තිමං දෙහං, ජෙත්වා මාරං සවාහනං.</div>
                </div>
                <div class="paragraph" para="66">
                    <span class="paranum">66</span>
                    <div class="gatha"> ‘‘දිස්වා ආදීනවං ලොකෙ, උභො පබ්බජිතා මයං;</div>
                    <div class="gathalast">ත්‍යම්හ ඛීණාසවා දන්තා, සීතිභූතම්හ නිබ්බුතා’’ති.</div>
                </div>
            </div>
            <div class="centre ct_sutta ending">... භද්දා කාපිලානී ථෙරී....</div>
        </div>
    </div>
    <div class="centre ct_nipatha ending">චතුක්කනිපාතො නිට්ඨිතො.</div>
</div>