<div class="chapter ct_nipatha" node-id="44200">
    <span class="chapter ct_nipatha">11. එකාදසනිපාතො</span>
    <div class="chapter-contents">
        <div class="subhead ct_sutta" node-id="44201">
            <span class="subhead ct_sutta">1. සංකිච්චත්ථෙරගාථා</span>
            <div class="subhead-contents">
                <div class="paragraph" para="597">
                    <span class="paranum">597</span>
                    <div class="gatha"> ‘‘කිං 
                        <pb ed="T" n="0.0356"/>
                        <pb ed="M" n="0.0307"/>
                        <pb ed="V" n="0.0242"/>
                        <pb ed="P" n="0.0062"/> තවත්ථො වනෙ තාත, උජ්ජුහානොව පාවුසෙ;
                    </div>
                    <div class="gathalast">වෙරම්භා රමණීයා තෙ, පවිවෙකො හි ඣායිනං.</div>
                </div>
                <div class="paragraph" para="598">
                    <span class="paranum">598</span>
                    <div class="gatha"> ‘‘යථා අබ්භානි වෙරම්භො, වාතො නුදති පාවුසෙ;</div>
                    <div class="gathalast">සඤ්ඤා මෙ අභිකිරන්ති, විවෙකපටිසඤ්ඤුතා.</div>
                </div>
                <div class="paragraph" para="599">
                    <span class="paranum">599</span>
                    <div class="gatha"> ‘‘අපණ්ඩරො අණ්ඩසම්භවො, සීවථිකාය නිකෙතචාරිකො;</div>
                    <div class="gathalast">උප්පාදයතෙව මෙ සතිං, සන්දෙහස්මිං විරාගනිස්සිතං.</div>
                </div>
                <div class="paragraph" para="600">
                    <span class="paranum">600</span>
                    <div class="gatha"> ‘‘යඤ්ච අඤ්ඤෙ න රක්ඛන්ති, යො ච අඤ්ඤෙ න රක්ඛති;</div>
                    <div class="gathalast">ස වෙ භික්ඛු සුඛං සෙති, කාමෙසු අනපෙක්ඛවා.</div>
                </div>
                <div class="paragraph" para="601">
                    <span class="paranum">601</span>
                    <div class="gatha"> ‘‘අච්ඡොදිකා පුථුසිලා, ගොනඞ්ගුලමිගායුතා;</div>
                    <div class="gathalast">අම්බුසෙවාලසඤ්ඡන්නා, තෙ සෙලා රමයන්ති මං.</div>
                </div>
                <div class="paragraph" para="602">
                    <span class="paranum">602</span>
                    <div class="gatha"> ‘‘වසිතං මෙ අරඤ්ඤෙසු, කන්දරාසු ගුහාසු ච;</div>
                    <div class="gathalast">සෙනාසනෙසු පන්තෙසු, වාළමිගනිසෙවිතෙ.</div>
                </div>
                <div class="paragraph" para="603">
                    <span class="paranum">603</span>
                    <div class="gatha"> ‘‘‘ඉමෙ හඤ්ඤන්තු වජ්ඣන්තු, දුක්ඛං පප්පොන්තු පාණිනො’;</div>
                    <div class="gathalast">සඞ්කප්පං නාභිජානාමි, අනරියං දොසසංහිතං.</div>
                </div>
                <div class="paragraph" para="604">
                    <span class="paranum">604</span>
                    <div class="gatha"> ‘‘පරිචිණ්ණො මයා සත්ථා, කතං බුද්ධස්ස සාසනං;</div>
                    <div class="gathalast">ඔහිතො ගරුකො භාරො, භවනෙත්ති සමූහතා.</div>
                </div>
                <div class="paragraph" para="605">
                    <span class="paranum">605</span>
                    <div class="gatha"> ‘‘යස්ස චත්ථාය 
                        <span class="note">(යස්සත්ථාය (සී.))</span> පබ්බජිතො, අගාරස්මානගාරියං;
                    </div>
                    <div class="gathalast">සො මෙ අත්ථො අනුප්පත්තො, සබ්බසංයොජනක්ඛයො.</div>
                </div>
                <div class="paragraph" para="606">
                    <span class="paranum">606</span>
                    <div class="gatha"> ‘‘නාභිනන්දාමි 
                        <pb ed="T" n="0.0357"/> මරණං, නාභිනන්දාමි ජීවිතං;
                    </div>
                    <div class="gathalast">කාලඤ්ච පටිකඞ්ඛාමි, නිබ්බිසං භතකො යථා.</div>
                </div>
                <div class="paragraph" para="607">
                    <span class="paranum">607</span>
                    <div class="gatha"> ‘‘නාභිනන්දාමි 
                        <pb ed="M" n="0.0308"/>
                        <pb ed="V" n="0.0243"/> මරණං, නාභිනන්දාමි ජීවිතං;
                    </div>
                    <div class="gathalast">කාලඤ්ච පටිකඞ්ඛාමි, සම්පජානො පතිස්සතො’’ති.</div>
                </div>
            </div>
            <div class="centre ct_sutta ending">... සංකිච්චො ථෙරො....</div>
        </div>
    </div>
    <div class="centre ct_nipatha ending">එකාදසනිපාතො නිට්ඨිතො.</div>
    <div class="paragraph udana" para="udana">
        <div class="bodytext ct_nipatha">තත්‍රුද්දානං -</div>
        <div class="ct_nipatha gatha">සංකිච්චථෙරො එකොව, කතකිච්චො අනාසවො;</div>
        <div class="gathalast ct_nipatha">එකාදසනිපාතම්හි, ගාථා එකාදසෙව චාති.</div>
    </div>
</div>