<div class="chapter ct_nipatha" node-id="44110">
    <span class="chapter ct_nipatha">2. දුකනිපාතො</span>
    <div class="chapter-contents">
        <div class="title ct_vagga" node-id="44111">
            <span class="title ct_vagga">1. පඨමවග්ගො</span>
            <div class="title-contents">
                <div class="subhead ct_sutta" node-id="44116">
                    <span class="subhead ct_sutta">1. උත්තරත්ථෙරගාථා</span>
                    <div class="subhead-contents">
                        <div class="paragraph" para="121">
                            <span class="paranum">121</span>
                            <div class="gatha"> ‘‘නත්ථි 
                                <pb ed="M" n="0.0247"/>
                                <pb ed="V" n="0.0188"/>
                                <pb ed="P" n="0.0018"/> කොචි භවො නිච්චො, සඞ්ඛාරා වාපි සස්සතා;
                            </div>
                            <div class="gathalast">උප්පජ්ජන්ති ච තෙ ඛන්ධා, චවන්ති අපරාපරං.</div>
                        </div>
                        <div class="paragraph" para="122">
                            <span class="paranum">122</span>
                            <div class="gatha"> ‘‘එතමාදීනං ඤත්වා, භවෙනම්හි අනත්ථිකො;</div>
                            <div class="gathalast">නිස්සටො සබ්බකාමෙහි, පත්තො මෙ ආසවක්ඛයො’’ති.</div>
                            <div class="bodytext">ඉත්ථං සුදං ආයස්මා උත්තරො ථෙරො ගාථායො අභාසිත්ථාති.</div>
                        </div>
                    </div>
                </div>
                <div class="subhead ct_sutta" node-id="44117">
                    <span class="subhead ct_sutta">2. පිණ්ඩොලභාරද්වාජත්ථෙරගාථා</span>
                    <div class="subhead-contents">
                        <div class="paragraph" para="123">
                            <span class="paranum">123</span>
                            <div class="gatha"> ‘‘නයිදං 
                                <pb ed="T" n="0.0288"/> අනයෙන ජීවිතං, නාහාරො හදයස්ස සන්තිකො;
                            </div>
                            <div class="gathalast">ආහාරට්ඨිතිකො සමුස්සයො, ඉති දිස්වාන චරාමි එසනං.</div>
                        </div>
                        <div class="paragraph" para="124">
                            <span class="paranum">124</span>
                            <div class="gatha"> ‘‘පඞ්කොති හි නං පවෙදයුං, යායං වන්දනපූජනා කුලෙසු;</div>
                            <div class="gathalast">සුඛුමං සල්ලං දුරුබ්බහං, සක්කාරො කාපුරිසෙන දුජ්ජහො’’ති.</div>
                            <div class="bodytext">ඉත්ථං සුදං ආයස්මා පිණ්ඩොලභාරද්වාජො ථෙරො ගාථායො අභාසිත්ථාති.</div>
                        </div>
                    </div>
                </div>
                <div class="subhead ct_sutta" node-id="44118">
                    <span class="subhead ct_sutta">3. වල්ලියත්ථෙරගාථා</span>
                    <div class="subhead-contents">
                        <div class="paragraph" para="125">
                            <span class="paranum">125</span>
                            <div class="gatha"> ‘‘මක්කටො පඤ්චද්වාරායං, කුටිකායං පසක්කිය;</div>
                            <div class="gathalast">ද්වාරෙන අනුපරියෙති, ඝට්ටයන්තො මුහුං මුහුං.</div>
                        </div>
                        <div class="paragraph" para="126">
                            <span class="paranum">126</span>
                            <div class="gatha"> ‘‘තිට්ඨ මක්කට මා ධාවි, න හි තෙ තං යථා පුරෙ;</div>
                            <div class="gathalast">නිග්ගහීතොසි පඤ්ඤාය, නෙව දූරං ගමිස්සතී’’ති.</div>
                        </div>
                    </div>
                    <div class="centre ct_sutta ending">... වල්ලියො ථෙරො....</div>
                </div>
                <div class="subhead ct_sutta" node-id="44119">
                    <span class="subhead ct_sutta">4. ගඞ්ගාතීරියත්ථෙරගාථා</span>
                    <div class="subhead-contents">
                        <div class="paragraph" para="127">
                            <span class="paranum">127</span>
                            <div class="gatha"> ‘‘තිණ්ණං 
                                <pb ed="M" n="0.0248"/>
                                <pb ed="V" n="0.0189"/> මෙ තාලපත්තානං, ගඞ්ගාතීරෙ කුටී කතා;
                            </div>
                            <div class="gathalast">ඡවසිත්තොව මෙ පත්තො, පංසුකූලඤ්ච චීවරං.</div>
                        </div>
                        <div class="paragraph" para="128">
                            <span class="paranum">128</span>
                            <div class="gatha"> ‘‘ද්වින්නං අන්තරවස්සානං, එකා වාචා මෙ භාසිතා;</div>
                            <div class="gathalast">තතියෙ අන්තරවස්සම්හි, තමොඛන්ධො 
                                <span class="note">(තමොක්ඛන්ධො (සී. ස්‍යා.))</span> පදාලිතො’’ති.
                            </div>
                        </div>
                    </div>
                    <div class="centre ct_sutta ending">... ගඞ්ගාතීරියො ථෙරො....</div>
                </div>
                <div class="subhead ct_sutta" node-id="441110">
                    <span class="subhead ct_sutta">5. අජිනත්ථෙරගාථා</span>
                    <div class="subhead-contents">
                        <div class="paragraph" para="129">
                            <span class="paranum">129</span>
                            <div class="gatha"> ‘‘අපි චෙ හොති තෙවිජ්ජො, මච්චුහායී අනාසවො;</div>
                            <div class="gathalast">අප්පඤ්ඤාතොති නං බාලා, අවජානන්ති අජානතා.</div>
                        </div>
                        <div class="paragraph" para="130">
                            <span class="paranum">130</span>
                            <div class="gatha"> ‘‘යො 
                                <pb ed="P" n="0.0019"/> ච ඛො අන්නපානස්ස, ලාභී හොතීධ පුග්ගලො;
                            </div>
                            <div class="gathalast">පාපධම්මොපි චෙ හොති, සො නෙසං හොති සක්කතො’’ති.</div>
                        </div>
                    </div>
                    <div class="centre ct_sutta ending">... අජිනො ථෙරො....</div>
                </div>
                <div class="subhead ct_sutta" node-id="441111">
                    <span class="subhead ct_sutta">6. මෙළජිනත්ථෙරගාථා</span>
                    <div class="subhead-contents">
                        <div class="paragraph" para="131">
                            <span class="paranum">131</span>
                            <div class="gatha"> ‘‘යදාහං 
                                <pb ed="T" n="0.0289"/> ධම්මමස්සොසිං, භාසමානස්ස සත්ථුනො;
                            </div>
                            <div class="gathalast">න කඞ්ඛමභිජානාමි, සබ්බඤ්ඤූඅපරාජිතෙ.</div>
                        </div>
                        <div class="paragraph" para="132">
                            <span class="paranum">132</span>
                            <div class="gatha"> ‘‘සත්ථවාහෙ මහාවීරෙ, සාරථීනං වරුත්තමෙ;</div>
                            <div class="gathalast">මග්ගෙ පටිපදායං වා, කඞ්ඛා මය්හං න විජ්ජතී’’ති.</div>
                        </div>
                    </div>
                    <div class="centre ct_sutta ending">... මෙළජිනො ථෙරො....</div>
                </div>
                <div class="subhead ct_sutta" node-id="441112">
                    <span class="subhead ct_sutta">7. රාධත්ථෙරගාථා</span>
                    <div class="subhead-contents">
                        <div class="paragraph" para="133">
                            <span class="paranum">133</span>
                            <div class="gatha">
                                <span class="note">(ධ. ප. 13 ධම්මපදෙ)</span> ‘‘යථා අගාරං දුච්ඡන්නං, වුට්ඨී සමතිවිජ්ඣති;
                            </div>
                            <div class="gathalast">එවං අභාවිතං චිත්තං, රාගො සමතිවිජ්ඣති.</div>
                        </div>
                        <div class="paragraph" para="134">
                            <span class="paranum">134</span>
                            <div class="gatha">
                                <span class="note">(ධ. ප. 14 ධම්මපදෙ)</span> ‘‘යථා අගාරං සුච්ඡන්නං, වුඩ්ඪී න සමතිවිජ්ඣති;
                            </div>
                            <div class="gathalast">එවං සුභාවිතං චිත්තං, රාගො න සමතිවිජ්ඣතී’’ති.</div>
                        </div>
                    </div>
                    <div class="centre ct_sutta ending">... රාධො ථෙරො....</div>
                </div>
                <div class="subhead ct_sutta" node-id="441113">
                    <span class="subhead ct_sutta">8. සුරාධත්ථෙරගාථා</span>
                    <div class="subhead-contents">
                        <div class="paragraph" para="135">
                            <span class="paranum">135</span>
                            <div class="gatha"> ‘‘ඛීණා 
                                <pb ed="M" n="0.0249"/>
                                <pb ed="V" n="0.0190"/> හි මය්හං ජාති, වුසිතං ජිනසාසනං;
                            </div>
                            <div class="gathalast">පහීනො ජාලසඞ්ඛාතො, භවනෙත්ති සමූහතා.</div>
                        </div>
                        <div class="paragraph" para="136">
                            <span class="paranum">136</span>
                            <div class="gatha"> ‘‘යස්සත්ථාය පබ්බජිතො, අගාරස්මානගාරියං;</div>
                            <div class="gathalast">සො මෙ අත්ථො අනුප්පත්තො, සබ්බසංයොජනක්ඛයො’’ති.</div>
                        </div>
                    </div>
                    <div class="centre ct_sutta ending">... සුරාධො ථෙරො....</div>
                </div>
                <div class="subhead ct_sutta" node-id="441114">
                    <span class="subhead ct_sutta">9. ගොතමත්ථෙරගාථා</span>
                    <div class="subhead-contents">
                        <div class="paragraph" para="137">
                            <span class="paranum">137</span>
                            <div class="gatha"> ‘‘සුඛං සුපන්ති මුනයො, යෙ ඉත්ථීසු න බජ්ඣරෙ;</div>
                            <div class="gathalast">සදා වෙ රක්ඛිතබ්බාසු, යාසු සච්චං සුදුල්ලභං.</div>
                        </div>
                        <div class="paragraph" para="138">
                            <span class="paranum">138</span>
                            <div class="gatha"> ‘‘වධං චරිම්හ තෙ කාම, අනණා දානි තෙ මයං;</div>
                            <div class="gathalast">ගච්ඡාම දානි නිබ්බානං, යත්ථ ගන්ත්වා න සොචතී’’ති.</div>
                        </div>
                    </div>
                    <div class="centre ct_sutta ending">... ගොතමො ථෙරො....</div>
                </div>
                <div class="subhead ct_sutta" node-id="441115">
                    <span class="subhead ct_sutta">10. වසභත්ථෙරගාථා</span>
                    <div class="subhead-contents">
                        <div class="paragraph" para="139">
                            <span class="paranum">139</span>
                            <div class="gatha"> ‘‘පුබ්බෙ 
                                <pb ed="T" n="0.0290"/> හනති අත්තානං, පච්ඡා හනති සො පරෙ;
                            </div>
                            <div class="gathalast">සුහතං හන්ති අත්තානං, වීතංසෙනෙව පක්ඛිමා.</div>
                        </div>
                        <div class="paragraph" para="140">
                            <span class="paranum">140</span>
                            <div class="gatha"> ‘‘න බ්‍රාහ්මණො බහිවණ්ණො, අන්තො වණ්ණො හි බ්‍රාහ්මණො;</div>
                            <div class="gathalast">යස්මිං පාපානි කම්මානි, ස වෙ කණ්හො සුජම්පතී’’ති.</div>
                        </div>
                    </div>
                    <div class="centre ct_sutta ending">... වසභො ථෙරො....</div>
                </div>
            </div>
            <div class="centre ct_vagga ending">වග්ගො පඨමො නිට්ඨිතො.</div>
            <div class="paragraph udana" para="udana">
                <div class="bodytext ct_vagga">තස්සුද්දානං -</div>
                <div class="ct_vagga gatha">උත්තරො චෙව පිණ්ඩොලො, වල්ලියො තීරියො ඉසි;</div>
                <div class="ct_vagga gatha">අජිනො ච මෙළජිනො, රාධො සුරාධො ගොතමො;</div>
                <div class="gathalast ct_vagga">වසභෙන ඉමෙ හොන්ති, දස ථෙරා මහිද්ධිකාති.</div>
            </div>
        </div>
        <div class="title ct_vagga" node-id="44112">
            <span class="title ct_vagga">2. දුතියවග්ගො</span>
            <div class="title-contents">
                <div class="subhead ct_sutta" node-id="441116">
                    <span class="subhead ct_sutta">1. මහාචුන්දත්ථෙරගාථා</span>
                    <div class="subhead-contents">
                        <div class="paragraph" para="141">
                            <span class="paranum">141</span>
                            <div class="gatha"> ‘‘සුස්සූසා 
                                <pb ed="M" n="0.0250"/>
                                <pb ed="V" n="0.0191"/>
                                <pb ed="P" n="0.0020"/> සුතවද්ධනී, සුතං පඤ්ඤාය වද්ධනං;
                            </div>
                            <div class="gathalast">පඤ්ඤාය අත්ථං ජානාති, ඤාතො අත්ථො සුඛාවහො.</div>
                        </div>
                        <div class="paragraph" para="142">
                            <span class="paranum">142</span>
                            <div class="gatha"> ‘‘සෙවෙථ පන්තානි සෙනාසනානි, චරෙය්‍ය සංයොජනවිප්පමොක්ඛං;</div>
                            <div class="gathalast">සචෙ රතිං නාධිගච්ඡෙය්‍ය තත්ථ, සඞ්ඝෙ වසෙ රක්ඛිතත්තො සතිමා’’ති.</div>
                        </div>
                    </div>
                    <div class="centre ct_sutta ending">... මහාචුන්දො ථෙරො....</div>
                </div>
                <div class="subhead ct_sutta" node-id="441117">
                    <span class="subhead ct_sutta">2. ජොතිදාසත්ථෙරගාථා</span>
                    <div class="subhead-contents">
                        <div class="paragraph" para="143">
                            <span class="paranum">143</span>
                            <div class="gatha"> ‘‘යෙ ඛො තෙ වෙඨමිස්සෙන 
                                <span class="note">(වෙඝමිස්සෙන (සී. ස්‍යා.), වෙ ගමිස්සෙන, වෙඛමිස්සෙන (ක.))</span>, නානත්තෙන ච කම්මුනා;
                            </div>
                            <div class="gatha">මනුස්සෙ උපරුන්ධන්ති, ඵරුසූපක්කමා ජනා;</div>
                            <div class="gathalast">තෙපි 
                                <pb ed="T" n="0.0291"/> තත්ථෙව කීරන්ති, න හි කම්මං පනස්සති.
                            </div>
                        </div>
                        <div class="paragraph" para="144">
                            <span class="paranum">144</span>
                            <div class="gatha"> ‘‘යං කරොති නරො කම්මං, කල්‍යාණං යදි පාපකං;</div>
                            <div class="gathalast">තස්ස තස්සෙව දායාදො, යං යං කම්මං පකුබ්බතී’’ති.</div>
                        </div>
                    </div>
                    <div class="centre ct_sutta ending">... ජොතිදාසො ථෙරො....</div>
                </div>
                <div class="subhead ct_sutta" node-id="441118">
                    <span class="subhead ct_sutta">3. හෙරඤ්ඤකානිත්ථෙරගාථා</span>
                    <div class="subhead-contents">
                        <div class="paragraph" para="145">
                            <span class="paranum">145</span>
                            <div class="gatha"> ‘‘අච්චයන්ති අහොරත්තා, ජීවිතං උපරුජ්ඣති;</div>
                            <div class="gathalast">ආයු ඛීයති මච්චානං, කුන්නදීනංව ඔදකං.</div>
                        </div>
                        <div class="paragraph" para="146">
                            <span class="paranum">146</span>
                            <div class="gatha"> ‘‘අථ පාපානි කම්මානි, කරං බාලො න බුජ්ඣති;</div>
                            <div class="gathalast">පච්ඡාස්ස කටුකං හොති, විපාකො හිස්ස පාපකො’’ති.</div>
                        </div>
                    </div>
                    <div class="centre ct_sutta ending">... හෙරඤ්ඤකානිත්ථෙරො....</div>
                </div>
                <div class="subhead ct_sutta" node-id="441119">
                    <span class="subhead ct_sutta">4. සොමමිත්තත්ථෙරගාථා</span>
                    <div class="subhead-contents">
                        <div class="paragraph" para="147">
                            <span class="paranum">147</span>
                            <div class="gatha"> ‘‘පරිත්තං දාරුමාරුය්හ, යථා සීදෙ මහණ්ණවෙ;</div>
                            <div class="gatha">එවං කුසීතමාගම්ම, සාධුජීවීපි සීදති;</div>
                            <div class="gathalast">තස්මා තං පරිවජ්ජෙය්‍ය, කුසීතං හීනවීරියං.</div>
                        </div>
                        <div class="paragraph" para="148">
                            <span class="paranum">148</span>
                            <div class="gatha"> ‘‘පවිවිත්තෙහි 
                                <pb ed="M" n="0.0251"/>
                                <pb ed="V" n="0.0192"/> අරියෙහි, පහිතත්තෙහි ඣායිභි;
                            </div>
                            <div class="gathalast">නිච්චං ආරද්ධවීරියෙහි, පණ්ඩිතෙහි සහාවසෙ’’ති.</div>
                        </div>
                    </div>
                    <div class="centre ct_sutta ending">... සොමමිත්තො ථෙරො....</div>
                </div>
                <div class="subhead ct_sutta" node-id="441120">
                    <span class="subhead ct_sutta">5. සබ්බමිත්තත්ථෙරගාථා</span>
                    <div class="subhead-contents">
                        <div class="paragraph" para="149">
                            <span class="paranum">149</span>
                            <div class="gatha"> ‘‘ජනො ජනම්හි සම්බද්ධො 
                                <span class="note">(සම්බද්ධො (ස්‍යා. ක.))</span>, ජනමෙවස්සිතො ජනො;
                            </div>
                            <div class="gathalast">ජනො ජනෙන හෙඨීයති, හෙඨෙති ච 
                                <span class="note">(බොධියති, බාධෙති ච (ක.))</span> ජනො ජනං.
                            </div>
                        </div>
                        <div class="paragraph" para="150">
                            <span class="paranum">150</span>
                            <div class="gatha"> ‘‘කො 
                                <pb ed="P" n="0.0021"/> හි තස්ස ජනෙනත්ථො, ජනෙන ජනිතෙන වා;
                            </div>
                            <div class="gathalast">ජනං ඔහාය ගච්ඡං තං, හෙඨයිත්වා 
                                <span class="note">(බාධයිත්වා (ක.))</span> බහුං ජන’’න්ති.
                            </div>
                        </div>
                    </div>
                    <div class="centre ct_sutta ending">... සබ්බමිත්තො ථෙරො....</div>
                </div>
                <div class="subhead ct_sutta" node-id="441121">
                    <span class="subhead ct_sutta">6. මහාකාළත්ථෙරගාථා</span>
                    <div class="subhead-contents">
                        <div class="paragraph" para="151">
                            <span class="paranum">151</span>
                            <div class="gatha"> ‘‘කාළී 
                                <pb ed="T" n="0.0292"/> ඉත්ථී බ්‍රහතී ධඞ්කරූපා, සත්ථිඤ්ච භෙත්වා අපරඤ්ච සත්ථිං;
                            </div>
                            <div class="gatha">බාහඤ්ච භෙත්වා අපරඤ්ච බාහං, සීසඤ්ච භෙත්වා දධිථාලකංව;</div>
                            <div class="gathalast">එසා නිසින්නා අභිසන්දහිත්වා.</div>
                        </div>
                        <div class="paragraph" para="152">
                            <span class="paranum">152</span>
                            <div class="gatha"> ‘‘යො වෙ අවිද්වා උපධිං කරොති, පුනප්පුනං දුක්ඛමුපෙති මන්දො;</div>
                            <div class="gathalast">තස්මා පජානං උපධිං න කයිරා, මාහං පුන භින්නසිරො සයිස්ස’’න්ති 
                                <span class="note">(පස්සිස්සන්ති (ක.))</span>.
                            </div>
                        </div>
                    </div>
                    <div class="centre ct_sutta ending">... මහාකාළො ථෙරො....</div>
                </div>
                <div class="subhead ct_sutta" node-id="441122">
                    <span class="subhead ct_sutta">7. තිස්සත්ථෙරගාථා</span>
                    <div class="subhead-contents">
                        <div class="paragraph" para="153">
                            <span class="paranum">153</span>
                            <div class="gatha"> ‘‘බහූ සපත්තෙ ලභති, මුණ්ඩො සඞ්ඝාටිපාරුතො;</div>
                            <div class="gathalast">ලාභී අන්නස්ස පානස්ස, වත්ථස්ස සයනස්ස ච.</div>
                        </div>
                        <div class="paragraph" para="154">
                            <span class="paranum">154</span>
                            <div class="gatha"> ‘‘එතමාදීනවං ඤත්වා, සක්කාරෙසු මහබ්භයං;</div>
                            <div class="gathalast">අප්පලාභො අනවස්සුතො, සතො භික්ඛු පරිබ්බජෙ’’ති.</div>
                        </div>
                    </div>
                    <div class="centre ct_sutta ending">... තිස්සො ථෙරො....</div>
                </div>
                <div class="subhead ct_sutta" node-id="441123">
                    <span class="subhead ct_sutta">8. කිමිලත්ථෙරගාථා</span>
                    <div class="subhead-contents">
                        <div class="paragraph" para="155">
                            <span class="paranum">155</span>
                            <div class="gatha"> ‘‘පාචීනවංසදායම්හි 
                                <pb ed="M" n="0.0252"/>, සක්‍යපුත්තා සහායකා;
                            </div>
                            <div class="gathalast">පහායානප්පකෙ භොගෙ, උඤ්ඡාපත්තාගතෙ රතා.</div>
                        </div>
                        <div class="paragraph" para="156">
                            <span class="paranum">156</span>
                            <div class="gatha"> ‘‘ආරද්ධවීරියා 
                                <pb ed="V" n="0.0193"/> පහිතත්තා, නිච්චං දළ්හපරක්කමා;
                            </div>
                            <div class="gathalast">රමන්ති ධම්මරතියා, හිත්වාන ලොකියං රති’’න්ති.</div>
                        </div>
                    </div>
                    <div class="centre ct_sutta ending">... කිමිලො 
                        <span class="note">(කිම්බිලො (සී. ස්‍යා. පී.))</span> ථෙරො....
                    </div>
                </div>
                <div class="subhead ct_sutta" node-id="441124">
                    <span class="subhead ct_sutta">9. නන්දත්ථෙරගාථා</span>
                    <div class="subhead-contents">
                        <div class="paragraph" para="157">
                            <span class="paranum">157</span>
                            <div class="gatha"> ‘‘අයොනිසො 
                                <pb ed="T" n="0.0293"/> මනසිකාරා, මණ්ඩනං අනුයුඤ්ජිසං;
                            </div>
                            <div class="gathalast">උද්ධතො චපලො චාසිං, කාමරාගෙන අට්ටිතො.</div>
                        </div>
                        <div class="paragraph" para="158">
                            <span class="paranum">158</span>
                            <div class="gatha"> ‘‘උපායකුසලෙනාහං, බුද්ධෙනාදිච්චබන්ධුනා;</div>
                            <div class="gathalast">යොනිසො පටිපජ්ජිත්වා, භවෙ චිත්තං උදබ්බහි’’න්ති.</div>
                        </div>
                    </div>
                    <div class="centre ct_sutta ending">... නන්දො ථෙරො....</div>
                </div>
                <div class="subhead ct_sutta" node-id="441125">
                    <span class="subhead ct_sutta">10. සිරිමත්ථෙරගාථා</span>
                    <div class="subhead-contents">
                        <div class="paragraph" para="159">
                            <span class="paranum">159</span>
                            <div class="gatha"> ‘‘පරෙ ච නං පසංසන්ති, අත්තා චෙ අසමාහිතො;</div>
                            <div class="gathalast">මොඝං පරෙ පසංසන්ති, අත්තා හි අසමාහිතො.</div>
                        </div>
                        <div class="paragraph" para="160">
                            <span class="paranum">160</span>
                            <div class="gatha"> ‘‘පරෙ ච නං ගරහන්ති, අත්තා චෙ සුසමාහිතො;</div>
                            <div class="gathalast">මොඝං පරෙ ගරහන්ති, අත්තා හි සුසමාහිතො’’ති.</div>
                        </div>
                    </div>
                    <div class="centre ct_sutta ending">... සිරිමා ථෙරො....</div>
                </div>
            </div>
            <div class="centre ct_vagga ending">වග්ගො දුතියො නිට්ඨිතො.</div>
            <div class="paragraph udana" para="udana">
                <div class="bodytext ct_vagga">තස්සුද්දානං -</div>
                <div class="ct_vagga gatha">චුන්දො 
                    <pb ed="P" n="0.0022"/> ච ජොතිදාසො ච, ථෙරො හෙරඤ්ඤකානි ච;
                </div>
                <div class="ct_vagga gatha">සොමමිත්තො සබ්බමිත්තො, කාලො තිස්සො ච කිමිලො 
                    <span class="note">(කිම්බිලො (සී. ස්‍යා. පී.), ඡන්දලක්ඛණානුලොමං)</span>;
                </div>
                <div class="gathalast ct_vagga">නන්දො ච සිරිමා චෙව, දස ථෙරා මහිද්ධිකාති.</div>
            </div>
        </div>
        <div class="title ct_vagga" node-id="44113">
            <span class="title ct_vagga">3. තතියවග්ගො</span>
            <div class="title-contents">
                <div class="subhead ct_sutta" node-id="441126">
                    <span class="subhead ct_sutta">1. උත්තරත්ථෙරගාථා</span>
                    <div class="subhead-contents">
                        <div class="paragraph" para="161">
                            <span class="paranum">161</span>
                            <div class="gatha"> ‘‘ඛන්ධා 
                                <pb ed="M" n="0.0253"/>
                                <pb ed="V" n="0.0194"/> මයා පරිඤ්ඤාතා, තණ්හා මෙ සුසමූහතා;
                            </div>
                            <div class="gathalast">භාවිතා මම බොජ්ඣඞ්ගා, පත්තො මෙ ආසවක්ඛයො.</div>
                        </div>
                        <div class="paragraph" para="162">
                            <span class="paranum">162</span>
                            <div class="gatha"> ‘‘සොහං 
                                <pb ed="T" n="0.0294"/> ඛන්ධෙ පරිඤ්ඤාය, අබ්බහිත්වාන 
                                <span class="note">(අබ්බුහිත්වාන (ක.))</span> ජාලිනිං;
                            </div>
                            <div class="gathalast">භාවයිත්වාන බොජ්ඣඞ්ගෙ, නිබ්බායිස්සං අනාසවො’’ති.</div>
                        </div>
                    </div>
                    <div class="centre ct_sutta ending">... උත්තරො ථෙරො....</div>
                </div>
                <div class="subhead ct_sutta" node-id="441127">
                    <span class="subhead ct_sutta">2. භද්දජිත්ථෙරගාථා</span>
                    <div class="subhead-contents">
                        <div class="paragraph" para="163">
                            <span class="paranum">163</span>
                            <div class="gatha"> ‘‘පනාදො නාම සො රාජා, යස්ස යූපො සුවණ්ණයො;</div>
                            <div class="gathalast">තිරියං සොළසුබ්බෙධො 
                                <span class="note">(සොළසපබ්බෙධො (සී. අට්ඨ.), සොළසබ්බාණො (?))</span>, උබ්භමාහු 
                                <span class="note">(උද්ධමාහු (සී.), උච්චමාහු (ස්‍යා.))</span> සහස්සධා.
                            </div>
                        </div>
                        <div class="paragraph" para="164">
                            <span class="paranum">164</span>
                            <div class="gatha"> ‘‘සහස්සකණ්ඩො සතගෙණ්ඩු, ධජාලු හරිතාමයො;</div>
                            <div class="gathalast">අනච්චුං තත්ථ ගන්ධබ්බා, ඡසහස්සානි සත්තධා’’ති.</div>
                        </div>
                    </div>
                    <div class="centre ct_sutta ending">... භද්දජිත්ථෙරො....</div>
                </div>
                <div class="subhead ct_sutta" node-id="441128">
                    <span class="subhead ct_sutta">3. සොභිතත්ථෙරගාථා</span>
                    <div class="subhead-contents">
                        <div class="paragraph" para="165">
                            <span class="paranum">165</span>
                            <div class="gatha">
                                <span class="bold">‘‘සතිමා පඤ්ඤවා</span> භික්ඛු, ආරද්ධබලවීරියො;
                            </div>
                            <div class="gathalast">පඤ්ච කප්පසතානාහං, එකරත්තිං අනුස්සරිං.</div>
                        </div>
                        <div class="paragraph" para="166">
                            <span class="paranum">166</span>
                            <div class="gatha"> ‘‘චත්තාරො සතිපට්ඨානෙ, සත්ත අට්ඨ ච භාවයං;</div>
                            <div class="gathalast">පඤ්ච කප්පසතානාහං, එකරත්තිං අනුස්සරි’’න්ති.</div>
                        </div>
                    </div>
                    <div class="centre ct_sutta ending">... සොභිතො ථෙරො....</div>
                </div>
                <div class="subhead ct_sutta" node-id="441129">
                    <span class="subhead ct_sutta">4. වල්ලියත්ථෙරගාථා</span>
                    <div class="subhead-contents">
                        <div class="paragraph" para="167">
                            <span class="paranum">167</span>
                            <div class="gatha"> ‘‘යං කිච්චං දළ්හවීරියෙන, යං කිච්චං බොද්ධුමිච්ඡතා;</div>
                            <div class="gathalast">කරිස්සං නාවරජ්ඣිස්සං 
                                <span class="note">(නාවරුජ්ඣිස්සං (ක. සී. ක.))</span>, පස්ස වීරියං පරක්කම.
                            </div>
                        </div>
                        <div class="paragraph" para="168">
                            <span class="paranum">168</span>
                            <div class="gatha"> ‘‘ත්වඤ්ච මෙ මග්ගමක්ඛාහි, අඤ්ජසං අමතොගධං;</div>
                            <div class="gathalast">අහං මොනෙන මොනිස්සං, ගඞ්ගාසොතොව සාගර’’න්ති.</div>
                        </div>
                    </div>
                    <div class="centre ct_sutta ending">... වල්ලියො ථෙරො....</div>
                </div>
                <div class="subhead ct_sutta" node-id="441130">
                    <span class="subhead ct_sutta">5. වීතසොකත්ථෙරගාථා</span>
                    <div class="subhead-contents">
                        <div class="paragraph" para="169">
                            <span class="paranum">169</span>
                            <div class="gatha"> ‘‘කෙසෙ 
                                <pb ed="M" n="0.0254"/>
                                <pb ed="V" n="0.0195"/> මෙ ඔලිඛිස්සන්ති, කප්පකො උපසඞ්කමි;
                            </div>
                            <div class="gathalast">තතො 
                                <pb ed="T" n="0.0295"/> ආදාසමාදාය, සරීරං පච්චවෙක්ඛිසං.
                            </div>
                        </div>
                        <div class="paragraph" para="170">
                            <span class="paranum">170</span>
                            <div class="gatha"> ‘‘තුච්ඡො 
                                <pb ed="P" n="0.0023"/> කායො අදිස්සිත්ථ, අන්ධකාරො තමො බ්‍යගා;
                            </div>
                            <div class="gathalast">සබ්බෙ චොළා සමුච්ඡින්නා, නත්ථි දානි පුනබ්භවො’’ති.</div>
                        </div>
                    </div>
                    <div class="centre ct_sutta ending">... වීතසොකො ථෙරො....</div>
                </div>
                <div class="subhead ct_sutta" node-id="441131">
                    <span class="subhead ct_sutta">6. පුණ්ණමාසත්ථෙරගාථා</span>
                    <div class="subhead-contents">
                        <div class="paragraph" para="171">
                            <span class="paranum">171</span>
                            <div class="gatha"> ‘‘පඤ්ච නීවරණෙ හිත්වා, යොගක්ඛෙමස්ස පත්තියා;</div>
                            <div class="gathalast">ධම්මාදාසං ගහෙත්වාන, ඤාණදස්සනමත්තනො.</div>
                        </div>
                        <div class="paragraph" para="172">
                            <span class="paranum">172</span>
                            <div class="gatha"> ‘‘පච්චවෙක්ඛිං ඉමං කායං, සබ්බං සන්තරබාහිරං;</div>
                            <div class="gathalast">අජ්ඣත්තඤ්ච බහිද්ධා ච, තුච්ඡො කායො අදිස්සථා’’ති.</div>
                        </div>
                    </div>
                    <div class="centre ct_sutta ending">... පුණ්ණමාසො ථෙරො....</div>
                </div>
                <div class="subhead ct_sutta" node-id="441132">
                    <span class="subhead ct_sutta">7. නන්දකත්ථෙරගාථා</span>
                    <div class="subhead-contents">
                        <div class="paragraph" para="173">
                            <span class="paranum">173</span>
                            <div class="gatha"> ‘‘යථාපි භද්දො ආජඤ්ඤො, ඛලිත්වා පතිතිට්ඨති;</div>
                            <div class="gathalast">භිය්‍යො ලද්දාන සංවෙගං, අදීනො වහතෙ ධුරං.</div>
                        </div>
                        <div class="paragraph" para="174">
                            <span class="paranum">174</span>
                            <div class="gatha"> ‘‘එවං දස්සනසම්පන්නං, සම්මාසම්බුද්ධසාවකං;</div>
                            <div class="gathalast">ආජානීයං මං ධාරෙථ, පුත්තං බුද්ධස්ස ඔරස’’න්ති.</div>
                        </div>
                    </div>
                    <div class="centre ct_sutta ending">... නන්දකො ථෙරො....</div>
                </div>
                <div class="subhead ct_sutta" node-id="441133">
                    <span class="subhead ct_sutta">8. භරතත්ථෙරගාථා</span>
                    <div class="subhead-contents">
                        <div class="paragraph" para="175">
                            <span class="paranum">175</span>
                            <div class="gatha"> ‘‘එහි නන්දක ගච්ඡාම, උපජ්ඣායස්ස සන්තිකං;</div>
                            <div class="gathalast">සීහනාදං නදිස්සාම, බුද්ධසෙට්ඨස්ස සම්මුඛා.</div>
                        </div>
                        <div class="paragraph" para="176">
                            <span class="paranum">176</span>
                            <div class="gatha"> ‘‘යාය නො අනුකම්පාය, අම්හෙ පබ්බාජයී මුනි;</div>
                            <div class="gathalast">සො නො අත්ථො අනුප්පත්තො, සබ්බසංයොජනක්ඛයො’’ති.</div>
                        </div>
                    </div>
                    <div class="centre ct_sutta ending">... භරතො ථෙරො....</div>
                </div>
                <div class="subhead ct_sutta" node-id="441134">
                    <span class="subhead ct_sutta">9. භාරද්වාජත්ථෙරගාථා</span>
                    <div class="subhead-contents">
                        <div class="paragraph" para="177">
                            <span class="paranum">177</span>
                            <div class="gatha"> ‘‘නදන්ති 
                                <pb ed="T" n="0.0296"/>
                                <pb ed="M" n="0.0255"/>
                                <pb ed="V" n="0.0196"/> එවං සප්පඤ්ඤා, සීහාව ගිරිගබ්භරෙ;
                            </div>
                            <div class="gathalast">වීරා විජිතසඞ්ගාමා, ජෙත්වා මාරං සවාහනිං 
                                <span class="note">(සවාහනං (බහූසු))</span>.
                            </div>
                        </div>
                        <div class="paragraph" para="178">
                            <span class="paranum">178</span>
                            <div class="gatha"> ‘‘සත්ථා ච පරිචිණ්ණො මෙ, ධම්මො සඞ්ඝො ච පූජිතො;</div>
                            <div class="gathalast">අහඤ්ච විත්තො සුමනො, පුත්තං දිස්වා අනාසව’’න්ති.</div>
                        </div>
                    </div>
                    <div class="centre ct_sutta ending">... භාරද්වාජො ථෙරො....</div>
                </div>
                <div class="subhead ct_sutta" node-id="441135">
                    <span class="subhead ct_sutta">10. කණ්හදින්නත්ථෙරගාථා</span>
                    <div class="subhead-contents">
                        <div class="paragraph" para="179">
                            <span class="paranum">179</span>
                            <div class="gatha"> ‘‘උපාසිතා සප්පුරිසා, සුතා ධම්මා අභිණ්හසො;</div>
                            <div class="gathalast">සුත්වාන පටිපජ්ජිස්සං, අඤ්ජසං අමතොගධං.</div>
                        </div>
                        <div class="paragraph" para="180">
                            <span class="paranum">180</span>
                            <div class="gatha"> ‘‘භවරාගහතස්ස මෙ සතො, භවරාගො පුන මෙ න විජ්ජති;</div>
                            <div class="gathalast">න චාහු න ච මෙ භවිස්සති, න ච මෙ එතරහි විජ්ජතී’’ති.</div>
                        </div>
                    </div>
                    <div class="centre ct_sutta ending">... කණ්හදින්නො ථෙරො....</div>
                </div>
            </div>
            <div class="centre ct_vagga ending">වග්ගො තතියො නිට්ඨිතො.</div>
            <div class="paragraph udana" para="udana">
                <div class="bodytext ct_vagga">තස්සුද්දානං -</div>
                <div class="ct_vagga gatha">උත්තරො භද්දජිත්ථෙරො, සොභිතො වල්ලියො ඉසි;</div>
                <div class="ct_vagga gatha">වීතසොකො ච යො ථෙරො, පුණ්ණමාසො ච නන්දකො;</div>
                <div class="gathalast ct_vagga">භරතො භාරද්වාජො ච, කණ්හදින්නො මහාමුනීති.</div>
            </div>
        </div>
        <div class="title ct_vagga" node-id="44114">
            <span class="title ct_vagga">4. චතුත්ථවග්ගො</span>
            <div class="title-contents">
                <div class="subhead ct_sutta" node-id="441136">
                    <span class="subhead ct_sutta">1. මිගසිරත්ථෙරගාථා</span>
                    <div class="subhead-contents">
                        <div class="paragraph" para="181">
                            <span class="paranum">181</span>
                            <div class="gatha"> ‘‘යතො 
                                <pb ed="P" n="0.0024"/> අහං පබ්බජිතො, සම්මාසම්බුද්ධසාසනෙ;
                            </div>
                            <div class="gathalast">විමුච්චමානො උග්ගච්ඡිං, කාමධාතුං උපච්චගං.</div>
                        </div>
                        <div class="paragraph" para="182">
                            <span class="paranum">182</span>
                            <div class="gatha"> ‘‘බ්‍රහ්මුනො 
                                <pb ed="T" n="0.0297"/>
                                <pb ed="V" n="0.0197"/> පෙක්ඛමානස්ස, තතො චිත්තං විමුච්චි මෙ;
                            </div>
                            <div class="gathalast">අකුප්පා මෙ විමුත්තීති, සබ්බසංයොජනක්ඛයා’’ති.</div>
                        </div>
                    </div>
                    <div class="centre ct_sutta ending">... මිගසිරො ථෙරො....</div>
                </div>
                <div class="subhead ct_sutta" node-id="441137">
                    <span class="subhead ct_sutta">2. සිවකත්ථෙරගාථා</span>
                    <div class="subhead-contents">
                        <div class="paragraph" para="183">
                            <span class="paranum">183</span>
                            <div class="gatha"> ‘‘අනිච්චානි 
                                <pb ed="M" n="0.0256"/> ගහකානි, තත්ථ තත්ථ පුනප්පුනං;
                            </div>
                            <div class="gathalast">ගහකාරං 
                                <span class="note">(ගහකාරකං (සී. පී.))</span> ගවෙසන්තො, දුක්ඛා ජාති පුනප්පුනං.
                            </div>
                        </div>
                        <div class="paragraph" para="184">
                            <span class="paranum">184</span>
                            <div class="gatha"> ‘‘ගහකාරක දිට්ඨොසි, පුන ගෙහං න කාහසි;</div>
                            <div class="gatha">සබ්බා තෙ ඵාසුකා භග්ගා, ථූණිකා 
                                <span class="note">(ථූණිරා (පී. ක.), ධුණිරා (ස්‍යා.))</span> ච විදාලිතා 
                                <span class="note">(පදාලිතා (සී. ස්‍යා.))</span>;
                            </div>
                            <div class="gathalast">විමරියාදිකතං චිත්තං, ඉධෙව විධමිස්සතී’’ති.</div>
                        </div>
                    </div>
                    <div class="centre ct_sutta ending">... සිවකො 
                        <span class="note">(සීවකො (සී.))</span> ථෙරො....
                    </div>
                </div>
                <div class="subhead ct_sutta" node-id="441138">
                    <span class="subhead ct_sutta">3. උපවාණත්ථෙරගාථා</span>
                    <div class="subhead-contents">
                        <div class="paragraph" para="185">
                            <span class="paranum">185</span>
                            <div class="gatha"> ‘‘අරහං සුගතො ලොකෙ, වාතෙහාබාධිතො 
                                <span class="note">(... බාධිතො (ක.))</span> මුනි;
                            </div>
                            <div class="gathalast">සචෙ උණ්හොදකං අත්ථි, මුනිනො දෙහි බ්‍රාහ්මණ.</div>
                        </div>
                        <div class="paragraph" para="186">
                            <span class="paranum">186</span>
                            <div class="gatha"> ‘‘පූජිතො පූජනෙය්‍යානං 
                                <span class="note">(පූජනීයානං (සී.))</span>, සක්කරෙය්‍යාන සක්කතො;
                            </div>
                            <div class="gathalast">අපචිතොපචෙය්‍යානං 
                                <span class="note">(අපචනීයානං (සී.), අපචිනෙය්‍යානං (ස්‍යා.))</span>, තස්ස ඉච්ඡාමි හාතවෙ’’ති.
                            </div>
                        </div>
                    </div>
                    <div class="centre ct_sutta ending">... උපවාණො ථෙරො....</div>
                </div>
                <div class="subhead ct_sutta" node-id="441139">
                    <span class="subhead ct_sutta">4. ඉසිදින්නත්ථෙරගාථා</span>
                    <div class="subhead-contents">
                        <div class="paragraph" para="187">
                            <span class="paranum">187</span>
                            <div class="gatha"> ‘‘දිට්ඨා මයා ධම්මධරා උපාසකා, කාමා අනිච්චා ඉති භාසමානා;</div>
                            <div class="gathalast">සාරත්තරත්තා මණිකුණ්ඩලෙසු, පුත්තෙසු දාරෙසු ච තෙ අපෙක්ඛා.</div>
                        </div>
                        <div class="paragraph" para="188">
                            <span class="paranum">188</span>
                            <div class="gatha"> ‘‘අද්ධා න ජානන්ති යතොධ ධම්මං, කාමා 
                                <pb ed="T" n="0.0298"/> අනිච්චා ඉති චාපි ආහු;
                            </div>
                            <div class="gathalast">රාගඤ්ච තෙසං න බලත්ථි ඡෙත්තුං, තස්මා සිතා පුත්තදාරං ධනඤ්චා’’ති.</div>
                        </div>
                    </div>
                    <div class="centre ct_sutta ending">... ඉසිදින්නො ථෙරො....</div>
                </div>
                <div class="subhead ct_sutta" node-id="441140">
                    <span class="subhead ct_sutta">5. සම්බුලකච්චානත්ථෙරගාථා</span>
                    <div class="subhead-contents">
                        <div class="paragraph" para="189">
                            <span class="paranum">189</span>
                            <div class="gatha"> ‘‘දෙවො 
                                <pb ed="M" n="0.0257"/> ච වස්සති දෙවො ච ගළගළායති,
                            </div>
                            <div class="gatha">එකකො චාහං භෙරවෙ බිලෙ විහරාමි;</div>
                            <div class="gatha">තස්ස මය්හං එකකස්ස භෙරවෙ බිලෙ විහරතො,</div>
                            <div class="gathalast">නත්ථි භයං වා ඡම්භිතත්තං වා ලොමහංසො වා.</div>
                        </div>
                        <div class="paragraph" para="190">
                            <span class="paranum">190</span>
                            <div class="gatha"> ‘‘ධම්මතා 
                                <pb ed="V" n="0.0198"/> මමසා යස්ස මෙ, එකකස්ස භෙරවෙ බිලෙ;
                            </div>
                            <div class="gathalast">විහරතො නත්ථි භයං වා, ඡම්භිතත්තං වා ලොමහංසො වා’’ති.</div>
                        </div>
                    </div>
                    <div class="centre ct_sutta ending">... සම්බුලකච්චානො 
                        <span class="note">(සම්බහුලකච්චානො (ක.))</span> ථෙරො....
                    </div>
                </div>
                <div class="subhead ct_sutta" node-id="441141">
                    <span class="subhead ct_sutta">6. නිතකත්ථෙරගාථා</span>
                    <div class="subhead-contents">
                        <div class="paragraph" para="191">
                            <span class="paranum">191</span>
                            <div class="gatha">
                                <span class="note">(උදා. 34 උදානෙපි)</span> ‘‘කස්ස 
                                <pb ed="P" n="0.0025"/> සෙලූපමං චිත්තං, ඨිතං නානුපකම්පති;
                            </div>
                            <div class="gatha">විරත්තං රජනීයෙසු, කුප්පනීයෙ න කුප්පති;</div>
                            <div class="gathalast">යස්සෙවං භාවිතං චිත්තං, කුතො තං දුක්ඛමෙස්සති.</div>
                        </div>
                        <div class="paragraph" para="192">
                            <span class="paranum">192</span>
                            <div class="gatha"> ‘‘මම සෙලූපමං චිත්තං, ඨිතං නානුපකම්පති;</div>
                            <div class="gatha">විරත්තං රජනීයෙසු, කුප්පනීයෙ න කුප්පති;</div>
                            <div class="gathalast">මමෙවං භාවිතං චිත්තං, කුතො මං දුක්ඛමෙස්සතී’’ති.</div>
                        </div>
                    </div>
                    <div class="centre ct_sutta ending">... නිතකො 
                        <span class="note">(ඛිතකො (සී. ස්‍යා.))</span> ථෙරො....
                    </div>
                </div>
                <div class="subhead ct_sutta" node-id="441142">
                    <span class="subhead ct_sutta">7. සොණපොටිරියත්ථෙරගාථා</span>
                    <div class="subhead-contents">
                        <div class="paragraph" para="193">
                            <span class="paranum">193</span>
                            <div class="gatha"> ‘‘න තාව සුපිතුං හොති, රත්ති නක්ඛත්තමාලිනී;</div>
                            <div class="gathalast">පටිජග්ගිතුමෙවෙසා, රත්ති හොති විජානතා.</div>
                        </div>
                        <div class="paragraph" para="194">
                            <span class="paranum">194</span>
                            <div class="gatha"> ‘‘හත්ථික්ඛන්ධාවපතිතං 
                                <pb ed="T" n="0.0299"/>, කුඤ්ජරො චෙ අනුක්කමෙ;
                            </div>
                            <div class="gathalast">සඞ්ගාමෙ මෙ මතං සෙය්‍යො, යඤ්චෙ ජීවෙ පරාජිතො’’ති.</div>
                        </div>
                    </div>
                    <div class="centre ct_sutta ending">... සොණො පොටිරියො 
                        <span class="note">(සෙලිස්සරියො (සී.), පොට්ටිරියපුත්තො (ස්‍යා.))</span> ථෙරො ....
                    </div>
                </div>
                <div class="subhead ct_sutta" node-id="441143">
                    <span class="subhead ct_sutta">8. නිසභත්ථෙරගාථා</span>
                    <div class="subhead-contents">
                        <div class="paragraph" para="195">
                            <span class="paranum">195</span>
                            <div class="gatha"> ‘‘පඤ්ච 
                                <pb ed="M" n="0.0258"/> කාමගුණෙ හිත්වා, පියරූපෙ මනොරමෙ;
                            </div>
                            <div class="gathalast">සද්ධාය ඝරා නික්ඛම්ම, දුක්ඛස්සන්තකරො භවෙ.</div>
                        </div>
                        <div class="paragraph" para="196">
                            <span class="paranum">196</span>
                            <div class="gatha"> ‘‘නාභිනන්දාමි මරණං, නාභිනන්දාමි ජීවිතං;</div>
                            <div class="gathalast">කාලඤ්ච පටිකඞ්ඛාමි, සම්පජානො පතිස්සතො’’ති.</div>
                        </div>
                    </div>
                    <div class="centre ct_sutta ending">... නිසභො ථෙරො....</div>
                </div>
                <div class="subhead ct_sutta" node-id="441144">
                    <span class="subhead ct_sutta">9. උසභත්ථෙරගාථා</span>
                    <div class="subhead-contents">
                        <div class="paragraph" para="197">
                            <span class="paranum">197</span>
                            <div class="gatha"> ‘‘අම්බපල්ලවසඞ්කාසං, අංසෙ කත්වාන චීවරං;</div>
                            <div class="gathalast">නිසින්නො හත්ථිගීවායං, ගාමං පිණ්ඩාය පාවිසිං.</div>
                        </div>
                        <div class="paragraph" para="198">
                            <span class="paranum">198</span>
                            <div class="gatha"> ‘‘හත්ථික්ඛන්ධතො 
                                <pb ed="V" n="0.0199"/> ඔරුය්හ, සංවෙගං අලභිං තදා;
                            </div>
                            <div class="gathalast">සොහං දිත්තො තදා සන්තො, පත්තො මෙ ආසවක්ඛයො’’ති.</div>
                        </div>
                    </div>
                    <div class="centre ct_sutta ending">... උසභො ථෙරො....</div>
                </div>
                <div class="subhead ct_sutta" node-id="441145">
                    <span class="subhead ct_sutta">10. කප්පටකුරත්ථෙරගාථා</span>
                    <div class="subhead-contents">
                        <div class="paragraph" para="199">
                            <span class="paranum">199</span>
                            <div class="gatha"> ‘‘අයමිති කප්පටො කප්පටකුරො, අච්ඡාය අතිභරිතාය 
                                <span class="note">(අතිභරියාය (සී. ක.), අච්චං භරාය (ස්‍යා.))</span>;
                            </div>
                            <div class="gathalast">අමතඝටිකායං ධම්මකටමත්තො 
                                <span class="note">(ධම්මකටපත්තො (ස්‍යා. ක. අට්ඨ.), ධම්මකටමග්ගො (සී. අට්ඨ.))</span>, කතපදං ඣානානි ඔචෙතුං.
                            </div>
                        </div>
                        <div class="paragraph" para="200">
                            <span class="paranum">200</span>
                            <div class="gatha"> ‘‘මා 
                                <pb ed="P" n="0.0026"/> ඛො ත්වං කප්පට පචාලෙසි, මා ත්වං උපකණ්ණම්හි තාළෙස්සං;
                            </div>
                            <div class="gathalast">න 
                                <pb ed="T" n="0.0300"/> හි 
                                <span class="note">(න වා (ක.))</span> ත්වං කප්පට මත්තමඤ්ඤාසි, සඞ්ඝමජ්ඣම්හි පචලායමානොති.
                            </div>
                        </div>
                    </div>
                    <div class="centre ct_sutta ending">... කප්පටකුරො ථෙරො....</div>
                </div>
            </div>
            <div class="centre ct_vagga ending">වග්ගො චතුත්ථො නිට්ඨිතො.</div>
            <div class="paragraph udana" para="udana">
                <div class="bodytext ct_vagga">තස්සුද්දානං -</div>
                <div class="ct_vagga gatha">මිගසිරො 
                    <pb ed="M" n="0.0259"/> සිවකො ච, උපවානො ච පණ්ඩිතො;
                </div>
                <div class="ct_vagga gatha">ඉසිදින්නො ච කච්චානො, නිතකො ච මහාවසී;</div>
                <div class="gathalast ct_vagga">පොටිරියපුත්තො නිසභො, උසභො කප්පටකුරොති.</div>
            </div>
        </div>
        <div class="title ct_vagga" node-id="44115">
            <span class="title ct_vagga">5. පඤ්චමවග්ගො</span>
            <div class="title-contents">
                <div class="subhead ct_sutta" node-id="441146">
                    <span class="subhead ct_sutta">1. කුමාරකස්සපත්ථෙරගාථා</span>
                    <div class="subhead-contents">
                        <div class="paragraph" para="201">
                            <span class="paranum">201</span>
                            <div class="gatha"> ‘‘අහො බුද්ධා අහො ධම්මා, අහො නො සත්ථු සම්පදා;</div>
                            <div class="gathalast">යත්ථ එතාදිසං ධම්මං, සාවකො සච්ඡිකාහි’’ති.</div>
                        </div>
                        <div class="paragraph" para="202">
                            <span class="paranum">202</span>
                            <div class="gatha"> ‘‘අසඞ්ඛෙය්‍යෙසු කප්පෙසු, සක්කායාධිගතා අහූ;</div>
                            <div class="gatha">තෙසමයං පච්ඡිමකො, චරිමොයං සමුස්සයො;</div>
                            <div class="gathalast">ජාතිමරණසංසාරො, නත්ථි දානි පුනබ්භවො’’ති.</div>
                        </div>
                    </div>
                    <div class="centre ct_sutta ending">... කුමාරකස්සපො ථෙරො....</div>
                </div>
                <div class="subhead ct_sutta" node-id="441147">
                    <span class="subhead ct_sutta">2. ධම්මපාලත්ථෙරගාථා</span>
                    <div class="subhead-contents">
                        <div class="paragraph" para="203">
                            <span class="paranum">203</span>
                            <div class="gatha"> ‘‘යො 
                                <pb ed="V" n="0.0200"/> හවෙ දහරො භික්ඛු, යුඤ්ජති බුද්ධසාසනෙ;
                            </div>
                            <div class="gathalast">ජාගරො ස හි සුත්තෙසු 
                                <span class="note">(පතිසුත්තෙසු (සී. ක.))</span>, අමොඝං තස්ස ජීවිතං.
                            </div>
                        </div>
                        <div class="paragraph" para="204">
                            <span class="paranum">204</span>
                            <div class="gatha"> ‘‘තස්මා 
                                <pb ed="T" n="0.0301"/> සද්ධඤ්ච සීලඤ්ච, පසාදං ධම්මදස්සනං;
                            </div>
                            <div class="gathalast">අනුයුඤ්ජෙථ මෙධාවී, සරං බුද්ධාන සාසන’’න්ති.</div>
                        </div>
                    </div>
                    <div class="centre ct_sutta ending">... ධම්මපාලො ථෙරො....</div>
                </div>
                <div class="subhead ct_sutta" node-id="441148">
                    <span class="subhead ct_sutta">3. බ්‍රහ්මාලිත්ථෙරගාථා</span>
                    <div class="subhead-contents">
                        <div class="paragraph" para="205">
                            <span class="paranum">205</span>
                            <div class="gatha"> ‘‘කස්සින්ද්‍රියානි සමථඞ්ගතානි, අස්සා යථා සාරථිනා සුදන්තා;</div>
                            <div class="gathalast">පහීනමානස්ස අනාසවස්ස, දෙවාපි කස්ස 
                                <span class="note">(තස්ස (බහූසු))</span> පිහයන්ති තාදිනො’’ති.
                            </div>
                        </div>
                        <div class="paragraph" para="206">
                            <span class="paranum">206</span>
                            <div class="gatha">
                                <span class="note">(ධ. ප. 94 ධම්මපදෙපි)</span> ‘‘මය්හින්ද්‍රියානි 
                                <pb ed="M" n="0.0260"/> සමථඞ්ගතානි, අස්සා යථා සාරථිනා සුදන්තා;
                            </div>
                            <div class="gathalast">පහීනමානස්ස අනාසවස්ස, දෙවාපි මය්හං පිහයන්ති තාදිනො’’ති.</div>
                        </div>
                    </div>
                    <div class="centre ct_sutta ending">... බ්‍රහ්මාලි ථෙරො....</div>
                </div>
                <div class="subhead ct_sutta" node-id="441149">
                    <span class="subhead ct_sutta">4. මොඝරාජත්ථෙරගාථා</span>
                    <div class="subhead-contents">
                        <div class="paragraph" para="207">
                            <span class="paranum">207</span>
                            <div class="gatha"> ‘‘ඡවිපාපක 
                                <pb ed="P" n="0.0027"/> චිත්තභද්දක, මොඝරාජ සතතං සමාහිතො;
                            </div>
                            <div class="gathalast">හෙමන්තිකසීතකාලරත්තියො 
                                <span class="note">(හෙමන්තිකකාලරත්තියො (ක.))</span>, භික්ඛු ත්වංසි කථං කරිස්සසි’’.
                            </div>
                        </div>
                        <div class="paragraph" para="208">
                            <span class="paranum">208</span>
                            <div class="gatha"> ‘‘සම්පන්නසස්සා මගධා, කෙවලා ඉති මෙ සුතං;</div>
                            <div class="gathalast">පලාලච්ඡන්නකො සෙය්‍යං, යථඤ්ඤෙ සුඛජීවිනො’’ති.</div>
                        </div>
                    </div>
                    <div class="centre ct_sutta ending">... මොඝරාජා ථෙරො....</div>
                </div>
                <div class="subhead ct_sutta" node-id="441150">
                    <span class="subhead ct_sutta">5. විසාඛපඤ්චාලපුත්තත්ථෙරගාථා</span>
                    <div class="subhead-contents">
                        <div class="paragraph" para="209">
                            <span class="paranum">209</span>
                            <div class="gatha"> ‘‘න උක්ඛිපෙ නො ච පරික්ඛිපෙ පරෙ, ඔක්ඛිපෙ පාරගතං න එරයෙ;</div>
                            <div class="gathalast">න 
                                <pb ed="T" n="0.0302"/> චත්තවණ්ණං පරිසාසු බ්‍යාහරෙ, අනුද්ධතො සම්මිතභාණි සුබ්බතො.
                            </div>
                        </div>
                        <div class="paragraph" para="210">
                            <span class="paranum">210</span>
                            <div class="gatha"> ‘‘සුසුඛුමනිපුණත්ථදස්සිනා, මතිකුසලෙන නිවාතවුත්තිනා;</div>
                            <div class="gathalast">සංසෙවිතවුද්ධසීලිනා, නිබ්බානං න හි තෙන දුල්ලභ’’න්ති.</div>
                        </div>
                    </div>
                    <div class="centre ct_sutta ending">... විසාඛො පඤ්චාලපුත්තො ථෙරො ....</div>
                </div>
                <div class="subhead ct_sutta" node-id="441151">
                    <span class="subhead ct_sutta">6. චූළකත්ථෙරගාථා</span>
                    <div class="subhead-contents">
                        <div class="paragraph" para="211">
                            <span class="paranum">211</span>
                            <div class="gatha"> ‘‘නදන්ති 
                                <pb ed="V" n="0.0201"/> මොරා සුසිඛා සුපෙඛුණා, සුනීලගීවා සුමුඛා සුගජ්ජිනො;
                            </div>
                            <div class="gathalast">සුසද්දලා චාපි මහාමහී අයං, සුබ්‍යාපිතම්බු සුවලාහකං නභං.</div>
                        </div>
                        <div class="paragraph" para="212">
                            <span class="paranum">212</span>
                            <div class="gatha"> ‘‘සුකල්ලරූපො 
                                <pb ed="M" n="0.0261"/> සුමනස්ස ඣායතං 
                                <span class="note">(ඣායිතං (ස්‍යා. ක.))</span>, සුනික්කමො සාධු සුබුද්ධසාසනෙ;
                            </div>
                            <div class="gathalast">සුසුක්කසුක්කං නිපුණං සුදුද්දසං, ඵුසාහි තං උත්තමමච්චුතං පද’’න්ති.</div>
                        </div>
                    </div>
                    <div class="centre ct_sutta ending">... චූළකො 
                        <span class="note">(චූලකො (සී. අට්ඨ.))</span> ථෙරො....
                    </div>
                </div>
                <div class="subhead ct_sutta" node-id="441152">
                    <span class="subhead ct_sutta">7. අනූපමත්ථෙරගාථා</span>
                    <div class="subhead-contents">
                        <div class="paragraph" para="213">
                            <span class="paranum">213</span>
                            <div class="gatha"> ‘‘නන්දමානාගතං චිත්තං, සූලමාරොපමානකං;</div>
                            <div class="gathalast">තෙන තෙනෙව වජසි, යෙන සූලං කලිඞ්ගරං.</div>
                        </div>
                        <div class="paragraph" para="214">
                            <span class="paranum">214</span>
                            <div class="gatha"> ‘‘තාහං චිත්තකලිං බ්‍රූමි, තං බ්‍රූමි චිත්තදුබ්භකං;</div>
                            <div class="gathalast">සත්ථා තෙ දුල්ලභො ලද්ධො, මානත්ථෙ මං නියොජයී’’ති.</div>
                        </div>
                    </div>
                    <div class="centre ct_sutta ending">... අනූපමො ථෙරො....</div>
                </div>
                <div class="subhead ct_sutta" node-id="441153">
                    <span class="subhead ct_sutta">8. වජ්ජිතත්ථෙරගාථා</span>
                    <div class="subhead-contents">
                        <div class="paragraph" para="215">
                            <span class="paranum">215</span>
                            <div class="gatha"> ‘‘සංසරං 
                                <pb ed="T" n="0.0303"/> දීඝමද්ධානං, ගතීසු පරිවත්තිසං;
                            </div>
                            <div class="gathalast">අපස්සං අරියසච්චානි, අන්ධභූතො 
                                <span class="note">(අන්ධීභූතො (ක.))</span> පුථුජ්ජනො.
                            </div>
                        </div>
                        <div class="paragraph" para="216">
                            <span class="paranum">216</span>
                            <div class="gatha"> ‘‘තස්ස 
                                <pb ed="P" n="0.0028"/> මෙ අප්පමත්තස්ස, සංසාරා විනළීකතා;
                            </div>
                            <div class="gathalast">සබ්බා ගතී සමුච්ඡින්නා, නත්ථි දානි පුනබ්භවො’’ති.</div>
                        </div>
                    </div>
                    <div class="centre ct_sutta ending">... වජ්ජිතො ථෙරො....</div>
                </div>
                <div class="subhead ct_sutta" node-id="441154">
                    <span class="subhead ct_sutta">9. සන්ධිතත්ථෙරගාථා</span>
                    <div class="subhead-contents">
                        <div class="paragraph" para="217">
                            <span class="paranum">217</span>
                            <div class="gatha"> ‘‘අස්සත්ථෙ හරිතොභාසෙ, සංවිරූළ්හම්හි පාදපෙ;</div>
                            <div class="gathalast">එකං බුද්ධගතං සඤ්ඤං, අලභිත්ථං 
                                <span class="note">(අලභිං හං (ක.))</span> පතිස්සතො.
                            </div>
                        </div>
                        <div class="paragraph" para="218">
                            <span class="paranum">218</span>
                            <div class="gatha"> ‘‘එකතිංසෙ ඉතො කප්පෙ, යං සඤ්ඤමලභිං තදා;</div>
                            <div class="gathalast">තස්සා සඤ්ඤාය වාහසා, පත්තො මෙ ආසවක්ඛයො’’ති.</div>
                        </div>
                    </div>
                    <div class="centre ct_sutta ending">... සන්ධිතො ථෙරො....</div>
                </div>
            </div>
            <div class="centre ct_vagga ending">වග්ගො පඤ්චමො නිට්ඨිතො.</div>
            <div class="paragraph udana" para="udana">
                <div class="bodytext ct_vagga">තස්සුද්දානං 
                    <pb ed="V" n="0.0202"/> -
                </div>
                <div class="ct_vagga gatha">කුමාරකස්සපො 
                    <pb ed="M" n="0.0262"/> ථෙරො, ධම්මපාලො ච බ්‍රහ්මාලි;
                </div>
                <div class="ct_vagga gatha">මොඝරාජා විසාඛො ච, චූළකො ච අනූපමො;</div>
                <div class="gathalast ct_vagga">වජ්ජිතො සන්ධිතො ථෙරො, කිලෙසරජවාහනොති.</div>
            </div>
        </div>
    </div>
    <div class="centre ct_nipatha ending">දුකනිපාතො නිට්ඨිතො.</div>
    <div class="paragraph udana" para="udana">
        <div class="bodytext ct_nipatha">තත්‍රුද්දානං -</div>
        <div class="ct_nipatha gatha">ගාථාදුකනිපාතම්හි, නවුති චෙව අට්ඨ ච;</div>
        <div class="gathalast ct_nipatha">ථෙරා එකූනපඤ්ඤාසං, භාසිතා නයකොවිදාති.</div>
    </div>
</div>