<div class="chapter ct_vagga" node-id="37120">
    <span class="chapter ct_vagga">3. ද්වත්තිංසාකාරො</span>
    <div class="chapter-contents">
        <div class="paragraph" para="1">
            <span class="paranum">1</span>
            <div class="bodytext"> අත්ථි 
                <pb ed="V" n="0.0003"/> ඉමස්මිං කායෙ -
            </div>
            <div class="gatha">කෙසා ලොමා නඛා දන්තා තචො,</div>
            <div class="gatha">මංසං න්හාරු 
                <span class="note">(නහාරු (සී. පී.), නහාරූ (ස්‍යා. කං.))</span> අට්ඨි 
                <span class="note">(අට්ඨී (ස්‍යා. කං))</span> අට්ඨිමිඤ්ජං වක්කං,
            </div>
            <div class="gatha">හදයං යකනං කිලොමකං පිහකං පප්ඵාසං,</div>
            <div class="gatha">අන්තං අන්තගුණං උදරියං කරීසං මත්ථලුඞ්ගං 
                <span class="note">(( ) සබ්බත්ථ නත්ථි, අට්ඨකථා ච ද්වත්තිංසසඞ්ඛ්‍යා ච මනසි කාතබ්බා)</span>,
            </div>
            <div class="gatha">පිත්තං සෙම්හං පුබ්බො ලොහිතං සෙදො මෙදො,</div>
            <div class="gathalast">අස්සු වසා ඛෙළො සිඞ්ඝාණිකා ලසිකා මුත්තන්ති 
                <span class="note">(මුත්තං, මත්ථකෙ මත්ථලුඞ්ගන්ති (ස්‍යා.))</span>.
            </div>
        </div>
    </div>
    <div class="centre ct_vagga ending">ද්වත්තිංසාකාරො නිට්ඨිතො.</div>
</div>