<div class="chapter ct_vagga" node-id="47120">
    <span class="chapter ct_vagga">45. විභීතකවග්ගො</span>
    <div class="chapter-contents">
        <div class="subhead ct_sutta" node-id="47121">
            <span class="subhead ct_sutta">1. විභීතකමිඤ්ජියත්ථෙරඅපදානං</span>
            <div class="subhead-contents">
                <div class="paragraph" para="1">
                    <span class="paranum">1</span>
                    <div class="gatha"> ‘‘කකුසන්ධො 
                        <pb ed="T" n="2.0056"/>
                        <pb ed="M" n="2.0024"/>
                        <pb ed="V" n="2.0024"/> මහාවීරො, සබ්බධම්මාන පාරගූ;
                    </div>
                    <div class="gathalast">ගණම්හා වූපකට්ඨො සො, අගමාසි වනන්තරං.</div>
                </div>
                <div class="paragraph" para="2">
                    <span class="paranum">2</span>
                    <div class="gatha"> ‘‘බීජමිඤ්ජං ගහෙත්වාන, ලතාය ආවුණිං අහං;</div>
                    <div class="gathalast">භගවා තම්හි සමයෙ, ඣායතෙ පබ්බතන්තරෙ.</div>
                </div>
                <div class="paragraph" para="3">
                    <span class="paranum">3</span>
                    <div class="gatha"> ‘‘දිස්වානහං දෙවදෙවං, විප්පසන්නෙන චෙතසා;</div>
                    <div class="gathalast">දක්ඛිණෙය්‍යස්ස වීරස්ස, බීජමිඤ්ජමදාසහං.</div>
                </div>
                <div class="paragraph" para="4">
                    <span class="paranum">4</span>
                    <div class="gatha"> ‘‘ඉමස්මිංයෙව කප්පම්හි, යං මිඤ්ජමදදිං 
                        <span class="note">(ඵලමදදිං (සී. පී.), බීජමදදිං (ස්‍යා.))</span> තදා;
                    </div>
                    <div class="gathalast">දුග්ගතිං නාභිජානාමි, බීජමිඤ්ජස්සිදං ඵලං.</div>
                </div>
                <div class="paragraph" para="5">
                    <span class="paranum">5</span>
                    <div class="gatha"> ‘‘කිලෙසා ඣාපිතා මය්හං, භවා සබ්බෙ සමූහතා;</div>
                    <div class="gathalast">නාගොව බන්ධනං ඡෙත්වා, විහරාමි අනාසවො.</div>
                </div>
                <div class="paragraph" para="6">
                    <span class="paranum">6</span>
                    <div class="gatha"> ‘‘ස්වාගතං වත මෙ ආසි, මම බුද්ධස්ස සන්තිකෙ;</div>
                    <div class="gathalast">තිස්සො විජ්ජා අනුප්පත්තා, කතං බුද්ධස්ස සාසනං.</div>
                </div>
                <div class="paragraph" para="7">
                    <span class="paranum">7</span>
                    <div class="gatha"> ‘‘පටිසම්භිදා චතස්සො, විමොක්ඛාපි ච අට්ඨිමෙ;</div>
                    <div class="gathalast">ඡළභිඤ්ඤා සච්ඡිකතා, කතං බුද්ධස්ස සාසනං’’.</div>
                </div>
                <div class="centre ending">ඉත්ථං සුදං ආයස්මා විභීතකමිඤ්ජියො 
                    <span class="note">(විභෙදක... (ස්‍යා. ක.))</span> ථෙරො ඉමා ගාථායො අභාසිත්ථාති.
                </div>
            </div>
            <div class="centre ct_sutta ending">විභීතකමිඤ්ජියත්ථෙරස්සාපදානං පඨමං.</div>
        </div>
        <div class="subhead ct_sutta" node-id="47122">
            <span class="subhead ct_sutta">2. කොලදායකත්ථෙරඅපදානං</span>
            <div class="subhead-contents">
                <div class="paragraph" para="8">
                    <span class="paranum">8</span>
                    <div class="gatha"> ‘‘අජිනෙන 
                        <pb ed="T" n="2.0057"/>
                        <pb ed="V" n="2.0025"/>
                        <pb ed="P" n="2.0397"/> නිවත්ථොහං, වාකචීරධරො තදා;
                    </div>
                    <div class="gathalast">ඛාරියා පූරයිත්වාන, කොලංහාසිං මමස්සමං 
                        <span class="note">(ඛාරිභාරං හරිත්වාන, කොලමාහරිමස්සමං (සී. පී.))</span>.
                    </div>
                </div>
                <div class="paragraph" para="9">
                    <span class="paranum">9</span>
                    <div class="gatha"> ‘‘තම්හි 
                        <pb ed="M" n="2.0025"/> කාලෙ සිඛී බුද්ධො, එකො අදුතියො අහු;
                    </div>
                    <div class="gathalast">මමස්සමං උපාගච්ඡි, ජානන්තො සබ්බකාලිකං.</div>
                </div>
                <div class="paragraph" para="10">
                    <span class="paranum">10</span>
                    <div class="gatha"> ‘‘සකං චිත්තං පසාදෙත්වා, වන්දිත්වාන ච සුබ්බතං;</div>
                    <div class="gathalast">උභො හත්ථෙහි පග්ගය්හ, කොලං බුද්ධස්සදාසහං.</div>
                </div>
                <div class="paragraph" para="11">
                    <span class="paranum">11</span>
                    <div class="gatha"> ‘‘එකතිංසෙ ඉතො කප්පෙ, යං ඵලමදදිං තදා;</div>
                    <div class="gathalast">දුග්ගතිං නාභිජානාමි, කොලදානස්සිදං ඵලං.</div>
                </div>
                <div class="paragraph" para="12">
                    <span class="paranum">12</span>
                    <div class="gatha"> ‘‘කිලෙසා ඣාපිතා මය්හං...පෙ.... විහරාමි අනාසවො.</div>
                </div>
                <div class="paragraph" para="13">
                    <span class="paranum">13</span>
                    <div class="gatha"> ‘‘ස්වාගතං වත මෙ ආසි...පෙ.... කතං බුද්ධස්ස සාසනං.</div>
                </div>
                <div class="paragraph" para="14">
                    <span class="paranum">14</span>
                    <div class="gatha"> ‘‘පටිසම්භිදා චතස්සො...පෙ.... කතං බුද්ධස්ස සාසනං’’.</div>
                </div>
                <div class="centre ending">ඉත්ථං සුදං ආයස්මා කොලදායකො ථෙරො ඉමා ගාථායො අභාසිත්ථාති.</div>
            </div>
            <div class="centre ct_sutta ending">කොලදායකත්ථෙරස්සාපදානං දුතියං.</div>
        </div>
        <div class="subhead ct_sutta" node-id="47123">
            <span class="subhead ct_sutta">3. බිල්ලියත්ථෙරඅපදානං</span>
            <div class="subhead-contents">
                <div class="paragraph" para="15">
                    <span class="paranum">15</span>
                    <div class="gatha"> ‘‘චන්දභාගානදීතීරෙ 
                        <pb ed="T" n="2.0058"/>, අස්සමො සුකතො මම;
                    </div>
                    <div class="gathalast">බිල්ලරුක්ඛෙහි 
                        <span class="note">(බෙලුවරුක්ඛෙහි (ස්‍යා.))</span> ආකිණ්ණො, නානාදුමනිසෙවිතො.
                    </div>
                </div>
                <div class="paragraph" para="16">
                    <span class="paranum">16</span>
                    <div class="gatha"> ‘‘සුගන්ධං බෙලුවං දිස්වා, බුද්ධසෙට්ඨමනුස්සරිං;</div>
                    <div class="gathalast">ඛාරිභාරං පූරයිත්වා, තුට්ඨො සංවිග්ගමානසො.</div>
                </div>
                <div class="paragraph" para="17">
                    <span class="paranum">17</span>
                    <div class="gatha"> ‘‘කකුසන්ධං උපාගම්ම, බිල්ලපක්කමදාසහං;</div>
                    <div class="gathalast">පුඤ්ඤක්ඛෙත්තස්ස වීරස්ස, විප්පසන්නෙන චෙතසා.</div>
                </div>
                <div class="paragraph" para="18">
                    <span class="paranum">18</span>
                    <div class="gatha"> ‘‘ඉමස්මිංයෙව කප්පස්මිං, යං ඵලමදදිං තදා;</div>
                    <div class="gathalast">දුග්ගතිං නාභිජානාමි, ඵලදානස්සිදං ඵලං.</div>
                </div>
                <div class="paragraph" para="19">
                    <span class="paranum">19</span>
                    <div class="gatha"> ‘‘කිලෙසා 
                        <pb ed="V" n="2.0026"/> ඣාපිතා මය්හං...පෙ.... විහරාමි අනාසවො.
                    </div>
                </div>
                <div class="paragraph" para="20">
                    <span class="paranum">20</span>
                    <div class="gatha"> ‘‘ස්වාගතං වත මෙ ආසි...පෙ.... කතං බුද්ධස්ස සාසනං.</div>
                </div>
                <div class="paragraph" para="21">
                    <span class="paranum">21</span>
                    <div class="gatha"> ‘‘පටිසම්භිදා 
                        <pb ed="M" n="2.0026"/> චතස්සො...පෙ.... කතං බුද්ධස්ස සාසනං’’.
                    </div>
                </div>
                <div class="centre ending">ඉත්ථං සුදං ආයස්මා බිල්ලියො ථෙරො ඉමා ගාථායො අභාසිත්ථාති.</div>
            </div>
            <div class="centre ct_sutta ending">බිල්ලියත්ථෙරස්සාපදානං තතියං.</div>
        </div>
        <div class="subhead ct_sutta" node-id="47124">
            <span class="subhead ct_sutta">4. භල්ලාතදායකත්ථෙරඅපදානං</span>
            <div class="subhead-contents">
                <div class="paragraph" para="22">
                    <span class="paranum">22</span>
                    <div class="gatha"> ‘‘සුවණ්ණවණ්ණං 
                        <pb ed="T" n="2.0059"/>
                        <pb ed="P" n="2.0398"/> සම්බුද්ධං, ද්වත්තිංසවරලක්ඛණං;
                    </div>
                    <div class="gathalast">විපිනග්ගෙන 
                        <span class="note">(පවනග්ගෙන (සී. ස්‍යා. පී.))</span> ගච්ඡන්තං, සාලරාජංව ඵුල්ලිතං.
                    </div>
                </div>
                <div class="paragraph" para="23">
                    <span class="paranum">23</span>
                    <div class="gatha"> ‘‘තිණත්ථරං පඤ්ඤාපෙත්වා, බුද්ධසෙට්ඨං අයාචහං;</div>
                    <div class="gathalast">‘අනුකම්පතු මං බුද්ධො, භික්ඛං ඉච්ඡාමි දාතවෙ’.</div>
                </div>
                <div class="paragraph" para="24">
                    <span class="paranum">24</span>
                    <div class="gatha"> ‘‘අනුකම්පකො කාරුණිකො, අත්ථදස්සී මහායසො;</div>
                    <div class="gathalast">මම සඞ්කප්පමඤ්ඤාය, ඔරූහි මම අස්සමෙ.</div>
                </div>
                <div class="paragraph" para="25">
                    <span class="paranum">25</span>
                    <div class="gatha"> ‘‘ඔරොහිත්වාන සම්බුද්ධො, නිසීදි පණ්ණසන්ථරෙ;</div>
                    <div class="gathalast">භල්ලාතකං ගහෙත්වාන, බුද්ධසෙට්ඨස්සදාසහං.</div>
                </div>
                <div class="paragraph" para="26">
                    <span class="paranum">26</span>
                    <div class="gatha"> ‘‘මම නිජ්ඣායමානස්ස, පරිභුඤ්ජි තදා ජිනො;</div>
                    <div class="gathalast">තත්ථ චිත්තං පසාදෙත්වා, අභිවන්දිං තදා ජිනං.</div>
                </div>
                <div class="paragraph" para="27">
                    <span class="paranum">27</span>
                    <div class="gatha"> ‘‘අට්ඨාරසෙ කප්පසතෙ, යං ඵලමදදිං තදා;</div>
                    <div class="gathalast">දුග්ගතිං නාභිජානාමි, ඵලදානස්සිදං ඵලං.</div>
                </div>
                <div class="paragraph" para="28">
                    <span class="paranum">28</span>
                    <div class="gatha"> ‘‘කිලෙසා ඣාපිතා මය්හං...පෙ.... විහරාමි අනාසවො.</div>
                </div>
                <div class="paragraph" para="29">
                    <span class="paranum">29</span>
                    <div class="gatha"> ‘‘ස්වාගතං වත මෙ ආසි...පෙ.... කතං බුද්ධස්ස සාසනං.</div>
                </div>
                <div class="paragraph" para="30">
                    <span class="paranum">30</span>
                    <div class="gatha"> ‘‘පටිසම්භිදා චතස්සො...පෙ.... කතං බුද්ධස්ස සාසනං’’.</div>
                </div>
                <div class="centre ending">ඉත්ථං 
                    <pb ed="T" n="2.0060"/> සුදං ආයස්මා භල්ලාතදායකො ථෙරො ඉමා ගාථායො අභාසිත්ථාති.
                </div>
            </div>
            <div class="centre ct_sutta ending">භල්ලාතදායකත්ථෙරස්සාපදානං චතුත්ථං.</div>
        </div>
        <div class="subhead ct_sutta" node-id="47125">
            <span class="subhead ct_sutta">5. උත්තලිපුප්ඵියත්ථෙරඅපදානං</span>
            <div class="subhead-contents">
                <div class="paragraph" para="31">
                    <span class="paranum">31</span>
                    <div class="gatha"> ‘‘නිග්‍රොධෙ 
                        <pb ed="M" n="2.0027"/>
                        <pb ed="V" n="2.0027"/> හරිතොභාසෙ, සංවිරුළ්හම්හි පාදපෙ;
                    </div>
                    <div class="gathalast">උත්තලිමාලං 
                        <span class="note">(උම්මා මාලං හි (ස්‍යා.))</span> පග්ගය්හ, බොධියා අභිරොපයිං.
                    </div>
                </div>
                <div class="paragraph" para="32">
                    <span class="paranum">32</span>
                    <div class="gatha"> ‘‘ඉමස්මිංයෙව කප්පම්හි, යං බොධිමභිපූජයිං;</div>
                    <div class="gathalast">දුග්ගතිං නාභිජානාමි, බොධිපූජායිදං ඵලං.</div>
                </div>
                <div class="paragraph" para="33">
                    <span class="paranum">33</span>
                    <div class="gatha"> ‘‘කිලෙසා ඣාපිතා මය්හං...පෙ.... විහරාමි අනාසවො.</div>
                </div>
                <div class="paragraph" para="34">
                    <span class="paranum">34</span>
                    <div class="gatha"> ‘‘ස්වාගතං වත මෙ ආසි...පෙ.... කතං බුද්ධස්ස සාසනං.</div>
                </div>
                <div class="paragraph" para="35">
                    <span class="paranum">35</span>
                    <div class="gatha"> ‘‘පටිසම්භිදා චතස්සො...පෙ.... කතං බුද්ධස්ස සාසනං’’.</div>
                </div>
                <div class="centre ending">ඉත්ථං සුදං ආයස්මා උත්තලිපුප්ඵියො ථෙරො ඉමා ගාථායො අභාසිත්ථාති.</div>
            </div>
            <div class="centre ct_sutta ending">උත්තලිපුප්ඵියත්ථෙරස්සාපදානං පඤ්චමං.</div>
        </div>
        <div class="subhead ct_sutta" node-id="47126">
            <span class="subhead ct_sutta">6. අම්බාටකියත්ථෙරඅපදානං</span>
            <div class="subhead-contents">
                <div class="paragraph" para="36">
                    <span class="paranum">36</span>
                    <div class="gatha"> ‘‘සුපුප්ඵිතං 
                        <pb ed="P" n="2.0399"/> සාලවනං, ඔගය්හ වෙස්සභූ මුනි;
                    </div>
                    <div class="gathalast">නිසීදි ගිරිදුග්ගෙසු, අභිජාතොව කෙසරී.</div>
                </div>
                <div class="paragraph" para="37">
                    <span class="paranum">37</span>
                    <div class="gatha"> ‘‘පසන්නචිත්තො 
                        <pb ed="T" n="2.0061"/> සුමනො, අම්බාටකමපූජයිං;
                    </div>
                    <div class="gathalast">පුඤ්ඤක්ඛෙත්තං අනුත්තරං 
                        <span class="note">(මහාවීරං (සී. ස්‍යා.))</span>, පසන්නො සෙහි පාණිභි.
                    </div>
                </div>
                <div class="paragraph" para="38">
                    <span class="paranum">38</span>
                    <div class="gatha"> ‘‘එකතිංසෙ ඉතො කප්පෙ, යං පුප්ඵමභිරොපයිං;</div>
                    <div class="gathalast">දුග්ගති නාභිජානාමි, බුද්ධපූජායිදං ඵලං.</div>
                </div>
                <div class="paragraph" para="39">
                    <span class="paranum">39</span>
                    <div class="gatha"> ‘‘කිලෙසා ඣාපිතා මය්හං...පෙ.... විහරාමි අනාසවො.</div>
                </div>
                <div class="paragraph" para="40">
                    <span class="paranum">40</span>
                    <div class="gatha"> ‘‘ස්වාගතං වත මෙ ආසි...පෙ.... කතං බුද්ධස්ස සාසනං.</div>
                </div>
                <div class="paragraph" para="41">
                    <span class="paranum">41</span>
                    <div class="gatha"> ‘‘පටිසම්භිදා චතස්සො...පෙ.... කතං බුද්ධස්ස සාසනං’’.</div>
                </div>
                <div class="centre ending">ඉත්ථං සුදං ආයස්මා අම්බාටකියො ථෙරො ඉමා ගාථායො අභාසිත්ථාති.</div>
            </div>
            <div class="centre ct_sutta ending">අම්බාටකියත්ථෙරස්සාපදානං ඡට්ඨං.</div>
        </div>
        <div class="subhead ct_sutta" node-id="47127">
            <span class="subhead ct_sutta">7. සීහාසනිකත්ථෙරඅපදානං</span>
            <div class="subhead-contents">
                <div class="paragraph" para="42">
                    <span class="paranum">42</span>
                    <div class="gatha"> ‘‘පදුමුත්තරස්ස 
                        <pb ed="M" n="2.0028"/>
                        <pb ed="V" n="2.0028"/> භගවතො, සබ්බභූතහිතෙසිනො;
                    </div>
                    <div class="gathalast">පසන්නචිත්තො සුමනො, සීහාසනමදාසහං.</div>
                </div>
                <div class="paragraph" para="43">
                    <span class="paranum">43</span>
                    <div class="gatha"> ‘‘දෙවලොකෙ මනුස්සෙ වා, යත්ථ යත්ථ වසාමහං;</div>
                    <div class="gathalast">ලභාමි විපුලං බ්‍යම්හං, සීහාසනස්සිදං ඵලං.</div>
                </div>
                <div class="paragraph" para="44">
                    <span class="paranum">44</span>
                    <div class="gatha"> ‘‘සොණ්ණමයා රූපිමයා, ලොහිතඞ්ගමයා 
                        <span class="note">(ලොහිතඞ්කමයා (සී. ස්‍යා. පී.))</span> බහූ;
                    </div>
                    <div class="gathalast">මණිමයා ච පල්ලඞ්කා, නිබ්බත්තන්ති මමං සදා.</div>
                </div>
                <div class="paragraph" para="45">
                    <span class="paranum">45</span>
                    <div class="gatha"> ‘‘බොධියා 
                        <pb ed="T" n="2.0062"/> ආසනං කත්වා, ජලජුත්තමනාමිනො;
                    </div>
                    <div class="gathalast">උච්චෙ කුලෙ පජායාමි, අහො ධම්මසුධම්මතා.</div>
                </div>
                <div class="paragraph" para="46">
                    <span class="paranum">46</span>
                    <div class="gatha"> ‘‘සතසහස්සිතො කප්පෙ, සීහාසනමකාසහං;</div>
                    <div class="gathalast">දුග්ගතිං නාභිජානාමි, සීහාසනස්සිදං ඵලං.</div>
                </div>
                <div class="paragraph" para="47">
                    <span class="paranum">47</span>
                    <div class="gatha"> ‘‘කිලෙසා ඣාපිතා මය්හං...පෙ.... විහරාමි අනාසවො.</div>
                </div>
                <div class="paragraph" para="48">
                    <span class="paranum">48</span>
                    <div class="gatha"> ‘‘ස්වාගතං වත මෙ ආසි...පෙ.... කතං බුද්ධස්ස සාසනං.</div>
                </div>
                <div class="paragraph" para="49">
                    <span class="paranum">49</span>
                    <div class="gatha"> ‘‘පටිසම්භිදා චතස්සො...පෙ.... කතං බුද්ධස්ස සාසනං’’.</div>
                </div>
                <div class="centre ending">ඉත්ථං සුදං ආයස්මා සීහාසනිකො ථෙරො ඉමා ගාථායො අභාසිත්ථාති.</div>
            </div>
            <div class="centre ct_sutta ending">සීහාසනිකත්ථෙරස්සාපදානං සත්තමං.</div>
        </div>
        <div class="subhead ct_sutta" node-id="47128">
            <span class="subhead ct_sutta">8. පාදපීඨියත්ථෙරඅපදානං</span>
            <div class="subhead-contents">
                <div class="paragraph" para="50">
                    <span class="paranum">50</span>
                    <div class="gatha"> ‘‘සුමෙධො 
                        <pb ed="P" n="2.0400"/> නාම සම්බුද්ධො, අග්ගො කාරුණිකො මුනි;
                    </div>
                    <div class="gathalast">තාරයිත්වා බහූ සත්තෙ, නිබ්බුතො සො මහායසො.</div>
                </div>
                <div class="paragraph" para="51">
                    <span class="paranum">51</span>
                    <div class="gatha"> ‘‘සීහාසනස්ස සාමන්තා, සුමෙධස්ස මහෙසිනො;</div>
                    <div class="gathalast">පසන්නචිත්තො සුමනො, පාදපීඨමකාරයිං.</div>
                </div>
                <div class="paragraph" para="52">
                    <span class="paranum">52</span>
                    <div class="gatha"> ‘‘කත්වාන කුසලං කම්මං, සුඛපාකං සුඛුද්‍රයං;</div>
                    <div class="gathalast">පුඤ්ඤකම්මෙන සංයුත්තො, තාවතිංසමගච්ඡහං.</div>
                </div>
                <div class="paragraph" para="53">
                    <span class="paranum">53</span>
                    <div class="gatha"> ‘‘තත්ථ 
                        <pb ed="T" n="2.0063"/>
                        <pb ed="M" n="2.0029"/>
                        <pb ed="V" n="2.0029"/> මෙ වසමානස්ස, පුඤ්ඤකම්මසමඞ්ගිනො;
                    </div>
                    <div class="gathalast">පදානි උද්ධරන්තස්ස, සොණ්ණපීඨා භවන්ති මෙ.</div>
                </div>
                <div class="paragraph" para="54">
                    <span class="paranum">54</span>
                    <div class="gatha"> ‘‘ලාභා තෙසං සුලද්ධං වො, යෙ ලභන්ති උපස්සුතිං;</div>
                    <div class="gathalast">නිබ්බුතෙ කාරං කත්වාන, ලභන්ති විපුලං සුඛං.</div>
                </div>
                <div class="paragraph" para="55">
                    <span class="paranum">55</span>
                    <div class="gatha"> ‘‘මයාපි සුකතං කම්මං, වාණිජ්ජං සුප්පයොජිතං;</div>
                    <div class="gathalast">පාදපීඨං කරිත්වාන, සොණ්ණපීඨං ලභාමහං.</div>
                </div>
                <div class="paragraph" para="56">
                    <span class="paranum">56</span>
                    <div class="gatha"> ‘‘යං යං දිසං පක්කමාමි, කෙනචි කිච්චයෙනහං 
                        <span class="note">(පච්චයෙනහං (සී. පී.))</span>;
                    </div>
                    <div class="gathalast">සොණ්ණපීඨෙ අක්කමාමි 
                        <span class="note">(සොණ්ණපීඨෙන කමාමි (ක.))</span>, පුඤ්ඤකම්මස්සිදං ඵලං.
                    </div>
                </div>
                <div class="paragraph" para="57">
                    <span class="paranum">57</span>
                    <div class="gatha"> ‘‘තිංසකප්පසහස්සම්හි, යං කම්මමකරිං තදා;</div>
                    <div class="gathalast">දුග්ගතිං නාභිජානාමි, පාදපීඨස්සිදං ඵලං.</div>
                </div>
                <div class="paragraph" para="58">
                    <span class="paranum">58</span>
                    <div class="gatha"> ‘‘කිලෙසා ඣාපිතා මය්හං...පෙ.... විහරාමි අනාසවො.</div>
                </div>
                <div class="paragraph" para="59">
                    <span class="paranum">59</span>
                    <div class="gatha"> ‘‘ස්වාගතං වත මෙ ආසි...පෙ.... කතං බුද්ධස්ස සාසනං.</div>
                </div>
                <div class="paragraph" para="60">
                    <span class="paranum">60</span>
                    <div class="gatha"> ‘‘පටිසම්භිදා චතස්සො...පෙ.... කතං බුද්ධස්ස සාසනං’’.</div>
                </div>
                <div class="centre ending">ඉත්ථං සුදං ආයස්මා පාදපීඨියො ථෙරො ඉමා ගාථායො අභාසිත්ථාති.</div>
            </div>
            <div class="centre ct_sutta ending">පාදපීඨියත්ථෙරස්සාපදානං අට්ඨමං.</div>
        </div>
        <div class="subhead ct_sutta" node-id="47129">
            <span class="subhead ct_sutta">9. වෙදිකාරකත්ථෙරඅපදානං</span>
            <div class="subhead-contents">
                <div class="paragraph" para="61">
                    <span class="paranum">61</span>
                    <div class="gatha"> ‘‘පදුමුත්තරස්ස 
                        <pb ed="T" n="2.0064"/> භගවතො, බොධියා පාදපුත්තමෙ;
                    </div>
                    <div class="gathalast">වෙදිකං සුකතං කත්වා, සකං චිත්තං පසාදයිං.</div>
                </div>
                <div class="paragraph" para="62">
                    <span class="paranum">62</span>
                    <div class="gatha"> ‘‘අතොළාරානි 
                        <span class="note">(අථොළාරානි (සී. පී.), අග්ගොළාරානි (ස්‍යා.))</span> භණ්ඩානි, කතානි අකතානි ච;
                    </div>
                    <div class="gathalast">අන්තලික්ඛා පවස්සන්ති, වෙදිකාය ඉදං ඵලං.</div>
                </div>
                <div class="paragraph" para="63">
                    <span class="paranum">63</span>
                    <div class="gatha"> ‘‘උභතො බ්‍යූළ්හසඞ්ගාමෙ, පක්ඛන්දන්තො භයානකෙ;</div>
                    <div class="gathalast">භයභෙරවං න පස්සාමි, වෙදිකාය ඉදං ඵලං.</div>
                </div>
                <div class="paragraph" para="64">
                    <span class="paranum">64</span>
                    <div class="gatha"> ‘‘මම 
                        <pb ed="M" n="2.0030"/>
                        <pb ed="P" n="2.0401"/> සඞ්කප්පමඤ්ඤාය, බ්‍යම්හං නිබ්බත්තතෙ සුභං;
                    </div>
                    <div class="gathalast">සයනානි මහග්ඝානි, වෙදිකාය ඉදං ඵලං.</div>
                </div>
                <div class="paragraph" para="65">
                    <span class="paranum">65</span>
                    <div class="gatha"> ‘‘සතසහස්සිතො 
                        <pb ed="V" n="2.0030"/> කප්පෙ, යං වෙදිකමකාරයිං;
                    </div>
                    <div class="gathalast">දුග්ගතිං නාභිජානාමි, වෙදිකාය ඉදං ඵලං.</div>
                </div>
                <div class="paragraph" para="66">
                    <span class="paranum">66</span>
                    <div class="gatha"> ‘‘කිලෙසා ඣාපිතා මය්හං...පෙ.... විහරාමි අනාසවො.</div>
                </div>
                <div class="paragraph" para="67">
                    <span class="paranum">67</span>
                    <div class="gatha"> ‘‘ස්වාගතං වත මෙ ආසි...පෙ.... කතං බුද්ධස්ස සාසනං.</div>
                </div>
                <div class="paragraph" para="68">
                    <span class="paranum">68</span>
                    <div class="gatha"> ‘‘පටිසම්භිදා චතස්සො...පෙ.... කතං බුද්ධස්ස සාසනං’’.</div>
                </div>
                <div class="centre ending">ඉත්ථං සුදං ආයස්මා වෙදිකාරකො ථෙරො ඉමා ගාථායො අභාසිත්ථාති.</div>
            </div>
            <div class="centre ct_sutta ending">වෙදිකාරකත්ථෙරස්සාපදානං නවමං.</div>
        </div>
        <div class="subhead ct_sutta" node-id="471210">
            <span class="subhead ct_sutta">10. බොධිඝරදායකත්ථෙරඅපදානං</span>
            <div class="subhead-contents">
                <div class="paragraph" para="69">
                    <span class="paranum">69</span>
                    <div class="gatha"> ‘‘සිද්ධත්ථස්ස 
                        <pb ed="T" n="2.0065"/> භගවතො, ද්විපදින්දස්ස තාදිනො;
                    </div>
                    <div class="gathalast">පසන්නචිත්තො සුමනො, බොධිඝරමකාරයිං.</div>
                </div>
                <div class="paragraph" para="70">
                    <span class="paranum">70</span>
                    <div class="gatha"> ‘‘තුසිතං උපපන්නොම්හි, වසාමි රතනෙ ඝරෙ;</div>
                    <div class="gathalast">න මෙ සීතං වා උණ්හං වා, වාතො ගත්තෙ න සම්ඵුසෙ.</div>
                </div>
                <div class="paragraph" para="71">
                    <span class="paranum">71</span>
                    <div class="gatha"> ‘‘පඤ්චසට්ඨිම්හිතො කප්පෙ, චක්කවත්තී අහොසහං;</div>
                    <div class="gathalast">කාසිකං නාම නගරං, විස්සකම්මෙන 
                        <span class="note">(විසුකම්මෙන (ස්‍යා. ක.))</span> මාපිතං.
                    </div>
                </div>
                <div class="paragraph" para="72">
                    <span class="paranum">72</span>
                    <div class="gatha"> ‘‘දසයොජනආයාමං, අට්ඨයොජනවිත්ථතං;</div>
                    <div class="gathalast">න තම්හි නගරෙ අත්ථි, කට්ඨං වල්ලී ච මත්තිකා.</div>
                </div>
                <div class="paragraph" para="73">
                    <span class="paranum">73</span>
                    <div class="gatha"> ‘‘තිරියං යොජනං ආසි, අද්ධයොජනවිත්ථතං;</div>
                    <div class="gathalast">මඞ්ගලො නාම පාසාදො, විස්සකම්මෙන මාපිතො.</div>
                </div>
                <div class="paragraph" para="74">
                    <span class="paranum">74</span>
                    <div class="gatha"> ‘‘චුල්ලාසීතිසහස්සානි, ථම්භා සොණ්ණමයා අහුං;</div>
                    <div class="gathalast">මණිමයා ච නිය්‍යූහා, ඡදනං රූපියං අහු.</div>
                </div>
                <div class="paragraph" para="75">
                    <span class="paranum">75</span>
                    <div class="gatha"> ‘‘සබ්බසොණ්ණමයං 
                        <pb ed="M" n="2.0031"/> ඝරං, විස්සකම්මෙන මාපිතං;
                    </div>
                    <div class="gathalast">අජ්ඣාවුත්ථං මයා එතං, ඝරදානස්සිදං ඵලං.</div>
                </div>
                <div class="paragraph" para="76">
                    <span class="paranum">76</span>
                    <div class="gatha"> ‘‘තෙ සබ්බෙ අනුභොත්වාන, දෙවමානුසකෙ භවෙ;</div>
                    <div class="gathalast">අජ්ඣපත්තොම්හි නිබ්බානං, සන්තිපදමනුත්තරං.</div>
                </div>
                <div class="paragraph" para="77">
                    <span class="paranum">77</span>
                    <div class="gatha"> ‘‘තිංසකප්පසහස්සම්හි, බොධිඝරමකාරයිං;</div>
                    <div class="gathalast">දුග්ගතිං 
                        <pb ed="T" n="2.0066"/> නාභිජානාමි, ඝරදානස්සිදං ඵලං.
                    </div>
                </div>
                <div class="paragraph" para="78">
                    <span class="paranum">78</span>
                    <div class="gatha"> ‘‘කිලෙසා 
                        <pb ed="V" n="2.0031"/> ඣාපිතා මය්හං...පෙ.... විහරාමි අනාසවො.
                    </div>
                </div>
                <div class="paragraph" para="79">
                    <span class="paranum">79</span>
                    <div class="gatha"> ‘‘ස්වාගතං වත මෙ ආසි...පෙ.... කතං බුද්ධස්ස සාසනං.</div>
                </div>
                <div class="paragraph" para="80">
                    <span class="paranum">80</span>
                    <div class="gatha"> ‘‘පටිසම්භිදා 
                        <pb ed="P" n="2.0402"/> චතස්සො...පෙ.... කතං බුද්ධස්ස සාසනං’’.
                    </div>
                </div>
                <div class="centre ending">ඉත්ථං සුදං ආයස්මා බොධිඝරදායකො ථෙරො ඉමා ගාථායො අභාසිත්ථාති.</div>
            </div>
            <div class="centre ct_sutta ending">බොධිඝරදායකත්ථෙරස්සාපදානං දසමං.</div>
        </div>
    </div>
    <div class="centre ct_vagga ending">විභීතකවග්ගො පඤ්චචත්තාලීසමො.</div>
    <div class="paragraph udana" para="udana">
        <div class="bodytext ct_vagga">තස්සුද්දානං -</div>
        <div class="ct_vagga gatha">විභීතකී කොලඵලී, බිල්ලභල්ලාතකප්පදො;</div>
        <div class="gathalast ct_vagga">උත්තලම්බටකී චෙව, ආසනී පාදපීඨකො.</div>
        <div class="ct_vagga gatha">වෙදිකො බොධිඝරිකො, ගාථායො ගණිතාපි ච;</div>
        <div class="gathalast ct_vagga">එකූනාසීතිකා සබ්බා, අස්මිං වග්ගෙ පකිත්තිතා.</div>
    </div>
</div>