<div class="chapter ct_nipatha" node-id="50140">
    <span class="chapter ct_nipatha">5. පඤ්චකනිපාතො</span>
    <div class="chapter-contents">
        <div class="title ct_vagga" node-id="50141">
            <span class="title ct_vagga">1. මණිකුණ්ඩලවග්ගො</span>
            <div class="title-contents">
                <div class="subhead ct_sutta" node-id="50144">
                    <span class="subhead ct_sutta">351. මණිකුණ්ඩලජාතකං (5-1-1)</span>
                    <div class="subhead-contents">
                        <div class="paragraph" para="1">
                            <span class="paranum">1</span>
                            <div class="gatha"> ජීනො 
                                <pb ed="T" n="1.0164"/>
                                <pb ed="V" n="1.0102"/>
                                <pb ed="M" n="1.0120"/> රථස්සං මණිකුණ්ඩලෙ ච, පුත්තෙ ච දාරෙ ච තථෙව ජීනො;
                            </div>
                            <div class="gathalast">සබ්බෙසු භොගෙසු අසෙසකෙසු 
                                <span class="note">(අසෙසිතෙසු (සී. පී.), අසෙසිකෙසු (ක.))</span>, කස්මා න සන්තප්පසි සොකකාලෙ.
                            </div>
                        </div>
                        <div class="paragraph" para="2">
                            <span class="paranum">2</span>
                            <div class="gatha"> පුබ්බෙව මච්චං විජහන්ති භොගා, මච්චො වා තෙ 
                                <span class="note">(ච නෙ (පී.), ධනෙ (ක.))</span> පුබ්බතරං ජහාති;
                            </div>
                            <div class="gathalast">අසස්සතා භොගිනො කාමකාමි, තස්මා න සොචාමහං සොකකාලෙ.</div>
                        </div>
                        <div class="paragraph" para="3">
                            <span class="paranum">3</span>
                            <div class="gatha"> උදෙති ආපූරති වෙති 
                                <span class="note">(පූරෙති ඛීයති (ස්‍යා.))</span> චන්දො, අත්ථං තපෙත්වාන 
                                <span class="note">(අන්ධං තපෙත්වාන (ක.), අත්ථඞ්ගමෙත්වාන (ස්‍යා.), එත්ථ ‘‘තපෙත්වාන අත්ථං පලෙතී’’ති සම්බන්ධො)</span> පලෙති සූරියො;
                            </div>
                            <div class="gathalast">විදිතා 
                                <span class="note">(විජිතා (ස්‍යා.))</span> මයා සත්තුක ලොකධම්මා, තස්මා න සොචාමහං සොකකාලෙ.
                            </div>
                        </div>
                        <div class="paragraph" para="4">
                            <span class="paranum">4</span>
                            <div class="gatha"> අලසො ගිහී කාමභොගී න සාධු, අසඤ්ඤතො 
                                <pb ed="T" n="1.0165"/> පබ්බජිතො න සාධු;
                            </div>
                            <div class="gathalast">රාජා න සාධු අනිසම්මකාරී, යො පණ්ඩිතො කොධනො තං න සාධු.</div>
                        </div>
                        <div class="paragraph" para="5">
                            <span class="paranum">5</span>
                            <div class="gatha"> නිසම්ම ඛත්තියො කයිරා, නානිසම්ම දිසම්පති;</div>
                            <div class="gathalast">නිසම්මකාරිනො රාජ 
                                <span class="note">(රඤ්ඤො (සී. ස්‍යා.))</span>, යසො කිත්ති ච වඩ්ඪතීති.
                            </div>
                        </div>
                    </div>
                    <div class="centre ct_sutta ending">මණිකුණ්ඩලජාතකං පඨමං.</div>
                </div>
                <div class="subhead ct_sutta" node-id="50145">
                    <span class="subhead ct_sutta">352. සුජාතජාතකං (5-1-2)</span>
                    <div class="subhead-contents">
                        <div class="paragraph" para="6">
                            <span class="paranum">6</span>
                            <div class="gatha"> කිං 
                                <pb ed="M" n="1.0121"/> නු සන්තරමානොව, ලායිත්වා හරිතං තිණං;
                            </div>
                            <div class="gathalast">ඛාද ඛාදාති ලපසි, ගතසත්තං ජරග්ගවං.</div>
                        </div>
                        <div class="paragraph" para="7">
                            <span class="paranum">7</span>
                            <div class="gatha"> න හි අන්නෙන පානෙන, මතො ගොණො සමුට්ඨහෙ;</div>
                            <div class="gathalast">ත්වඤ්ච තුච්ඡං විලපසි, යථා තං දුම්මතී තථා.</div>
                        </div>
                        <div class="paragraph" para="8">
                            <span class="paranum">8</span>
                            <div class="gatha"> තථෙව තිට්ඨති සීසං, හත්ථපාදා ච වාලධි;</div>
                            <div class="gathalast">සොතා තථෙව තිට්ඨන්ති 
                                <span class="note">(සො තාත තථෙව තිට්ඨති (ක.))</span>, මඤ්ඤෙ ගොණො සමුට්ඨහෙ.
                            </div>
                        </div>
                        <div class="paragraph" para="9">
                            <span class="paranum">9</span>
                            <div class="gatha"> නෙවය්‍යකස්ස සීසඤ්ච 
                                <span class="note">(සීසං වා (සී. ස්‍යා. පී.))</span>, හත්ථපාදා ච දිස්සරෙ;
                            </div>
                            <div class="gathalast">රුදං මත්තිකථූපස්මිං, නනු ත්වඤ්ඤෙව දුම්මති.</div>
                        </div>
                        <div class="paragraph" para="10">
                            <span class="paranum">10</span>
                            <div class="gatha"> ආදිත්තං 
                                <pb ed="V" n="1.0103"/> වත මං සන්තං, ඝතසිත්තංව පාවකං;
                            </div>
                            <div class="gathalast">වාරිනා විය ඔසිඤ්චං 
                                <span class="note">(ඔසිඤ්චි (ක.))</span>, සබ්බං නිබ්බාපයෙ දරං.
                            </div>
                        </div>
                        <div class="paragraph" para="11">
                            <span class="paranum">11</span>
                            <div class="gatha"> අබ්බහී 
                                <span class="note">(අබ්බූළ්හං (සී. ස්‍යා.), අබ්භූළ්හං (ක.))</span> වත මෙ සල්ලං, යමාසි හදයස්සිතං 
                                <span class="note">(සොකං හදයනිස්සිතං (සී. ස්‍යා.))</span>;
                            </div>
                            <div class="gathalast">යො 
                                <pb ed="T" n="1.0166"/> මෙ සොකපරෙතස්ස, පිතු සොකං අපානුදි.
                            </div>
                        </div>
                        <div class="paragraph" para="12">
                            <span class="paranum">12</span>
                            <div class="gatha"> සොහං අබ්බූළ්හසල්ලොස්මි, වීතසොකො අනාවිලො;</div>
                            <div class="gathalast">න සොචාමි න රොදාමි, තව සුත්වාන මාණව.</div>
                        </div>
                        <div class="paragraph" para="13">
                            <span class="paranum">13</span>
                            <div class="gatha"> එවං කරොන්ති සප්පඤ්ඤා, යෙ හොන්ති අනුකම්පකා;</div>
                            <div class="gathalast">විනිවත්තෙන්ති සොකම්හා, සුජාතො පිතරං යථාති.</div>
                        </div>
                    </div>
                    <div class="centre ct_sutta ending">සුජාතජාතකං දුතියං.</div>
                </div>
                <div class="subhead ct_sutta" node-id="50146">
                    <span class="subhead ct_sutta">353. වෙනසාඛජාතකං (5-1-3)</span>
                    <div class="subhead-contents">
                        <div class="paragraph" para="14">
                            <span class="paranum">14</span>
                            <div class="gatha"> නයිදං නිච්චං භවිතබ්බං බ්‍රහ්මදත්ත, ඛෙමං සුභික්ඛං සුඛතා ච කායෙ;</div>
                            <div class="gathalast">අත්ථච්චයෙ මා අහු සම්පමූළ්හො, භින්නප්ලවො සාගරස්සෙව මජ්ඣෙ.</div>
                        </div>
                        <div class="paragraph" para="15">
                            <span class="paranum">15</span>
                            <div class="gatha"> යානි 
                                <pb ed="M" n="1.0122"/> කරොති පුරිසො, තානි අත්තනි පස්සති;
                            </div>
                            <div class="gatha">කල්‍යාණකාරී කල්‍යාණං, පාපකාරී ච පාපකං;</div>
                            <div class="gathalast">යාදිසං වපතෙ බීජං, තාදිසං හරතෙ ඵලං.</div>
                        </div>
                        <div class="paragraph" para="16">
                            <span class="paranum">16</span>
                            <div class="gatha"> ඉදං තදාචරියවචො, පාරාසරියො යදබ්‍රවි;</div>
                            <div class="gathalast">මා සු 
                                <span class="note">(මා ස්සු (සී. ස්‍යා. පී.))</span> ත්වං අකරි පාපං, යං ත්වං පච්ඡා කතං තපෙ.
                            </div>
                        </div>
                        <div class="paragraph" para="17">
                            <span class="paranum">17</span>
                            <div class="gatha"> අයමෙව සො පිඞ්ගිය 
                                <span class="note">(සො පිඞ්ගියො (ස්‍යා.), සොපි භිය්‍යො (ක.))</span> වෙනසාඛො, 
                                <span class="note">(ධොනසාඛො (ක. සී. පී.))</span> යම්හි 
                                <pb ed="T" n="1.0167"/> ඝාතයිං ඛත්තියානං සහස්සං;
                            </div>
                            <div class="gathalast">අලඞ්කතෙ චන්දනසාරානුලිත්තෙ, තමෙව දුක්ඛං පච්චාගතං මමං.</div>
                        </div>
                        <div class="paragraph" para="18">
                            <span class="paranum">18</span>
                            <div class="gatha"> සාමා ච 
                                <span class="note">(සාමාපි (සී. ස්‍යා.))</span> ඛො චන්දනලිත්තගත්තා 
                                <span class="note">(ගත්තී (ක. සී. ස්‍යා. පී.))</span>, ලට්ඨීව සොභඤ්ජනකස්ස උග්ගතා;
                            </div>
                            <div class="gathalast">අදිස්වා 
                                <span class="note">(අදිස්වාව (සී.))</span> කාලං කරිස්සාමි උබ්බරිං, තං මෙ ඉතො දුක්ඛතරං භවිස්සතීති.
                            </div>
                        </div>
                    </div>
                    <div class="centre ct_sutta ending">වෙනසාඛජාතකං 
                        <span class="note">(ධොනසාඛජාතකං (ක. සී. පී.))</span> තතියං.
                    </div>
                </div>
                <div class="subhead ct_sutta" node-id="50147">
                    <span class="subhead ct_sutta">354. උරගජාතකං (5-1-4)</span>
                    <div class="subhead-contents">
                        <div class="paragraph" para="19">
                            <span class="paranum">19</span>
                            <div class="gatha"> උරගොව තචං ජිණ්ණං, හිත්වා ගච්ඡති සං තනුං;</div>
                            <div class="gathalast">එවං සරීරෙ නිබ්භොගෙ, පෙතෙ කාලඞ්කතෙ සති.</div>
                        </div>
                        <div class="paragraph" para="20">
                            <span class="paranum">20</span>
                            <div class="gatha"> ඩය්හමානො න ජානාති, ඤාතීනං පරිදෙවිතං;</div>
                            <div class="gathalast">තස්මා එතං න සොචාමි, ගතො සො තස්ස යා ගති.</div>
                        </div>
                        <div class="paragraph" para="21">
                            <span class="paranum">21</span>
                            <div class="gatha"> අනව්හිතො 
                                <pb ed="V" n="1.0104"/> තතො ආගා, අනනුඤ්ඤාතො 
                                <span class="note">(නානුඤ්ඤාතො (ක.))</span> ඉතො ගතො;
                            </div>
                            <div class="gathalast">යථාගතො තථා ගතො, තත්ථ කා පරිදෙවනා.</div>
                        </div>
                        <div class="paragraph" para="22">
                            <span class="paranum">22</span>
                            <div class="gatha"> ඩය්හමානො න ජානාති, ඤාතීනං පරිදෙවිතං;</div>
                            <div class="gathalast">තස්මා එතං න සොචාමි, ගතො සො තස්ස යා ගති.</div>
                        </div>
                        <div class="paragraph" para="23">
                            <span class="paranum">23</span>
                            <div class="gatha"> සචෙ රොදෙ කිසා 
                                <span class="note">(කිසී (පී.))</span> අස්සං, තස්සා මෙ කිං ඵලං සියා;
                            </div>
                            <div class="gathalast">ඤාතිමිත්තසුහජ්ජානං 
                                <pb ed="T" n="1.0168"/>, භිය්‍යො නො අරතී සියා.
                            </div>
                        </div>
                        <div class="paragraph" para="24">
                            <span class="paranum">24</span>
                            <div class="gatha"> ඩය්හමානො 
                                <pb ed="M" n="1.0123"/> න ජානාති, ඤාතීනං පරිදෙවිතං;
                            </div>
                            <div class="gathalast">තස්මා එතං න සොචාමි, ගතො සො තස්ස යා ගති.</div>
                        </div>
                        <div class="paragraph" para="25">
                            <span class="paranum">25</span>
                            <div class="gatha"> යථාපි දාරකො චන්දං, ගච්ඡන්තමනුරොදති;</div>
                            <div class="gathalast">එවං සම්පදමෙවෙතං, යො පෙතමනුසොචති.</div>
                        </div>
                        <div class="paragraph" para="26">
                            <span class="paranum">26</span>
                            <div class="gatha"> ඩය්හමානො න ජානාති, ඤාතීනං පරිදෙවිතං;</div>
                            <div class="gathalast">තස්මා එතං න සොචාමි, ගතො සො තස්ස යා ගති.</div>
                        </div>
                        <div class="paragraph" para="27">
                            <span class="paranum">27</span>
                            <div class="gatha"> යථාපි උදකකුම්භො, භින්නො අප්පටිසන්ධියො;</div>
                            <div class="gathalast">එවං සම්පදමෙවෙතං, යො පෙතමනුසොචති.</div>
                        </div>
                        <div class="paragraph" para="28">
                            <span class="paranum">28</span>
                            <div class="gatha"> ඩය්හමානො න ජානාති, ඤාතීනං පරිදෙවිතං;</div>
                            <div class="gathalast">තස්මා එතං න සොචාමි, ගතො සො තස්ස යා ගතීති.</div>
                        </div>
                    </div>
                    <div class="centre ct_sutta ending">උරගජාතකං චතුත්ථං.</div>
                </div>
                <div class="subhead ct_sutta" node-id="50148">
                    <span class="subhead ct_sutta">355. ඝටජාතකං (5-1-5)</span>
                    <div class="subhead-contents">
                        <div class="paragraph" para="29">
                            <span class="paranum">29</span>
                            <div class="gatha"> අඤ්ඤෙ සොචන්ති රොදන්ති, අඤ්ඤෙ අස්සුමුඛා ජනා;</div>
                            <div class="gathalast">පසන්නමුඛවණ්ණොසි, කස්මා ඝට 
                                <span class="note">(ඝත (සී. පී.))</span> න සොචසි.
                            </div>
                        </div>
                        <div class="paragraph" para="30">
                            <span class="paranum">30</span>
                            <div class="gatha"> නාබ්භතීතහරො සොකො, නානාගතසුඛාවහො;</div>
                            <div class="gathalast">තස්මා ධඞ්ක 
                                <span class="note">(වංක (පී.))</span> න සොචාමි, නත්ථි සොකෙ දුතීයතා 
                                <span class="note">(සොකො දුතීයකා (ක.))</span>.
                            </div>
                        </div>
                        <div class="paragraph" para="31">
                            <span class="paranum">31</span>
                            <div class="gatha"> සොචං පණ්ඩු කිසො හොති, භත්තඤ්චස්ස න රුච්චති;</div>
                            <div class="gathalast">අමිත්තා සුමනා හොන්ති, සල්ලවිද්ධස්ස රුප්පතො.</div>
                        </div>
                        <div class="paragraph" para="32">
                            <span class="paranum">32</span>
                            <div class="gatha"> ගාමෙ 
                                <pb ed="T" n="1.0169"/> වා යදි වාරඤ්ඤෙ, නින්නෙ වා යදි වා ථලෙ;
                            </div>
                            <div class="gathalast">ඨිතං මං නාගමිස්සති, එවං දිට්ඨපදො අහං.</div>
                        </div>
                        <div class="paragraph" para="33">
                            <span class="paranum">33</span>
                            <div class="gatha"> යස්සත්තා නාලමෙකොව, සබ්බකාමරසාහරො;</div>
                            <div class="gathalast">සබ්බාපි පථවී තස්ස, න සුඛං ආවහිස්සතීති.</div>
                        </div>
                    </div>
                    <div class="centre ct_sutta ending">ඝටජාතකං පඤ්චමං.</div>
                </div>
                <div class="subhead ct_sutta" node-id="50149">
                    <span class="subhead ct_sutta">356. කොරණ්ඩියජාතකං (5-1-6)</span>
                    <div class="subhead-contents">
                        <div class="paragraph" para="34">
                            <span class="paranum">34</span>
                            <div class="gatha"> එකො 
                                <pb ed="V" n="1.0105"/>
                                <pb ed="M" n="1.0124"/> අරඤ්ඤෙ ගිරිකන්දරායං, පග්ගය්හ පග්ගය්හ සිලං පවෙච්ඡසි 
                                <span class="note">(පවෙජ්ඣසි (ස්‍යා. සී. අට්ඨ.))</span>;
                            </div>
                            <div class="gathalast">පුනප්පුනං සන්තරමානරූපො, කොරණ්ඩිය 
                                <span class="note">(කාරණ්ඩිය (සී. ස්‍යා. පී.))</span> කො නු තව යිධත්ථො.
                            </div>
                        </div>
                        <div class="paragraph" para="35">
                            <span class="paranum">35</span>
                            <div class="gatha"> අහඤ්හිමං සාගර සෙවිතන්තං, සමං කරිස්සාමි යථාපි පාණි;</div>
                            <div class="gathalast">විකිරිය සානූනි ච පබ්බතානි ච, තස්මා සිලං දරියා පක්ඛිපාමි.</div>
                        </div>
                        <div class="paragraph" para="36">
                            <span class="paranum">36</span>
                            <div class="gatha"> නයිමං මහිං අරහති පාණිකප්පං, සමං මනුස්සො කරණාය මෙකො;</div>
                            <div class="gathalast">මඤ්ඤාමිමඤ්ඤෙව දරිං ජිගීසං 
                                <span class="note">(ජිගිංසං (සී. ස්‍යා. පී.))</span>, කොරණ්ඩිය 
                                <pb ed="T" n="1.0170"/> හාහසි 
                                <span class="note">(හායසි (ස්‍යා. ක.))</span> ජීවලොකං.
                            </div>
                        </div>
                        <div class="paragraph" para="37">
                            <span class="paranum">37</span>
                            <div class="gatha"> සචෙ අහං 
                                <span class="note">(අයං (සී. ස්‍යා. පී.))</span> භූතධරං න සක්කා 
                                <span class="note">(සක්කො (ස්‍යා. ක.))</span>, සමං මනුස්සො කරණාය මෙකො;
                            </div>
                            <div class="gathalast">එවමෙව ත්වං බ්‍රහ්මෙ ඉමෙ මනුස්සෙ, නානාදිට්ඨිකෙ නානයිස්සසි තෙ 
                                <span class="note">(නෙ (ක.))</span>.
                            </div>
                        </div>
                        <div class="paragraph" para="38">
                            <span class="paranum">38</span>
                            <div class="gatha"> සඞ්ඛිත්තරූපෙන භවං මමත්ථං, අක්ඛාසි කොරණ්ඩිය එවමෙතං;</div>
                            <div class="gathalast">යථා න සක්කා පථවී සමායං, කත්තුං මනුස්සෙන තථා මනුස්සාති.</div>
                        </div>
                    </div>
                    <div class="centre ct_sutta ending">කොරණ්ඩියජාතකං ඡට්ඨං.</div>
                </div>
                <div class="subhead ct_sutta" node-id="501410">
                    <span class="subhead ct_sutta">357. ලටුකිකජාතකං (5-1-7)</span>
                    <div class="subhead-contents">
                        <div class="paragraph" para="39">
                            <span class="paranum">39</span>
                            <div class="gatha"> වන්දාමි තං කුඤ්ජර සට්ඨිහායනං, ආරඤ්ඤකං යූථපතිං යසස්සිං;</div>
                            <div class="gathalast">පක්ඛෙහි තං පඤ්ජලිකං කරොමි, මා මෙ වධී පුත්තකෙ දුබ්බලාය.</div>
                        </div>
                        <div class="paragraph" para="40">
                            <span class="paranum">40</span>
                            <div class="gatha"> වන්දාමි 
                                <pb ed="M" n="1.0125"/> තං කුඤ්ජර එකචාරිං, ආරඤ්ඤකං පබ්බතසානුගොචරං;
                            </div>
                            <div class="gathalast">පක්ඛෙහි තං පඤ්ජලිකං කරොමි, මා 
                                <pb ed="T" n="1.0171"/> මෙ වධී පුත්තකෙ දුබ්බලාය;
                            </div>
                        </div>
                        <div class="paragraph" para="41">
                            <span class="paranum">41</span>
                            <div class="gatha"> වමිස්සාමි තෙ ලටුකිකෙ පුත්තකානි, කිං මෙ තුවං කාහසි දුබ්බලාසි;</div>
                            <div class="gathalast">සතං සහස්සානිපි තාදිසීනං, වාමෙන පාදෙන පපොථයෙය්‍යං.</div>
                        </div>
                        <div class="paragraph" para="42">
                            <span class="paranum">42</span>
                            <div class="gatha"> න හෙව සබ්බත්ථ බලෙන කිච්චං, බලඤ්හි බාලස්ස වධාය හොති;</div>
                            <div class="gathalast">කරිස්සාමි තෙ නාගරාජා අනත්ථං, යො මෙ වධී පුත්තකෙ දුබ්බලාය.</div>
                        </div>
                        <div class="paragraph" para="43">
                            <span class="paranum">43</span>
                            <div class="gatha"> කාකඤ්ච පස්ස ලටුකිකං, මණ්ඩූකං නීලමක්ඛිකං;</div>
                            <div class="gatha">එතෙ නාගං අඝාතෙසුං, පස්ස වෙරස්ස වෙරිනං;</div>
                            <div class="gathalast">තස්මා හි වෙරං න කයිරාථ, අප්පියෙනපි කෙනචීති.</div>
                        </div>
                    </div>
                    <div class="centre ct_sutta ending">ලටුකිකජාතකං සත්තමං.</div>
                </div>
                <div class="subhead ct_sutta" node-id="501411">
                    <span class="subhead ct_sutta">358. චූළධම්මපාලජාතකං (5-1-8)</span>
                    <div class="subhead-contents">
                        <div class="paragraph" para="44">
                            <span class="paranum">44</span>
                            <div class="gatha"> අහමෙව 
                                <pb ed="V" n="1.0106"/> දූසියා භූනහතා, රඤ්ඤො මහාපතාපස්ස;
                            </div>
                            <div class="gathalast">එතං මුඤ්චතු ධම්මපාලං, හත්ථෙ මෙ දෙව ඡෙදෙහි.</div>
                        </div>
                        <div class="paragraph" para="45">
                            <span class="paranum">45</span>
                            <div class="gatha"> අහමෙව දූසියා භූනහතා, රඤ්ඤො මහාපතාපස්ස;</div>
                            <div class="gathalast">එතං මුඤ්චතු ධම්මපාලං, පාදෙ මෙ දෙව ඡෙදෙහි.</div>
                        </div>
                        <div class="paragraph" para="46">
                            <span class="paranum">46</span>
                            <div class="gatha"> අහමෙව දූසියා භූනහතා, රඤ්ඤො මහාපතාපස්ස;</div>
                            <div class="gathalast">එතං 
                                <pb ed="T" n="1.0172"/> මුඤ්චතු ධම්මපාලං, සීසං මෙ දෙව ඡෙදෙහි.
                            </div>
                        </div>
                        <div class="paragraph" para="47">
                            <span class="paranum">47</span>
                            <div class="gatha"> න හි 
                                <span class="note">(නහ (සී. ස්‍යා. පී.) එත්ථ හ-කාරො ඛෙදෙ)</span> නූනිමස්ස රඤ්ඤො, මිත්තාමච්චා ච විජ්ජරෙ සුහදා;
                            </div>
                            <div class="gathalast">යෙ න වදන්ති රාජානං, මා ඝාතයි ඔරසං පුත්තං.</div>
                        </div>
                        <div class="paragraph" para="48">
                            <span class="paranum">48</span>
                            <div class="gatha"> න හි 
                                <span class="note">(නහ (සී. ස්‍යා. පී.) එත්ථ හ-කාරො ඛෙදෙ)</span> නූනිමස්ස රඤ්ඤො, ඤාතී මිත්තා ච විජ්ජරෙ සුහදා;
                            </div>
                            <div class="gathalast">යෙ න වදන්ති රාජානං, මා ඝාතයි අත්‍රජං පුත්තං.</div>
                        </div>
                        <div class="paragraph" para="49">
                            <span class="paranum">49</span>
                            <div class="gatha"> චන්දනසාරානුලිත්තා 
                                <pb ed="M" n="1.0126"/>, බාහා ඡිජ්ජන්ති ධම්මපාලස්ස;
                            </div>
                            <div class="gathalast">දායාදස්ස පථබ්‍යා, පාණා මෙ දෙව රුජ්ඣන්තීති.</div>
                        </div>
                    </div>
                    <div class="centre ct_sutta ending">චූළධම්මපාලජාතකං අට්ඨමං.</div>
                </div>
                <div class="subhead ct_sutta" node-id="501412">
                    <span class="subhead ct_sutta">359. සුවණ්ණමිගජාතකං (5-1-9)</span>
                    <div class="subhead-contents">
                        <div class="paragraph" para="50">
                            <span class="paranum">50</span>
                            <div class="gatha"> වික්කම රෙ හරිපාද 
                                <span class="note">(මහාමිග (සී. ස්‍යා. පී.))</span>, වික්කම රෙ මහාමිග 
                                <span class="note">(හරීපද (සී. ස්‍යා. පී.))</span>;
                            </div>
                            <div class="gathalast">ඡින්ද වාරත්තිකං පාසං, නාහං එකා වනෙ රමෙ.</div>
                        </div>
                        <div class="paragraph" para="51">
                            <span class="paranum">51</span>
                            <div class="gatha"> වික්කමාමි න පාරෙමි, භූමිං සුම්භාමි වෙගසා;</div>
                            <div class="gathalast">දළ්හො වාරත්තිකො පාසො, පාදං මෙ පරිකන්තති.</div>
                        </div>
                        <div class="paragraph" para="52">
                            <span class="paranum">52</span>
                            <div class="gatha"> අත්ථරස්සු පලාසානි, අසිං නිබ්බාහ ලුද්දක;</div>
                            <div class="gathalast">පඨමං මං වධිත්වාන, හන පච්ඡා මහාමිගං.</div>
                        </div>
                        <div class="paragraph" para="53">
                            <span class="paranum">53</span>
                            <div class="gatha"> න මෙ සුතං වා දිට්ඨං වා, භාසන්තිං මානුසිං මිගිං 
                                <span class="note">(න මෙ සුතා වා දිට්ඨා වා, භාසන්තී මානුසිං මිගී (ටීකා))</span>;
                            </div>
                            <div class="gathalast">ත්වඤ්ච භද්දෙ සුඛී හොහි, එසො චාපි මහාමිගො.</div>
                        </div>
                        <div class="paragraph" para="54">
                            <span class="paranum">54</span>
                            <div class="gatha"> එවං ලුද්දක නන්දස්සු, සහ සබ්බෙහි ඤාතිභි;</div>
                            <div class="gathalast">යථාහමජ්ජ 
                                <pb ed="T" n="1.0173"/> නන්දාමි, මුත්තං දිස්වා මහාමිගන්ති.
                            </div>
                        </div>
                    </div>
                    <div class="centre ct_sutta ending">සුවණ්ණමිගජාතකං නවමං.</div>
                </div>
                <div class="subhead ct_sutta" node-id="501413">
                    <span class="subhead ct_sutta">360. සුයොනන්දීජාතකං (5-1-10)</span>
                    <div class="subhead-contents">
                        <div class="paragraph" para="55">
                            <span class="paranum">55</span>
                            <div class="gatha"> වාති 
                                <pb ed="V" n="1.0107"/> ගන්ධො තිමිරානං, කුසමුද්දො ච 
                                <span class="note">(ව (ස්‍යා. පී.))</span> ඝොසවා;
                            </div>
                            <div class="gathalast">දූරෙ ඉතො සුයොනන්දී 
                                <span class="note">(ඉතො හි සුසන්දී (සී. ස්‍යා.), ඉතොපි සුස්සොන්දී (පී.))</span>, තම්බකාමා තුදන්ති මං.
                            </div>
                        </div>
                        <div class="paragraph" para="56">
                            <span class="paranum">56</span>
                            <div class="gatha"> කථං සමුද්දමතරි, කථං අද්දක්ඛි සෙදුමං 
                                <span class="note">(සෙරුමං (සී. ස්‍යා. පී.))</span>;
                            </div>
                            <div class="gathalast">කථං තස්සා ච තුය්හඤ්ච, අහු සග්ග 
                                <span class="note">(අග්ග (සී. ස්‍යා.))</span> සමාගමො.
                            </div>
                        </div>
                        <div class="paragraph" para="57">
                            <span class="paranum">57</span>
                            <div class="gatha"> කුරුකච්ඡා 
                                <span class="note">(භරුකච්ඡා (සී. ස්‍යා. පී.))</span> පයාතානං, වාණිජානං ධනෙසිනං;
                            </div>
                            <div class="gathalast">මකරෙහි අභිදා 
                                <span class="note">(මකරෙහිබ්භිදා (සී.), මකරෙහි’භිදා (ස්‍යා.), මකරෙහි භින්නා (පී.))</span> නාවා, ඵලකෙනාහමප්ලවිං.
                            </div>
                        </div>
                        <div class="paragraph" para="58">
                            <span class="paranum">58</span>
                            <div class="gatha"> සා 
                                <pb ed="M" n="1.0127"/> මං සණ්හෙන මුදුනා, නිච්චං චන්දනගන්ධිනී;
                            </div>
                            <div class="gathalast">අඞ්ගෙන 
                                <span class="note">(අඞ්කෙන (පී. ක.))</span> උද්ධරී භද්දා, මාතා පුත්තංව ඔරසං.
                            </div>
                        </div>
                        <div class="paragraph" para="59">
                            <span class="paranum">59</span>
                            <div class="gatha"> සා මං අන්නෙන පානෙන, වත්ථෙන සයනෙන ච;</div>
                            <div class="gathalast">අත්තනාපි ච මන්දක්ඛී, එවං තම්බ විජානාහීති.</div>
                        </div>
                    </div>
                    <div class="centre ct_sutta ending">සුයොනන්දීජාතකං දසමං.</div>
                </div>
            </div>
            <div class="centre ct_vagga ending">මණිකුණ්ඩලවග්ගො පඨමො.</div>
            <div class="paragraph udana" para="udana">
                <div class="bodytext ct_vagga">තස්සුද්දානං -</div>
                <div class="ct_vagga gatha">අථ ජිනවරො හරිතං තිණකො, අථ 
                    <pb ed="T" n="1.0174"/> භින්නප්ලවො උරගොව ඝටො;
                </div>
                <div class="gathalast ct_vagga">දරියා පුන කුඤ්ජර භූනහතා, මිගමුත්තමසග්ගවරෙන දසාති.</div>
            </div>
        </div>
        <div class="title ct_vagga" node-id="50142">
            <span class="title ct_vagga">2. වණ්ණාරොහවග්ගො</span>
            <div class="title-contents">
                <div class="subhead ct_sutta" node-id="501414">
                    <span class="subhead ct_sutta">361. වණ්ණාරොහජාතකං (5-2-1)</span>
                    <div class="subhead-contents">
                        <div class="paragraph" para="60">
                            <span class="paranum">60</span>
                            <div class="gatha"> වණ්ණාරොහෙන ජාතියා, බලනික්කමනෙන ච;</div>
                            <div class="gathalast">සුබාහු න මයා සෙය්‍යො, සුදාඨ ඉති භාසසි.</div>
                        </div>
                        <div class="paragraph" para="61">
                            <span class="paranum">61</span>
                            <div class="gatha"> වණ්ණාරොහෙන ජාතියා, බලනික්කමනෙන ච;</div>
                            <div class="gathalast">සුදාඨො න මයා සෙය්‍යො, සුබාහු ඉති භාසසි.</div>
                        </div>
                        <div class="paragraph" para="62">
                            <span class="paranum">62</span>
                            <div class="gatha"> එවං චෙ මං විහරන්තං, සුබාහු සම්ම දුබ්භසි;</div>
                            <div class="gathalast">න දානාහං තයා සද්ධිං, සංවාසමභිරොචයෙ.</div>
                        </div>
                        <div class="paragraph" para="63">
                            <span class="paranum">63</span>
                            <div class="gatha"> යො 
                                <pb ed="V" n="1.0108"/> පරෙසං වචනානි, සද්දහෙය්‍ය 
                                <span class="note">(සද්දහෙථ (සී. ස්‍යා. පී.))</span> යථාතථං;
                            </div>
                            <div class="gathalast">ඛිප්පං භිජ්ජෙථ මිත්තස්මිං, වෙරඤ්ච පසවෙ බහුං.</div>
                        </div>
                        <div class="paragraph" para="64">
                            <span class="paranum">64</span>
                            <div class="gatha"> න 
                                <pb ed="M" n="1.0128"/> සො මිත්තො යො සදා අප්පමත්තො, භෙදාසඞ්කී රන්ධමෙවානුපස්සී;
                            </div>
                            <div class="gathalast">යස්මිඤ්ච සෙතී උරසීව පුත්තො, ස වෙ මිත්තො යො අභෙජ්ජො පරෙහීති.</div>
                        </div>
                    </div>
                    <div class="centre ct_sutta ending">වණ්ණාරොහජාතකං පඨමං.</div>
                </div>
                <div class="subhead ct_sutta" node-id="501415">
                    <span class="subhead ct_sutta">362. සීලවීමංසජාතකං (5-2-2)</span>
                    <div class="subhead-contents">
                        <div class="paragraph" para="65">
                            <span class="paranum">65</span>
                            <div class="gatha"> සීලං 
                                <pb ed="T" n="1.0175"/> සෙය්‍යො සුතං සෙය්‍යො, ඉති මෙ සංසයො අහු;
                            </div>
                            <div class="gathalast">සීලමෙව සුතා සෙය්‍යො, ඉති මෙ නත්ථි සංසයො.</div>
                        </div>
                        <div class="paragraph" para="66">
                            <span class="paranum">66</span>
                            <div class="gatha"> මොඝා ජාති ච වණ්ණො ච, සීලමෙව කිරුත්තමං;</div>
                            <div class="gathalast">සීලෙන අනුපෙතස්ස, සුතෙනත්ථො න විජ්ජති.</div>
                        </div>
                        <div class="paragraph" para="67">
                            <span class="paranum">67</span>
                            <div class="gatha"> ඛත්තියො ච අධම්මට්ඨො, වෙස්සො චාධම්මනිස්සිතො;</div>
                            <div class="gathalast">තෙ පරිච්චජ්ජුභො ලොකෙ, උපපජ්ජන්ති දුග්ගතිං.</div>
                        </div>
                        <div class="paragraph" para="68">
                            <span class="paranum">68</span>
                            <div class="gatha"> ඛත්තියා බ්‍රාහ්මණා වෙස්සා, සුද්දා චණ්ඩාලපුක්කුසා;</div>
                            <div class="gathalast">ඉධ ධම්මං චරිත්වාන, භවන්ති තිදිවෙ සමා.</div>
                        </div>
                        <div class="paragraph" para="69">
                            <span class="paranum">69</span>
                            <div class="gatha"> න වෙදා සම්පරායාය, න ජාති නාපි 
                                <span class="note">(නොපි (පී.))</span> බන්ධවා;
                            </div>
                            <div class="gathalast">සකඤ්ච සීලං සංසුද්ධං, සම්පරායාය සුඛාය චාති 
                                <span class="note">(සුඛාවහන්ති (සී. ස්‍යා.))</span>.
                            </div>
                        </div>
                    </div>
                    <div class="centre ct_sutta ending">සීලවීමංසජාතකං දුතියං.</div>
                </div>
                <div class="subhead ct_sutta" node-id="501416">
                    <span class="subhead ct_sutta">363. හිරිජාතකං (5-2-3)</span>
                    <div class="subhead-contents">
                        <div class="paragraph" para="70">
                            <span class="paranum">70</span>
                            <div class="gatha"> හිරිං තරන්තං විජිගුච්ඡමානං, තවාහමස්මී ඉති භාසමානං;</div>
                            <div class="gathalast">සෙය්‍යානි කම්මානි අනාදියන්තං, නෙසො මමන්ති ඉති නං විජඤ්ඤා.</div>
                        </div>
                        <div class="paragraph" para="71">
                            <span class="paranum">71</span>
                            <div class="gatha"> යඤ්හි කයිරා තඤ්හි වදෙ, යං න කයිරා න තං වදෙ;</div>
                            <div class="gathalast">අකරොන්තං 
                                <pb ed="T" n="1.0176"/> භාසමානං, පරිජානන්ති පණ්ඩිතා.
                            </div>
                        </div>
                        <div class="paragraph" para="72">
                            <span class="paranum">72</span>
                            <div class="gatha"> න 
                                <pb ed="M" n="1.0129"/> සො මිත්තො යො සදා අප්පමත්තො, භෙදාසඞ්කී රන්ධමෙවානුපස්සී;
                            </div>
                            <div class="gathalast">යස්මිඤ්ච සෙතී උරසීව පුත්තො, ස වෙ මිත්තො යො අභෙජ්ජො පරෙහි.</div>
                        </div>
                        <div class="paragraph" para="73">
                            <span class="paranum">73</span>
                            <div class="gatha"> පාමොජ්ජකරණං ඨානං, පසංසාවහනං සුඛං;</div>
                            <div class="gathalast">ඵලානිසංසො භාවෙති, වහන්තො පොරිසං ධුරං.</div>
                        </div>
                        <div class="paragraph" para="74">
                            <span class="paranum">74</span>
                            <div class="gatha"> පවිවෙකරසං 
                                <pb ed="V" n="1.0109"/> පිත්වා, රසං උපසමස්ස ච;
                            </div>
                            <div class="gathalast">නිද්දරො හොති නිප්පාපො, ධම්මප්පීතිරසං පිවන්ති.</div>
                        </div>
                    </div>
                    <div class="centre ct_sutta ending">හිරිජාතකං තතියං.</div>
                </div>
                <div class="subhead ct_sutta" node-id="501417">
                    <span class="subhead ct_sutta">364. ඛජ්ජොපනකජාතකං (5-2-4)</span>
                    <div class="subhead-contents">
                        <div class="paragraph" para="75">
                            <span class="paranum">75</span>
                            <div class="gatha"> කො නු සන්තම්හි පජ්ජොතෙ, අග්ගිපරියෙසනං චරං;</div>
                            <div class="gathalast">අද්දක්ඛි රත්ති 
                                <span class="note">(රත්තිං (ස්‍යා.))</span> ඛජ්ජොතං, ජාතවෙදං අමඤ්ඤථ.
                            </div>
                        </div>
                        <div class="paragraph" para="76">
                            <span class="paranum">76</span>
                            <div class="gatha"> ස්වස්ස ගොමයචුණ්ණානි, අභිමත්ථං තිණානි ච;</div>
                            <div class="gathalast">විපරීතාය සඤ්ඤාය, නාසක්ඛි පජ්ජලෙතවෙ.</div>
                        </div>
                        <div class="paragraph" para="77">
                            <span class="paranum">77</span>
                            <div class="gatha"> එවම්පි අනුපායෙන, අත්ථං න ලභතෙ මිගො 
                                <span class="note">(මූගො (ස්‍යා.))</span>;
                            </div>
                            <div class="gathalast">විසාණතො ගවං දොහං, යත්ථ ඛීරං න වින්දති.</div>
                        </div>
                        <div class="paragraph" para="78">
                            <span class="paranum">78</span>
                            <div class="gatha"> විවිධෙහි උපායෙහි, අත්ථං පප්පොන්ති මාණවා;</div>
                            <div class="gathalast">නිග්ගහෙන අමිත්තානං, මිත්තානං පග්ගහෙන ච.</div>
                        </div>
                        <div class="paragraph" para="79">
                            <span class="paranum">79</span>
                            <div class="gatha"> සෙනාමොක්ඛපලාභෙන 
                                <pb ed="T" n="1.0177"/>
                                <span class="note">(සෙනී මොක්ඛූපලාභෙන (ස්‍යා.))</span>, වල්ලභානං නයෙන ච;
                            </div>
                            <div class="gathalast">ජගතිං ජගතිපාලා, ආවසන්ති වසුන්ධරන්ති.</div>
                        </div>
                    </div>
                    <div class="centre ct_sutta ending">ඛජ්ජොපනකජාතකං චතුත්ථං.</div>
                </div>
                <div class="subhead ct_sutta" node-id="501418">
                    <span class="subhead ct_sutta">365. අහිතුණ්ඩිකජාතකං (5-2-5)</span>
                    <div class="subhead-contents">
                        <div class="paragraph" para="80">
                            <span class="paranum">80</span>
                            <div class="gatha"> ධුත්තොම්හි සම්ම සුමුඛ, ජූතෙ අක්ඛපරාජිතො;</div>
                            <div class="gathalast">හරෙහි 
                                <span class="note">(සෙවෙහි (පී.))</span> අම්බපක්කානි, වීරියං තෙ භක්ඛයාමසෙ.
                            </div>
                        </div>
                        <div class="paragraph" para="81">
                            <span class="paranum">81</span>
                            <div class="gatha"> අලිකං වත මං සම්ම, අභූතෙන පසංසසි;</div>
                            <div class="gathalast">කො තෙ සුතො වා දිට්ඨො වා, සුමුඛො නාම මක්කටො.</div>
                        </div>
                        <div class="paragraph" para="82">
                            <span class="paranum">82</span>
                            <div class="gatha"> අජ්ජාපි 
                                <pb ed="M" n="1.0130"/> මෙ තං මනසි 
                                <span class="note">(තෙ මං සරසි (ක.))</span>, යං මං ත්වං අහිතුණ්ඩික;
                            </div>
                            <div class="gathalast">ධඤ්ඤාපණං පවිසිත්වා, මත්තො 
                                <span class="note">(මුත්තො (ක.))</span> ඡාතං හනාසි මං.
                            </div>
                        </div>
                        <div class="paragraph" para="83">
                            <span class="paranum">83</span>
                            <div class="gatha"> තාහං සරං දුක්ඛසෙය්‍යං, අපි රජ්ජම්පි කාරයෙ;</div>
                            <div class="gathalast">නෙවාහං යාචිතො දජ්ජං, තථා හි භයතජ්ජිතො.</div>
                        </div>
                        <div class="paragraph" para="84">
                            <span class="paranum">84</span>
                            <div class="gatha"> යඤ්ච ජඤ්ඤා කුලෙ ජාතං, ගබ්භෙ තිත්තං අමච්ඡරිං;</div>
                            <div class="gathalast">තෙන සඛිඤ්ච මිත්තඤ්ච, ධීරො සන්ධාතුමරහතීති.</div>
                        </div>
                    </div>
                    <div class="centre ct_sutta ending">අහිතුණ්ඩිකජාතකං පඤ්චමං.</div>
                </div>
                <div class="subhead ct_sutta" node-id="501419">
                    <span class="subhead ct_sutta">366. ගුම්බියජාතකං (5-2-6)</span>
                    <div class="subhead-contents">
                        <div class="paragraph" para="85">
                            <span class="paranum">85</span>
                            <div class="gatha"> මධුවණ්ණං 
                                <pb ed="V" n="1.0110"/> මධුරසං, මධුගන්ධං විසං අහු;
                            </div>
                            <div class="gathalast">ගුම්බියො 
                                <pb ed="T" n="1.0178"/> ඝාසමෙසානො, අරඤ්ඤෙ ඔදහී විසං.
                            </div>
                        </div>
                        <div class="paragraph" para="86">
                            <span class="paranum">86</span>
                            <div class="gatha"> මධු ඉති මඤ්ඤමානා 
                                <span class="note">(මධූති මඤ්ඤමානාය (ක.))</span>, යෙ තං විසමඛාදිසුං 
                                <span class="note">(විසමසායිසුං (සී. ස්‍යා.))</span>;
                            </div>
                            <div class="gathalast">තෙසං තං කටුකං ආසි, මරණං තෙනුපාගමුං.</div>
                        </div>
                        <div class="paragraph" para="87">
                            <span class="paranum">87</span>
                            <div class="gatha"> යෙ ච ඛො පටිසඞ්ඛාය, විසං තං පරිවජ්ජයුං;</div>
                            <div class="gathalast">තෙ ආතුරෙසු සුඛිතා, ඩය්හමානෙසු නිබ්බුතා.</div>
                        </div>
                        <div class="paragraph" para="88">
                            <span class="paranum">88</span>
                            <div class="gatha"> එවමෙව මනුස්සෙසු, විසං කාමා සමොහිතා;</div>
                            <div class="gathalast">ආමිසං බන්ධනඤ්චෙතං, මච්චුවෙසො 
                                <span class="note">(පච්චුවසො (සී. ස්‍යා.))</span> ගුහාසයො.
                            </div>
                        </div>
                        <div class="paragraph" para="89">
                            <span class="paranum">89</span>
                            <div class="gatha"> එවමෙව ඉමෙ කාමෙ, ආතුරා පරිචාරිකෙ 
                                <span class="note">(පරිචාරකෙ (ක.))</span>;
                            </div>
                            <div class="gathalast">යෙ සදා පරිවජ්ජෙන්ති, සඞ්ගං ලොකෙ උපච්චගුන්ති.</div>
                        </div>
                    </div>
                    <div class="centre ct_sutta ending">ගුම්බියජාතකං ඡට්ඨං.</div>
                </div>
                <div class="subhead ct_sutta" node-id="501420">
                    <span class="subhead ct_sutta">367. සාළියජාතකං (5-2-7)</span>
                    <div class="subhead-contents">
                        <div class="paragraph" para="90">
                            <span class="paranum">90</span>
                            <div class="gatha"> ය්වායං සාළිය 
                                <span class="note">(සාලිය (සී. ස්‍යා. පී.), සාළික (?))</span> ඡාපොති, කණ්හසප්පං අගාහයි;
                            </div>
                            <div class="gathalast">තෙන සප්පෙනයං දට්ඨො, හතො පාපානුසාසකො.</div>
                        </div>
                        <div class="paragraph" para="91">
                            <span class="paranum">91</span>
                            <div class="gatha"> අහන්තාර 
                                <span class="note">(අහනන්ත (පී.), අහරන්ත (?))</span> මහන්තාරං, යො නරො හන්තුමිච්ඡති;
                            </div>
                            <div class="gathalast">එවං සො නිහතො සෙති, යථායං පුරිසො හතො.</div>
                        </div>
                        <div class="paragraph" para="92">
                            <span class="paranum">92</span>
                            <div class="gatha"> අහන්තාර 
                                <pb ed="M" n="1.0131"/>
                                <span class="note">(අහනන්ත (සී. ස්‍යා. පී.), අහරන්ත (?))</span> මඝාතෙන්තං, යො නරො හන්තුමිච්ඡති;
                            </div>
                            <div class="gathalast">එවං සො නිහතො සෙති, යථායං පුරිසො හතො.</div>
                        </div>
                        <div class="paragraph" para="93">
                            <span class="paranum">93</span>
                            <div class="gatha"> යථා පංසුමුට්ඨිං පුරිසො, පටිවාතං පටික්ඛිපෙ;</div>
                            <div class="gathalast">තමෙව 
                                <pb ed="T" n="1.0179"/> සො රජො හන්ති, තථායං පුරිසො හතො.
                            </div>
                        </div>
                        <div class="paragraph" para="94">
                            <span class="paranum">94</span>
                            <div class="gatha"> යො අප්පදුට්ඨස්ස නරස්ස දුස්සති, සුද්ධස්ස පොසස්ස අනඞ්ගණස්ස;</div>
                            <div class="gathalast">තමෙව බාලං පච්චෙති පාපං, සුඛුමො රජො පටිවාතංව ඛිත්තොති.</div>
                        </div>
                    </div>
                    <div class="centre ct_sutta ending">සාළියජාතකං සත්තමං.</div>
                </div>
                <div class="subhead ct_sutta" node-id="501421">
                    <span class="subhead ct_sutta">368. තචසාරජාතකං (5-2-8)</span>
                    <div class="subhead-contents">
                        <div class="paragraph" para="95">
                            <span class="paranum">95</span>
                            <div class="gatha"> අමිත්තහත්ථත්ථගතා 
                                <span class="note">(හත්ථත්තගතා (කත්ථචි, සී. නිය්‍ය))</span>, තචසාරසමප්පිතා;
                            </div>
                            <div class="gathalast">පසන්නමුඛවණ්ණාත්ථ, කස්මා තුම්හෙ න සොචථ.</div>
                        </div>
                        <div class="paragraph" para="96">
                            <span class="paranum">96</span>
                            <div class="gatha"> න 
                                <pb ed="V" n="1.0111"/> සොචනාය පරිදෙවනාය, අත්ථොව ලබ්භො 
                                <span class="note">(අත්ථො ච ලබ්භා (සී. ස්‍යා.), අත්ථොධ ලබ්භා (අ. නි. 5.48))</span> අපි අප්පකොපි;
                            </div>
                            <div class="gathalast">සොචන්තමෙනං දුඛිතං විදිත්වා, පච්චත්ථිකා අත්තමනා භවන්ති.</div>
                        </div>
                        <div class="paragraph" para="97">
                            <span class="paranum">97</span>
                            <div class="gatha"> යතො ච ඛො පණ්ඩිතො ආපදාසු, න වෙධතී අත්ථවිනිච්ඡයඤ්ඤූ;</div>
                            <div class="gathalast">පච්චත්ථිකාස්ස 
                                <span class="note">(පච්චත්ථිකා තෙ (ක.))</span> දුඛිතා භවන්ති, දිස්වා මුඛං අවිකාරං පුරාණං.
                            </div>
                        </div>
                        <div class="paragraph" para="98">
                            <span class="paranum">98</span>
                            <div class="gatha"> ජප්පෙන මන්තෙන සුභාසිතෙන, අනුප්පදානෙන පවෙණියා වා;</div>
                            <div class="gathalast">යථා 
                                <pb ed="T" n="1.0180"/> යථා යත්ථ ලභෙථ අත්ථං, තථා තථා තත්ථ පරක්කමෙය්‍ය.
                            </div>
                        </div>
                        <div class="paragraph" para="99">
                            <span class="paranum">99</span>
                            <div class="gatha"> යතො 
                                <pb ed="M" n="1.0132"/> ච ජානෙය්‍ය අලබ්භනෙය්‍යො, මයා ව 
                                <span class="note">(මයා වා (ස්‍යා. ක.))</span> අඤ්ඤෙන වා එස අත්ථො;
                            </div>
                            <div class="gathalast">අසොචමානො අධිවාසයෙය්‍ය, කම්මං දළ්හං කින්ති කරොමි දානීති.</div>
                        </div>
                    </div>
                    <div class="centre ct_sutta ending">තචසාරජාතකං අට්ඨමං.</div>
                </div>
                <div class="subhead ct_sutta" node-id="501422">
                    <span class="subhead ct_sutta">369. මිත්තවින්දකජාතකං (5-2-9)</span>
                    <div class="subhead-contents">
                        <div class="paragraph" para="100">
                            <span class="paranum">100</span>
                            <div class="gatha"> ක්‍යාහං දෙවානමකරං, කිං පාපං පකතං මයා;</div>
                            <div class="gathalast">යං මෙ සිරස්මිං ඔහච්ච 
                                <span class="note">(උහච්ච (ක.), උහච්ච (පී.))</span>, චක්කං භමති මත්ථකෙ.
                            </div>
                        </div>
                        <div class="paragraph" para="101">
                            <span class="paranum">101</span>
                            <div class="gatha"> අතික්කම්ම රමණකං, සදාමත්තඤ්ච දූභකං;</div>
                            <div class="gathalast">බ්‍රහ්මත්තරඤ්ච පාසාදං, කෙනත්ථෙන ඉධාගතො.</div>
                        </div>
                        <div class="paragraph" para="102">
                            <span class="paranum">102</span>
                            <div class="gatha"> ඉතො බහුතරා භොගා, අත්‍ර මඤ්ඤෙ භවිස්සරෙ;</div>
                            <div class="gathalast">ඉති එතාය සඤ්ඤාය, පස්ස මං බ්‍යසනං ගතං.</div>
                        </div>
                        <div class="paragraph" para="103">
                            <span class="paranum">103</span>
                            <div class="gatha"> චතුබ්භි අට්ඨජ්ඣගමා, අට්ඨාහිපි ච 
                                <span class="note">(අට්ඨාහි චාපි (සී. ස්‍යා.), අට්ඨාභි චාපි (ක.))</span> සොළස;
                            </div>
                            <div class="gathalast">සොළසාහි ච බාත්තිංස, අත්‍රිච්ඡං චක්කමාසදො;</div>
                            <div class="bodytext">ඉච්ඡාහතස්ස පොසස්ස, චක්කං භමති මත්ථකෙ.</div>
                        </div>
                        <div class="paragraph" para="104">
                            <span class="paranum">104</span>
                            <div class="gatha"> උපරිවිසාලා දුප්පූරා, ඉච්ඡා විසටගාමිනී 
                                <span class="note">(උපරි විසාලං දුප්පූරං, ඉච්ඡාවිසදගාමිනී (සී.))</span>;
                            </div>
                            <div class="gathalast">යෙ 
                                <pb ed="T" n="1.0181"/> ච තං අනුගිජ්ඣන්ති, තෙ හොන්ති චක්කධාරිනොති.
                            </div>
                        </div>
                    </div>
                    <div class="centre ct_sutta ending">මිත්තවින්දකජාතකං නවමං.</div>
                </div>
                <div class="subhead ct_sutta" node-id="501423">
                    <span class="subhead ct_sutta">370. පලාසජාතකං (5-2-10)</span>
                    <div class="subhead-contents">
                        <div class="paragraph" para="105">
                            <span class="paranum">105</span>
                            <div class="gatha"> හංසො පලාසමවච, නිග්‍රොධො සම්ම ජායති;</div>
                            <div class="gathalast">අඞ්කස්මිං 
                                <span class="note">(අඞ්ගස්මිං (ක.))</span> තෙ නිසින්නොව, සො තෙ මම්මානි ඡෙච්ඡති 
                                <span class="note">(ඡිජ්ජති (ක.))</span>.
                            </div>
                        </div>
                        <div class="paragraph" para="106">
                            <span class="paranum">106</span>
                            <div class="gatha"> වඩ්ඪතාමෙව 
                                <span class="note">(වද්ධිතමෙව (ක.))</span> නිග්‍රොධො, පතිට්ඨස්ස භවාමහං;
                            </div>
                            <div class="gathalast">යථා පිතා ච මාතා ච 
                                <span class="note">(පිතා වා මාතා වා (පී.), මාතා වා පිතා වා (ක.))</span>, එවං මෙ සො භවිස්සති.
                            </div>
                        </div>
                        <div class="paragraph" para="107">
                            <span class="paranum">107</span>
                            <div class="gatha"> යං 
                                <pb ed="V" n="1.0112"/> ත්වං අඞ්කස්මිං වඩ්ඪෙසි, ඛීරරුක්ඛං භයානකං;
                            </div>
                            <div class="gathalast">ආමන්ත ඛො තං ගච්ඡාම, වුඩ්ඪි මස්ස න රුච්චති.</div>
                        </div>
                        <div class="paragraph" para="108">
                            <span class="paranum">108</span>
                            <div class="gatha"> ඉදානි 
                                <pb ed="M" n="1.0133"/> ඛො මං භායෙති, මහානෙරුනිදස්සනං;
                            </div>
                            <div class="gathalast">හංසස්ස අනභිඤ්ඤාය, මහා මෙ භයමාගතං.</div>
                        </div>
                        <div class="paragraph" para="109">
                            <span class="paranum">109</span>
                            <div class="gatha"> න තස්ස වුඩ්ඪි කුසලප්පසත්ථා, යො වඩ්ඪමානො ඝසතෙ පතිට්ඨං;</div>
                            <div class="gathalast">තස්සූපරොධං පරිසඞ්කමානො, පතාරයී මූලවධාය ධීරොති.</div>
                        </div>
                    </div>
                    <div class="centre ct_sutta ending">පලාසජාතකං දසමං.</div>
                </div>
            </div>
            <div class="centre ct_vagga ending">වණ්ණාරොහවග්ගො දුතියො 
                <span class="note">(ඉමස්සුද්දානං තතියවග්ගපරියොසානෙ භවිස්සති)</span>.
            </div>
        </div>
        <div class="title ct_vagga" node-id="50143">
            <span class="title ct_vagga">3. අඩ්ඪවග්ගො</span>
            <div class="title-contents">
                <div class="subhead ct_sutta" node-id="501424">
                    <span class="subhead ct_sutta">371. දීඝීතිකොසලජාතකං (5-3-1)</span>
                    <div class="subhead-contents">
                        <div class="paragraph" para="110">
                            <span class="paranum">110</span>
                            <div class="gatha"> එවංභූතස්ස තෙ රාජ, ආගතස්ස වසෙ 
                                <span class="note">(වසො (පී. ක.))</span> මම;
                            </div>
                            <div class="gathalast">අත්ථි නු කොචි පරියායො, යො තං දුක්ඛා පමොචයෙ.</div>
                        </div>
                        <div class="paragraph" para="111">
                            <span class="paranum">111</span>
                            <div class="gatha"> එවංභූතස්ස 
                                <pb ed="T" n="1.0182"/> මෙ තාත, ආගතස්ස වසෙ තව;
                            </div>
                            <div class="gathalast">නත්ථි නො කොචි පරියායො, යො මං දුක්ඛා පමොචයෙ.</div>
                        </div>
                        <div class="paragraph" para="112">
                            <span class="paranum">112</span>
                            <div class="gatha"> නාඤ්ඤං සුචරිතං රාජ, නාඤ්ඤං රාජ සුභාසිතං;</div>
                            <div class="gathalast">තායතෙ මරණකාලෙ, එවමෙවිතරං ධනං.</div>
                        </div>
                        <div class="paragraph" para="113">
                            <span class="paranum">113</span>
                            <div class="gatha"> අක්කොච්ඡි මං අවධි මං, අජිනි මං අහාසි මෙ;</div>
                            <div class="gathalast">යෙ ච තං උපනය්හන්ති, වෙරං තෙසං න සම්මති.</div>
                        </div>
                        <div class="paragraph" para="114">
                            <span class="paranum">114</span>
                            <div class="gatha"> අක්කොච්ඡි මං අවධි මං, අජිනි මං අහාසි මෙ;</div>
                            <div class="gathalast">යෙ ච තං නුපනය්හන්ති, වෙරං තෙසූපසම්මති.</div>
                        </div>
                        <div class="paragraph" para="115">
                            <span class="paranum">115</span>
                            <div class="gatha"> න හි වෙරෙන වෙරානි, සම්මන්තීධ කුදාචනං;</div>
                            <div class="gathalast">අවෙරෙන ච සම්මන්ති, එස ධම්මො සනන්තනොති.</div>
                        </div>
                    </div>
                    <div class="centre ct_sutta ending">දීඝීතිකොසලජාතකං පඨමං.</div>
                </div>
                <div class="subhead ct_sutta" node-id="501425">
                    <span class="subhead ct_sutta">372. මිගපොතකජාතකං (5-3-2)</span>
                    <div class="subhead-contents">
                        <div class="paragraph" para="116">
                            <span class="paranum">116</span>
                            <div class="gatha"> අගාරා 
                                <pb ed="V" n="1.0113"/> පච්චුපෙතස්ස, අනගාරස්ස තෙ සතො;
                            </div>
                            <div class="gathalast">සමණස්ස න තං සාධු, යං පෙතමනුසොචසි.</div>
                        </div>
                        <div class="paragraph" para="117">
                            <span class="paranum">117</span>
                            <div class="gatha"> සංවාසෙන 
                                <pb ed="M" n="1.0134"/> හවෙ සක්ක, මනුස්සස්ස මිගස්ස වා;
                            </div>
                            <div class="gathalast">හදයෙ 
                                <pb ed="T" n="1.0183"/> ජායතෙ පෙමං, න තං සක්කා අසොචිතුං.
                            </div>
                        </div>
                        <div class="paragraph" para="118">
                            <span class="paranum">118</span>
                            <div class="gatha"> මතං මරිස්සං රොදන්ති, යෙ රුදන්ති ලපන්ති ච;</div>
                            <div class="gathalast">තස්මා ත්වං ඉසි මා රොදි, රොදිතං මොඝමාහු සන්තො.</div>
                        </div>
                        <div class="paragraph" para="119">
                            <span class="paranum">119</span>
                            <div class="gatha"> රොදිතෙන හවෙ බ්‍රහ්මෙ, මතො පෙතො සමුට්ඨහෙ;</div>
                            <div class="gathalast">සබ්බෙ සඞ්ගම්ම රොදාම, අඤ්ඤමඤ්ඤස්ස ඤාතකෙ.</div>
                        </div>
                        <div class="paragraph" para="120">
                            <span class="paranum">120</span>
                            <div class="gatha"> ආදිත්තං වත මං සන්තං, ඝතසිත්තංව පාවකං;</div>
                            <div class="gathalast">වාරිනා විය ඔසිඤ්චං, සබ්බං නිබ්බාපයෙ දරං.</div>
                        </div>
                        <div class="paragraph" para="121">
                            <span class="paranum">121</span>
                            <div class="gatha"> අබ්බහි වත මෙ සල්ලං, යමාසි හදයස්සිතං;</div>
                            <div class="gathalast">යො මෙ සොකපරෙතස්ස, පුත්තසොකං අපානුදි.</div>
                        </div>
                        <div class="paragraph" para="122">
                            <span class="paranum">122</span>
                            <div class="gatha"> සොහං අබ්බූළ්හසල්ලොස්මි, වීතසොකො අනාවිලො;</div>
                            <div class="gathalast">න සොචාමි න රොදාමි, තව සුත්වාන වාසවාති.</div>
                        </div>
                    </div>
                    <div class="centre ct_sutta ending">මිගපොතකජාතකං දුතියං.</div>
                </div>
                <div class="subhead ct_sutta" node-id="501426">
                    <span class="subhead ct_sutta">373. මූසිකජාතකං (5-3-3)</span>
                    <div class="subhead-contents">
                        <div class="paragraph" para="123">
                            <span class="paranum">123</span>
                            <div class="gatha"> කුහිං ගතා කත්ථ ගතා, ඉති ලාලප්පතී ජනො;</div>
                            <div class="gathalast">අහමෙවෙකො ජානාමි, උදපානෙ මූසිකා හතා.</div>
                        </div>
                        <div class="paragraph" para="124">
                            <span class="paranum">124</span>
                            <div class="gatha"> යඤ්චෙතං 
                                <span class="note">(යථෙතං (පී.), යවෙතං (ක.), යමෙතං (කත්ථචි))</span> ඉති චීති ච, ගද්‍රභොව නිවත්තසි;
                            </div>
                            <div class="gathalast">උදපානෙ මූසිකං හන්ත්වා, යවං භක්ඛෙතුමිච්ඡසි.</div>
                        </div>
                        <div class="paragraph" para="125">
                            <span class="paranum">125</span>
                            <div class="gatha"> දහරො චාසි දුම්මෙධ, පඨමුප්පත්තිකො 
                                <span class="note">(පඨමුප්පත්තිතො (සී. පී.))</span> සුසු;
                            </div>
                            <div class="gathalast">දීඝඤ්චෙතං 
                                <pb ed="T" n="1.0184"/>
                                <span class="note">(දීඝමෙතං (පී.))</span> සමාසජ්ජ 
                                <span class="note">(සමාපජ්ජ (ස්‍යා. ක.))</span>, න තෙ දස්සාමි ජීවිතං.
                            </div>
                        </div>
                        <div class="paragraph" para="126">
                            <span class="paranum">126</span>
                            <div class="gatha"> නාන්තලික්ඛභවනෙන, නාඞ්ගපුත්තපිනෙන 
                                <span class="note">(නාඞ්ගපුත්තසිරෙන (සී. ස්‍යා. පී.))</span> වා;
                            </div>
                            <div class="gathalast">පුත්තෙන හි පත්ථයිතො, සිලොකෙහි පමොචිතො.</div>
                        </div>
                        <div class="paragraph" para="127">
                            <span class="paranum">127</span>
                            <div class="gatha"> සබ්බං 
                                <pb ed="V" n="1.0114"/> සුතමධීයෙථ, හීනමුක්කට්ඨමජ්ඣිමං;
                            </div>
                            <div class="gatha">සබ්බස්ස අත්ථං ජානෙය්‍ය, න ච සබ්බං පයොජයෙ;</div>
                            <div class="gathalast">හොති තාදිසකො කාලො, යත්ථ අත්ථාවහං සුතන්ති.</div>
                        </div>
                    </div>
                    <div class="centre ct_sutta ending">මූසිකජාතකං තතියං.</div>
                </div>
                <div class="subhead ct_sutta" node-id="501427">
                    <span class="subhead ct_sutta">374. චූළධනුග්ගහජාතකං (5-3-4)</span>
                    <div class="subhead-contents">
                        <div class="paragraph" para="128">
                            <span class="paranum">128</span>
                            <div class="gatha"> සබ්බං 
                                <pb ed="M" n="1.0135"/> භණ්ඩං සමාදාය, පාරං තිණ්ණොසි බ්‍රාහ්මණ;
                            </div>
                            <div class="bodytext">පච්චාගච්ඡ ලහුං ඛිප්පං, මම්පි තාරෙහි දානිතො 
                                <span class="note">(දානිභො (ස්‍යා.))</span>.
                            </div>
                        </div>
                        <div class="paragraph" para="129">
                            <span class="paranum">129</span>
                            <div class="gatha"> අසන්ථුතං මං චිරසන්ථුතෙන, නිමීනි භොතී අද්ධුවං ධුවෙන;</div>
                            <div class="gathalast">මයාපි භොතී නිමිනෙය්‍ය අඤ්ඤං, ඉතො අහං දූරතරං ගමිස්සං.</div>
                        </div>
                        <div class="paragraph" para="130">
                            <span class="paranum">130</span>
                            <div class="gatha"> කායං එළගලාගුම්බෙ 
                                <span class="note">(එළගණගුම්බෙ (ක.))</span>, කරොති අහුහාසියං;
                            </div>
                            <div class="gatha">නයීධ නච්චගීතං වා 
                                <span class="note">(නයිධ නච්චං වා ගීතං වා (සී. ස්‍යා. පී.))</span>, තාළං වා සුසමාහිතං;
                            </div>
                            <div class="gathalast">අනම්හිකාලෙ 
                                <span class="note">(අනම්හකාලෙ (පී.))</span> සුසොණි 
                                <span class="note">(සුස්සොණි (සී. ස්‍යා. පී.))</span>, කිං නු ජග්ඝසි සොභනෙ 
                                <span class="note">(සොභණෙ (පී. ක.))</span>.
                            </div>
                        </div>
                        <div class="paragraph" para="131">
                            <span class="paranum">131</span>
                            <div class="gatha"> සිඞ්ගාල බාල දුම්මෙධ, අප්පපඤ්ඤොසි ජම්බුක;</div>
                            <div class="gathalast">ජීනො 
                                <pb ed="T" n="1.0185"/> මච්ඡඤ්ච පෙසිඤ්ච, කපණො විය ඣායසි.
                            </div>
                        </div>
                        <div class="paragraph" para="132">
                            <span class="paranum">132</span>
                            <div class="gatha"> සුදස්සං වජ්ජමඤ්ඤෙසං, අත්තනො පන දුද්දසං;</div>
                            <div class="gathalast">ජීනා පතිඤ්ච ජාරඤ්ච, මඤ්ඤෙ ත්වඤ්ඤෙව 
                                <span class="note">(මම්පි ත්වඤ්ඤෙව (සී. ස්‍යා.), ත්වම්පි මඤ්ඤෙව (පී.))</span> ඣායසි.
                            </div>
                        </div>
                        <div class="paragraph" para="133">
                            <span class="paranum">133</span>
                            <div class="gatha"> එවමෙතං මිගරාජ, යථා භාසසි ජම්බුක;</div>
                            <div class="gathalast">සා නූනාහං ඉතො ගන්ත්වා, භත්තු හෙස්සං වසානුගා.</div>
                        </div>
                        <div class="paragraph" para="134">
                            <span class="paranum">134</span>
                            <div class="gatha"> යො හරෙ මත්තිකං ථාලං, කංසථාලම්පි සො හරෙ;</div>
                            <div class="gathalast">කතඤ්චෙව 
                                <span class="note">(කතංයෙව (සී. ස්‍යා. පී.))</span> තයා පාපං, පුනපෙවං කරිස්සසීති.
                            </div>
                        </div>
                    </div>
                    <div class="centre ct_sutta ending">චූළධනුග්ගහජාතකං චතුත්ථං.</div>
                </div>
                <div class="subhead ct_sutta" node-id="501428">
                    <span class="subhead ct_sutta">375. කපොතජාතකං (5-3-5)</span>
                    <div class="subhead-contents">
                        <div class="paragraph" para="135">
                            <span class="paranum">135</span>
                            <div class="gatha"> ඉදානි ඛොම්හි සුඛිතො අරොගො, නික්කණ්ටකො නිප්පතිතො කපොතො;</div>
                            <div class="gathalast">කාහාමි දානී හදයස්ස තුට්ඨිං, තථාහිමං මංසසාකං බලෙති.</div>
                        </div>
                        <div class="paragraph" para="136">
                            <span class="paranum">136</span>
                            <div class="gatha"> කායං 
                                <pb ed="M" n="1.0136"/> බලාකා සිඛිනො, චොරී ලඞ්ඝිපිතාමහා;
                            </div>
                            <div class="gathalast">ඔරං බලාකෙ ආගච්ඡ, චණ්ඩො මෙ වායසො සඛා.</div>
                        </div>
                        <div class="paragraph" para="137">
                            <span class="paranum">137</span>
                            <div class="gatha"> අලඤ්හි තෙ ජග්ඝිතායෙ, මමං දිස්වාන එදිසං;</div>
                            <div class="gathalast">විලූනං සූදපුත්තෙන, පිට්ඨමණ්ඩෙන 
                                <span class="note">(පිට්ඨමද්දෙන (සී. ස්‍යා. පී.))</span> මක්ඛිතං.
                            </div>
                        </div>
                        <div class="paragraph" para="138">
                            <span class="paranum">138</span>
                            <div class="gatha"> සුන්හාතො 
                                <pb ed="V" n="1.0115"/> සුවිලිත්තොසි, අන්නපානෙන තප්පිතො;
                            </div>
                            <div class="gathalast">කණ්ඨෙ 
                                <pb ed="T" n="1.0186"/> ච තෙ වෙළුරියො, අගමා නු කජඞ්ගලං.
                            </div>
                        </div>
                        <div class="paragraph" para="139">
                            <span class="paranum">139</span>
                            <div class="gatha"> මා තෙ මිත්තො අමිත්තො වා, අගමාසි කජඞ්ගලං;</div>
                            <div class="gathalast">පිඤ්ඡානි තත්ථ ලායිත්වා, කණ්ඨෙ බන්ධන්ති වට්ටනං.</div>
                        </div>
                        <div class="paragraph" para="140">
                            <span class="paranum">140</span>
                            <div class="gatha"> පුනපාපජ්ජසී සම්ම, සීලඤ්හි තව තාදිසං;</div>
                            <div class="gathalast">න හි මානුසකා භොගා, සුභුඤ්ජා හොන්ති පක්ඛිනාති.</div>
                        </div>
                    </div>
                    <div class="centre ct_sutta ending">කපොතජාතකං පඤ්චමං.</div>
                </div>
            </div>
            <div class="centre ct_vagga ending">අඩ්ඪවග්ගො තතියො.</div>
            <div class="paragraph udana" para="udana">
                <div class="bodytext ct_vagga">තස්සුද්දානං -</div>
                <div class="ct_vagga gatha">අථ වණ්ණ සසීල හිරි ලභතෙ, සුමුඛා විස සාළියමිත්තවරො;</div>
                <div class="gathalast ct_vagga">අථ චක්ක පලාස සරාජ සතො, යව බාල කපොතක පන්නරසාති.</div>
            </div>
        </div>
    </div>
    <div class="centre ct_nipatha ending">පඤ්චකනිපාතං නිට්ඨිතං.</div>
    <div class="paragraph udana" para="udana">
        <div class="bodytext ct_nipatha">අථ වග්ගුද්දානං -</div>
        <div class="ct_nipatha gatha">ජීනඤ්ච වණ්ණං අසමංවගුප්පරි, සුදෙසිතා ජාතකන්ති සන්ති වීසති 
            <span class="note">(ජාතක පඤ්චවීසති (?))</span>;
        </div>
        <div class="gathalast ct_nipatha">මහෙසිනො බ්‍රහ්මචරිත්තමුත්ත-මවොච ගාථා අත්ථවතී සුබ්‍යඤ්ජනාති.</div>
    </div>
</div>
<!--pulled up-->