<div class="chapter ct_vagga" node-id="46430">
    <span class="chapter ct_vagga">34. ගන්ධොදකවග්ගො</span>
    <div class="chapter-contents">
        <div class="subhead ct_sutta" node-id="46431">
            <span class="subhead ct_sutta">1. ගන්ධධූපියත්ථෙරඅපදානං</span>
            <div class="subhead-contents">
                <div class="paragraph" para="1">
                    <span class="paranum">1</span>
                    <div class="gatha"> ‘‘සිද්ධත්ථස්ස 
                        <pb ed="T" n="1.0411"/>
                        <pb ed="M" n="1.0305"/>
                        <pb ed="V" n="1.0288"/> භගවතො, ගන්ධධූපං අදාසහං;
                    </div>
                    <div class="gathalast">සුමනෙහි පටිච්ඡන්නං, බුද්ධානුච්ඡවිකඤ්ච තං.</div>
                </div>
                <div class="paragraph" para="2">
                    <span class="paranum">2</span>
                    <div class="gatha"> ‘‘කඤ්චනග්ඝියසඞ්කාසං, බුද්ධං ලොකග්ගනායකං;</div>
                    <div class="gathalast">ඉන්දීවරංව ජලිතං, ආදිත්තංව හුතාසනං.</div>
                </div>
                <div class="paragraph" para="3">
                    <span class="paranum">3</span>
                    <div class="gatha"> ‘‘බ්‍යග්ඝුසභංව පවරං, අභිජාතංව කෙසරිං;</div>
                    <div class="gathalast">නිසින්නං සමණානග්ගං, භික්ඛුසඞ්ඝපුරක්ඛතං.</div>
                </div>
                <div class="paragraph" para="4">
                    <span class="paranum">4</span>
                    <div class="gatha"> ‘‘දිස්වා චිත්තං පසාදෙත්වා, පග්ගහෙත්වාන අඤ්ජලිං;</div>
                    <div class="gathalast">වන්දිත්වා සත්ථුනො පාදෙ, පක්කාමිං උත්තරාමුඛො.</div>
                </div>
                <div class="paragraph" para="5">
                    <span class="paranum">5</span>
                    <div class="gatha"> ‘‘චතුන්නවුතිතො කප්පෙ, යං ගන්ධමදදිං තදා;</div>
                    <div class="gathalast">දුග්ගතිං නාභිජානාමි, ගන්ධපූජායිදං ඵලං.</div>
                </div>
                <div class="paragraph" para="6">
                    <span class="paranum">6</span>
                    <div class="gatha"> ‘‘පටිසම්භිදා චතස්සො, විමොක්ඛාපි ච අට්ඨිමෙ;</div>
                    <div class="gathalast">ඡළභිඤ්ඤා සච්ඡිකතා, කතං බුද්ධස්ස සාසනං’’.</div>
                    <div class="bodytext">ඉත්ථං සුදං ආයස්මා ගන්ධධූපියො ථෙරො ඉමා ගාථායො අභාසිත්ථාති.</div>
                </div>
            </div>
            <div class="centre ct_sutta ending">ගන්ධධූපියත්ථෙරස්සාපදානං පඨමං.</div>
        </div>
        <div class="subhead ct_sutta" node-id="46432">
            <span class="subhead ct_sutta">2. උදකපූජකත්ථෙරඅපදානං</span>
            <div class="subhead-contents">
                <div class="paragraph" para="7">
                    <span class="paranum">7</span>
                    <div class="gatha"> ‘‘සුවණ්ණවණ්ණං 
                        <pb ed="T" n="1.0412"/> සම්බුද්ධං, ගච්ඡන්තං අනිලඤ්ජසෙ;
                    </div>
                    <div class="gathalast">ඝතාසනංව ජලිතං, ආදිත්තංව හුතාසනං.</div>
                </div>
                <div class="paragraph" para="8">
                    <span class="paranum">8</span>
                    <div class="gatha"> ‘‘පාණිනා උදකං ගය්හ, ආකාසෙ උක්ඛිපිං අහං;</div>
                    <div class="gathalast">සම්පටිච්ඡි මහාවීරො, බුද්ධො කාරුණිකො ඉසි.</div>
                </div>
                <div class="paragraph" para="9">
                    <span class="paranum">9</span>
                    <div class="gatha"> ‘‘අන්තලික්ඛෙ ඨිතො සත්ථා, පදුමුත්තරනාමකො;</div>
                    <div class="gathalast">මම සඞ්කප්පමඤ්ඤාය, ඉමං ගාථමභාසථ.</div>
                </div>
                <div class="paragraph" para="10">
                    <span class="paranum">10</span>
                    <div class="gatha"> ‘‘‘ඉමිනා 
                        <pb ed="V" n="1.0289"/> දකදානෙන, පීතිඋප්පාදනෙන ච;
                    </div>
                    <div class="gathalast">කප්පසතසහස්සම්පි, දුග්ගතිං නුපපජ්ජසි’.</div>
                </div>
                <div class="paragraph" para="11">
                    <span class="paranum">11</span>
                    <div class="gatha"> ‘‘තෙන 
                        <pb ed="M" n="1.0306"/> කම්මෙන ද්විපදින්ද, ලොකජෙට්ඨ නරාසභ;
                    </div>
                    <div class="gathalast">පත්තොම්හි අචලං ඨානං, හිත්වා ජයපරාජයං.</div>
                </div>
                <div class="paragraph" para="12">
                    <span class="paranum">12</span>
                    <div class="gatha"> ‘‘සහස්සරාජනාමෙන, තයො ච චක්කවත්තිනො;</div>
                    <div class="gathalast">පඤ්චසට්ඨිකප්පසතෙ, චාතුරන්තා ජනාධිපා.</div>
                </div>
                <div class="paragraph" para="13">
                    <span class="paranum">13</span>
                    <div class="gatha"> ‘‘පටිසම්භිදා චතස්සො...පෙ.... කතං බුද්ධස්ස සාසනං’’.</div>
                    <div class="bodytext">ඉත්ථං සුදං ආයස්මා උදකපූජකො ථෙරො ඉමා ගාථායො අභාසිත්ථාති.</div>
                </div>
            </div>
            <div class="centre ct_sutta ending">උදකපූජකත්ථෙරස්සාපදානං දුතියං.</div>
        </div>
        <div class="subhead ct_sutta" node-id="46433">
            <span class="subhead ct_sutta">3. පුන්නාගපුප්ඵියත්ථෙරඅපදානං</span>
            <div class="subhead-contents">
                <div class="paragraph" para="14">
                    <span class="paranum">14</span>
                    <div class="gatha"> ‘‘කානනං 
                        <pb ed="T" n="1.0413"/> වනමොගය්හ, වසාමි ලුද්දකො අහං;
                    </div>
                    <div class="gathalast">පුන්නාගං පුප්ඵිතං දිස්වා, බුද්ධසෙට්ඨං අනුස්සරිං.</div>
                </div>
                <div class="paragraph" para="15">
                    <span class="paranum">15</span>
                    <div class="gatha"> ‘‘තං පුප්ඵං ඔචිනිත්වාන, සුගන්ධං ගන්ධිතං සුභං;</div>
                    <div class="gathalast">ථූපං කත්වාන පුලිනෙ, බුද්ධස්ස අභිරොපයිං.</div>
                </div>
                <div class="paragraph" para="16">
                    <span class="paranum">16</span>
                    <div class="gatha"> ‘‘ද්වෙනවුතෙ ඉතො කප්පෙ, යං පුප්ඵමභිපූජයිං;</div>
                    <div class="gathalast">දුග්ගතිං නාභිජානාමි, බුද්ධපූජායිදං ඵලං.</div>
                </div>
                <div class="paragraph" para="17">
                    <span class="paranum">17</span>
                    <div class="gatha"> ‘‘එකම්හි නවුතෙ කප්පෙ, එකො ආසිං තමොනුදො;</div>
                    <div class="gathalast">සත්තරතනසම්පන්නො, චක්කවත්තී මහබ්බලො.</div>
                </div>
                <div class="paragraph" para="18">
                    <span class="paranum">18</span>
                    <div class="gatha"> ‘‘පටිසම්භිදා චතස්සො...පෙ.... කතං බුද්ධස්ස සාසනං’’.</div>
                    <div class="bodytext">ඉත්ථං සුදං ආයස්මා පුන්නාගපුප්ඵියො ථෙරො ඉමා ගාථායො අභාසිත්ථාති.</div>
                </div>
            </div>
            <div class="centre ct_sutta ending">පුන්නාගපුප්ඵියත්ථෙරස්සාපදානං තතියං.</div>
        </div>
        <div class="subhead ct_sutta" node-id="46434">
            <span class="subhead ct_sutta">4. එකදුස්සදායකත්ථෙරඅපදානං</span>
            <div class="subhead-contents">
                <div class="paragraph" para="19">
                    <span class="paranum">19</span>
                    <div class="gatha"> ‘‘නගරෙ හංසවතියා, අහොසිං තිණහාරකො;</div>
                    <div class="gathalast">තිණහාරෙන ජීවාමි, තෙන පොසෙමි දාරකෙ.</div>
                </div>
                <div class="paragraph" para="20">
                    <span class="paranum">20</span>
                    <div class="gatha"> ‘‘පදුමුත්තරො 
                        <pb ed="T" n="1.0414"/>
                        <pb ed="M" n="1.0307"/> නාම ජිනො, සබ්බධම්මාන පාරගූ;
                    </div>
                    <div class="gathalast">තමන්ධකාරං නාසෙත්වා, උප්පජ්ජි ලොකනායකො.</div>
                </div>
                <div class="paragraph" para="21">
                    <span class="paranum">21</span>
                    <div class="gatha"> ‘‘සකෙ 
                        <pb ed="V" n="1.0290"/> ඝරෙ නිසීදිත්වා, එවං චින්තෙසහං තදා;
                    </div>
                    <div class="gathalast">‘බුද්ධො ලොකෙ සමුප්පන්නො, දෙය්‍යධම්මො ච නත්ථි මෙ.</div>
                </div>
                <div class="paragraph" para="22">
                    <span class="paranum">22</span>
                    <div class="gatha"> ‘‘‘ඉදං මෙ සාටකං එකං, නත්ථි මෙ කොචි දායකො;</div>
                    <div class="gathalast">දුක්ඛො නිරයසම්ඵස්සො, රොපයිස්සාමි දක්ඛිණං’.</div>
                </div>
                <div class="paragraph" para="23">
                    <span class="paranum">23</span>
                    <div class="gatha"> ‘‘එවාහං චින්තයිත්වාන, සකං චිත්තං පසාදයිං;</div>
                    <div class="gathalast">එකං දුස්සං ගහෙත්වාන, බුද්ධසෙට්ඨස්සදාසහං.</div>
                </div>
                <div class="paragraph" para="24">
                    <span class="paranum">24</span>
                    <div class="gatha"> ‘‘එකං දුස්සං දදිත්වාන, උක්කුට්ඨිං සම්පවත්තයිං;</div>
                    <div class="gathalast">යදි බුද්ධො තුවං වීර, තාරෙහි මං මහාමුනි.</div>
                </div>
                <div class="paragraph" para="25">
                    <span class="paranum">25</span>
                    <div class="gatha"> ‘‘පදුමුත්තරො ලොකවිදූ, ආහුතීනං පටිග්ගහො;</div>
                    <div class="gathalast">මම දානං පකිත්තෙන්තො, අකා මෙ අනුමොදනං.</div>
                </div>
                <div class="paragraph" para="26">
                    <span class="paranum">26</span>
                    <div class="gatha"> ‘‘‘ඉමිනා එකදුස්සෙන, චෙතනාපණිධීහි ච;</div>
                    <div class="gathalast">කප්පසතසහස්සානි, විනිපාතං න ගච්ඡති.</div>
                </div>
                <div class="paragraph" para="27">
                    <span class="paranum">27</span>
                    <div class="gatha"> ‘‘‘ඡත්තිංසක්ඛත්තුං දෙවින්දො, දෙවරජ්ජං කරිස්සති;</div>
                    <div class="gatha">තෙත්තිංසක්ඛත්තුං රාජා ච, චක්කවත්තී භවිස්සති;</div>
                    <div class="gathalast">පදෙසරජ්ජං විපුලං, ගණනාතො අසඞ්ඛියං.</div>
                </div>
                <div class="paragraph" para="28">
                    <span class="paranum">28</span>
                    <div class="gatha"> ‘‘‘දෙවලොකෙ මනුස්සෙ වා, සංසරන්තො තුවං භවෙ;</div>
                    <div class="gatha">රූපවා ගුණසම්පන්නො, අනවක්කන්තදෙහවා;</div>
                    <div class="gathalast">අක්ඛොභං අමිතං දුස්සං, ලභිස්සසි යදිච්ඡකං’.</div>
                </div>
                <div class="paragraph" para="29">
                    <span class="paranum">29</span>
                    <div class="gatha"> ‘‘ඉදං 
                        <pb ed="T" n="1.0415"/> වත්වාන සම්බුද්ධො, ජලජුත්තමනාමකො;
                    </div>
                    <div class="gathalast">නභං අබ්භුග්ගමී ධීරො, හංසරාජාව අම්බරෙ.</div>
                </div>
                <div class="paragraph" para="30">
                    <span class="paranum">30</span>
                    <div class="gatha"> ‘‘යං යං යොනුපපජ්ජාමි, දෙවත්තං අථ මානුසං;</div>
                    <div class="gathalast">භොගෙ මෙ ඌනතා නත්ථි, එකදුස්සස්සිදං ඵලං.</div>
                </div>
                <div class="paragraph" para="31">
                    <span class="paranum">31</span>
                    <div class="gatha"> ‘‘පදුද්ධාරෙ පදුද්ධාරෙ, දුස්සං නිබ්බත්තතෙ මමං;</div>
                    <div class="gathalast">හෙට්ඨා දුස්සම්හි තිට්ඨාමි, උපරි ඡදනං මම.</div>
                </div>
                <div class="paragraph" para="32">
                    <span class="paranum">32</span>
                    <div class="gatha"> ‘‘චක්කවාළමුපාදාය, සකානනං සපබ්බතං;</div>
                    <div class="gathalast">ඉච්ඡමානො චහං අජ්ජ, දුස්සෙහි ඡාදයෙය්‍යහං.</div>
                </div>
                <div class="paragraph" para="33">
                    <span class="paranum">33</span>
                    <div class="gatha"> ‘‘තෙනෙව 
                        <pb ed="M" n="1.0308"/> එකදුස්සෙන, සංසරන්තො භවාභවෙ;
                    </div>
                    <div class="gathalast">සුවණ්ණවණ්ණො හුත්වාන, සංසරාමි භවාභවෙ.</div>
                </div>
                <div class="paragraph" para="34">
                    <span class="paranum">34</span>
                    <div class="gatha"> ‘‘විපාකං එකදුස්සස්ස, නජ්ඣගං කත්ථචික්ඛයං;</div>
                    <div class="gathalast">අයං මෙ අන්තිමා ජාති, විපච්චති ඉධාපි මෙ.</div>
                </div>
                <div class="paragraph" para="35">
                    <span class="paranum">35</span>
                    <div class="gatha"> ‘‘සතසහස්සිතො 
                        <pb ed="V" n="1.0291"/> කප්පෙ, යං දුස්සමදදිං තදා;
                    </div>
                    <div class="gathalast">දුග්ගතිං නාභිජානාමි, එකදුස්සස්සිදං ඵලං.</div>
                </div>
                <div class="paragraph" para="36">
                    <span class="paranum">36</span>
                    <div class="gatha"> ‘‘කිලෙසා ඣාපිතා මය්හං, භවා සබ්බෙ සමූහතා;</div>
                    <div class="gathalast">නාගොව බන්ධනං ඡෙත්වා, විහරාමි අනාසවො.</div>
                </div>
                <div class="paragraph" para="37">
                    <span class="paranum">37</span>
                    <div class="gatha"> ‘‘පටිසම්භිදා චතස්සො...පෙ.... කතං බුද්ධස්ස සාසනං’’.</div>
                    <div class="bodytext">ඉත්ථං සුදං ආයස්මා එකදුස්සදායකො ථෙරො ඉමා ගාථායො අභාසිත්ථාති.</div>
                </div>
            </div>
            <div class="centre ct_sutta ending">එකදුස්සදායකත්ථෙරස්සාපදානං චතුත්ථං.</div>
        </div>
        <div class="subhead ct_sutta" node-id="46435">
            <span class="subhead ct_sutta">5. ඵුසිතකම්පියත්ථෙරඅපදානං</span>
            <div class="subhead-contents">
                <div class="paragraph" para="38">
                    <span class="paranum">38</span>
                    <div class="gatha"> ‘‘විපස්සී 
                        <pb ed="T" n="1.0416"/>
                        <pb ed="P" n="1.0268"/> නාම 
                        <span class="note">(සබ්බත්ථපි එවමෙව දිස්සති)</span>
                    </div>
                    <div class="bodytext">සම්බුද්ධො, ලොකජෙට්ඨො නරාසභො.</div>
                    <div class="gathalast">ඛීණාසවෙහි සහිතො, සඞ්ඝාරාමෙ වසී තදා.</div>
                </div>
                <div class="paragraph" para="39">
                    <span class="paranum">39</span>
                    <div class="gatha"> ‘‘ආරාමද්වාරා නික්ඛම්ම, විපස්සී 
                        <span class="note">(සබ්බත්ථපි එවමෙව දිස්සති)</span> ලොකනායකො;
                    </div>
                    <div class="gathalast">සහ සතසහස්සෙහි, අට්ඨ 
                        <span class="note">(සහස්සසතසිස්සෙහි, අට්ඨ (ක.), අට්ඨ සතසහස්සෙහි, සහ (?))</span> ඛීණාසවෙහි සො.
                    </div>
                </div>
                <div class="paragraph" para="40">
                    <span class="paranum">40</span>
                    <div class="gatha"> ‘‘අජිනෙන නිවත්ථොහං, වාකචීරධරොපි ච;</div>
                    <div class="gathalast">කුසුමොදකමාදාය 
                        <span class="note">(කුසුම්භොදක... (සී. ස්‍යා.))</span>, සම්බුද්ධං උපසඞ්කමිං.
                    </div>
                </div>
                <div class="paragraph" para="41">
                    <span class="paranum">41</span>
                    <div class="gatha"> ‘‘සකං චිත්තං පසාදෙත්වා, වෙදජාතො කතඤ්ජලී;</div>
                    <div class="gathalast">කුසුමොදකමාදාය, බුද්ධමබ්භුක්කිරිං අහං.</div>
                </div>
                <div class="paragraph" para="42">
                    <span class="paranum">42</span>
                    <div class="gatha"> ‘‘තෙන කම්මෙන සම්බුද්ධො, ජලජුත්තමනාමකො 
                        <span class="note">(සබ්බත්ථපි එවමෙව දිස්සති)</span>;
                    </div>
                    <div class="gathalast">මම කම්මං පකිත්තෙත්වා, අගමා යෙන පත්ථිතං.</div>
                </div>
                <div class="paragraph" para="43">
                    <span class="paranum">43</span>
                    <div class="gatha"> ‘‘ඵුසිතා 
                        <pb ed="M" n="1.0309"/> පඤ්චසහස්සා, යෙහි පූජෙසහං ජිනං;
                    </div>
                    <div class="gathalast">අඩ්ඪතෙය්‍යසහස්සෙහි, දෙවරජ්ජං අකාරයිං.</div>
                </div>
                <div class="paragraph" para="44">
                    <span class="paranum">44</span>
                    <div class="gatha"> ‘‘අඩ්ඪතෙය්‍යසහස්සෙහි, චක්කවත්තී අහොසහං;</div>
                    <div class="gathalast">අවසෙසෙන කම්මෙන, අරහත්තමපාපුණිං.</div>
                </div>
                <div class="paragraph" para="45">
                    <span class="paranum">45</span>
                    <div class="gatha"> ‘‘දෙවරාජා යදා හොමි 
                        <span class="note">(අහොසිං (ස්‍යා. ක.))</span>, මනුජාධිපතී යදා 
                        <span class="note">(තදා (ස්‍යා. ක.))</span>;
                    </div>
                    <div class="gathalast">තමෙව නාමධෙය්‍යං මෙ, ඵුසිතො නාම හොමහං.</div>
                </div>
                <div class="paragraph" para="46">
                    <span class="paranum">46</span>
                    <div class="gatha"> ‘‘දෙවභූතස්ස සන්තස්ස, අථාපි මානුසස්ස වා;</div>
                    <div class="gathalast">සමන්තා බ්‍යාමතො මය්හං, ඵුසිතංව පවස්සති.</div>
                </div>
                <div class="paragraph" para="47">
                    <span class="paranum">47</span>
                    <div class="gatha"> ‘‘භවා 
                        <pb ed="T" n="1.0417"/>
                        <pb ed="V" n="1.0292"/> උග්ඝාටිතා මය්හං, කිලෙසා ඣාපිතා මම;
                    </div>
                    <div class="gathalast">සබ්බාසවපරික්ඛීණො, ඵුසිතස්ස ඉදං ඵලං.</div>
                </div>
                <div class="paragraph" para="48">
                    <span class="paranum">48</span>
                    <div class="gatha"> ‘‘චන්දනස්සෙව මෙ කායා, තථා ගන්ධො පවායති;</div>
                    <div class="gathalast">සරීරතො මම ගන්ධො, අඩ්ඪකොසෙ පවායති.</div>
                </div>
                <div class="paragraph" para="49">
                    <span class="paranum">49</span>
                    <div class="gatha"> ‘‘දිබ්බගන්ධං සම්පවන්තං, පුඤ්ඤකම්මසමඞ්ගිනං;</div>
                    <div class="gathalast">ගන්ධං ඝත්වාන ජානන්ති, ඵුසිතො ආගතො ඉධ.</div>
                </div>
                <div class="paragraph" para="50">
                    <span class="paranum">50</span>
                    <div class="gatha"> ‘‘සාඛාපලාසකට්ඨානි 
                        <pb ed="P" n="1.0269"/>, තිණානිපි ච සබ්බසො;
                    </div>
                    <div class="gathalast">මම සඞ්කප්පමඤ්ඤාය, ගන්ධො සම්පජ්ජතෙ ඛණෙ.</div>
                </div>
                <div class="paragraph" para="51">
                    <span class="paranum">51</span>
                    <div class="gatha"> ‘‘සතසහස්සිතො 
                        <span class="note">(සබ්බත්ථපි එවමෙව දිස්සති)</span> කප්පෙ, චන්දනං අභිපූජයිං;
                    </div>
                    <div class="gathalast">දුග්ගතිං නාභිජානාමි, ඵුසිතස්ස ඉදං ඵලං.</div>
                </div>
                <div class="paragraph" para="52">
                    <span class="paranum">52</span>
                    <div class="gatha"> ‘‘පටිසම්භිදා චතස්සො...පෙ.... කතං බුද්ධස්ස සාසනං’’.</div>
                    <div class="bodytext">ඉත්ථං සුදං ආයස්මා ඵුසිතකම්පියො ථෙරො ඉමා ගාථායො අභාසිත්ථාති.</div>
                </div>
            </div>
            <div class="centre ct_sutta ending">ඵුසිතකම්පියත්ථෙරස්සාපදානං පඤ්චමං.</div>
        </div>
        <div class="subhead ct_sutta" node-id="46436">
            <span class="subhead ct_sutta">6. පභඞ්කරත්ථෙරඅපදානං</span>
            <div class="subhead-contents">
                <div class="paragraph" para="53">
                    <span class="paranum">53</span>
                    <div class="gatha"> ‘‘පදුමුත්තරභගවතො, ලොකජෙට්ඨස්ස තාදිනො;</div>
                    <div class="gathalast">විපිනෙ චෙතියං ආසි, වාළමිගසමාකුලෙ.</div>
                </div>
                <div class="paragraph" para="54">
                    <span class="paranum">54</span>
                    <div class="gatha"> ‘‘න 
                        <pb ed="T" n="1.0418"/>
                        <pb ed="M" n="1.0310"/> කොචි විසහි ගන්තුං, චෙතියං අභිවන්දිතුං;
                    </div>
                    <div class="gathalast">තිණකට්ඨලතොනද්ධං, පලුග්ගං ආසි චෙතියං.</div>
                </div>
                <div class="paragraph" para="55">
                    <span class="paranum">55</span>
                    <div class="gatha"> ‘‘වනකම්මිකො තදා ආසිං, පිතුමාතුමතෙනහං 
                        <span class="note">(පිතුපෙතාමහෙනහං (සී.), පිතාපෙතාමහෙනහං (ස්‍යා.))</span>;
                    </div>
                    <div class="gathalast">අද්දසං විපිනෙ ථූපං, ලුග්ගං තිණලතාකුලං.</div>
                </div>
                <div class="paragraph" para="56">
                    <span class="paranum">56</span>
                    <div class="gatha"> ‘‘දිස්වානාහං බුද්ධථූපං, ගරුචිත්තං උපට්ඨහිං;</div>
                    <div class="gathalast">බුද්ධසෙට්ඨස්ස ථූපොයං, පලුග්ගො අච්ඡතී වනෙ.</div>
                </div>
                <div class="paragraph" para="57">
                    <span class="paranum">57</span>
                    <div class="gatha"> ‘‘නච්ඡන්නං නප්පතිරූපං, ජානන්තස්ස ගුණාගුණං;</div>
                    <div class="gathalast">බුද්ධථූපං අසොධෙත්වා, අඤ්ඤං කම්මං පයොජයෙ.</div>
                </div>
                <div class="paragraph" para="58">
                    <span class="paranum">58</span>
                    <div class="gatha"> ‘‘තිණකට්ඨඤ්ච වල්ලිඤ්ච, සොධයිත්වාන චෙතියෙ;</div>
                    <div class="gathalast">වන්දිත්වා අට්ඨ වාරානි 
                        <span class="note">(අට්ඨ ඨානානි (ක.))</span>, පටිකුටිකො අගච්ඡහං.
                    </div>
                </div>
                <div class="paragraph" para="59">
                    <span class="paranum">59</span>
                    <div class="gatha"> ‘‘තෙන 
                        <pb ed="V" n="1.0293"/> කම්මෙන සුකතෙන, චෙතනාපණිධීහි ච;
                    </div>
                    <div class="gathalast">ජහිත්වා මානුසං දෙහං, තාවතිංසමගච්ඡහං.</div>
                </div>
                <div class="paragraph" para="60">
                    <span class="paranum">60</span>
                    <div class="gatha"> ‘‘තත්ථ මෙ සුකතං බ්‍යම්හං, සොවණ්ණං සපභස්සරං;</div>
                    <div class="gathalast">සට්ඨියොජනමුබ්බිද්ධං, තිංසයොජනවිත්ථතං.</div>
                </div>
                <div class="paragraph" para="61">
                    <span class="paranum">61</span>
                    <div class="gatha"> ‘‘තිසතානි ච වාරානි, දෙවරජ්ජමකාරයිං;</div>
                    <div class="gathalast">පඤ්චවීසතික්ඛත්තුඤ්ච, චක්කවත්තී අහොසහං.</div>
                </div>
                <div class="paragraph" para="62">
                    <span class="paranum">62</span>
                    <div class="gatha"> ‘‘භවාභවෙ සංසරන්තො, මහාභොගං ලභාමහං;</div>
                    <div class="gathalast">භොගෙ මෙ ඌනතා නත්ථි, සොධනාය ඉදං ඵලං.</div>
                </div>
                <div class="paragraph" para="63">
                    <span class="paranum">63</span>
                    <div class="gatha"> ‘‘සිවිකා 
                        <pb ed="P" n="1.0270"/> හත්ථිඛන්ධෙන, විපිනෙ ගච්ඡතො මම;
                    </div>
                    <div class="gathalast">යං යං දිසාහං ගච්ඡාමි, සරණං සම්පතෙ 
                        <span class="note">(සිජ්ඣතෙ (ක.))</span> වනං.
                    </div>
                </div>
                <div class="paragraph" para="64">
                    <span class="paranum">64</span>
                    <div class="gatha"> ‘‘ඛාණුං 
                        <pb ed="T" n="1.0419"/> වා කණ්ටකං වාපි, නාහං පස්සාමි චක්ඛුනා;
                    </div>
                    <div class="gathalast">පුඤ්ඤකම්මෙන සංයුත්තො, සයමෙවාපනීයරෙ.</div>
                </div>
                <div class="paragraph" para="65">
                    <span class="paranum">65</span>
                    <div class="gatha"> ‘‘කුට්ඨං ගණ්ඩො කිලාසො ච, අපමාරො විතච්ඡිකා;</div>
                    <div class="gathalast">දද්දු කච්ඡු 
                        <span class="note">(කණ්ඩු (ස්‍යා.))</span> ච මෙ නත්ථි, සොධනාය ඉදං ඵලං.
                    </div>
                </div>
                <div class="paragraph" para="66">
                    <span class="paranum">66</span>
                    <div class="gatha"> ‘‘අඤ්ඤම්පි 
                        <pb ed="M" n="1.0311"/> මෙ අච්ඡරියං, බුද්ධථූපස්ස සොධනෙ 
                        <span class="note">(බුද්ධථූපම්හි සොධිතෙ (ස්‍යා.))</span>;
                    </div>
                    <div class="gathalast">නාභිජානාමි මෙ කායෙ, ජාතං පිළකබින්දුකං.</div>
                </div>
                <div class="paragraph" para="67">
                    <span class="paranum">67</span>
                    <div class="gatha"> ‘‘අඤ්ඤම්පි මෙ අච්ඡරියං, බුද්ධථූපම්හි සොධිතෙ 
                        <span class="note">(සබ්බත්ථපි එවමෙව දිස්සති, තථා උපරිපි)</span>;
                    </div>
                    <div class="gathalast">දුවෙ භවෙ සංසරාමි, දෙවත්තෙ අථ මානුසෙ.</div>
                </div>
                <div class="paragraph" para="68">
                    <span class="paranum">68</span>
                    <div class="gatha"> ‘‘අඤ්ඤම්පි මෙ අච්ඡරියං, බුද්ධථූපම්හි සොධිතෙ;</div>
                    <div class="gathalast">සුවණ්ණවණ්ණො සබ්බත්ථ, සප්පභාසො භවාමහං.</div>
                </div>
                <div class="paragraph" para="69">
                    <span class="paranum">69</span>
                    <div class="gatha"> ‘‘අඤ්ඤම්පි මෙ අච්ඡරියං, බුද්ධථූපම්හි සොධිතෙ;</div>
                    <div class="gathalast">අමනාපං විවජ්ජති, මනාපං උපතිට්ඨති.</div>
                </div>
                <div class="paragraph" para="70">
                    <span class="paranum">70</span>
                    <div class="gatha"> ‘‘අඤ්ඤම්පි මෙ අච්ඡරියං, බුද්ධථූපම්හි සොධිතෙ;</div>
                    <div class="gathalast">විසුද්ධං හොති මෙ චිත්තං, එකග්ගං සුසමාහිතං.</div>
                </div>
                <div class="paragraph" para="71">
                    <span class="paranum">71</span>
                    <div class="gatha"> ‘‘අඤ්ඤම්පි මෙ අච්ඡරියං, බුද්ධථූපම්හි සොධිතෙ;</div>
                    <div class="gathalast">එකාසනෙ නිසීදිත්වා, අරහත්තමපාපුණිං.</div>
                </div>
                <div class="paragraph" para="72">
                    <span class="paranum">72</span>
                    <div class="gatha"> ‘‘සතසහස්සිතො කප්පෙ, යං කම්මමකරිං තදා;</div>
                    <div class="gathalast">දුග්ගතිං නාභිජානාමි, සොධනාය ඉදං ඵලං.</div>
                </div>
                <div class="paragraph" para="73">
                    <span class="paranum">73</span>
                    <div class="gatha"> ‘‘පටිසම්භිදා 
                        <pb ed="V" n="1.0294"/> චතස්සො...පෙ.... කතං බුද්ධස්ස සාසනං’’.
                    </div>
                    <div class="bodytext">ඉත්ථං 
                        <pb ed="T" n="1.0420"/> සුදං ආයස්මා පභඞ්කරො ථෙරො ඉමා ගාථායො අභාසිත්ථාති.
                    </div>
                </div>
            </div>
            <div class="centre ct_sutta ending">පභඞ්කරත්ථෙරස්සාපදානං ඡට්ඨං.</div>
        </div>
        <div class="subhead ct_sutta" node-id="46437">
            <span class="subhead ct_sutta">7. තිණකුටිදායකත්ථෙරඅපදානං</span>
            <div class="subhead-contents">
                <div class="paragraph" para="74">
                    <span class="paranum">74</span>
                    <div class="gatha"> ‘‘නගරෙ බන්ධුමතියා, අහොසිං පරකම්මිකො;</div>
                    <div class="gathalast">පරකම්මායනෙ යුත්තො, පරභත්තං අපස්සිතො.</div>
                </div>
                <div class="paragraph" para="75">
                    <span class="paranum">75</span>
                    <div class="gatha"> ‘‘රහොගතො නිසීදිත්වා, එවං චින්තෙසහං තදා;</div>
                    <div class="gathalast">බුද්ධො ලොකෙ සමුප්පන්නො, අධිකාරො ච නත්ථි මෙ.</div>
                </div>
                <div class="paragraph" para="76">
                    <span class="paranum">76</span>
                    <div class="gatha"> ‘‘කාලො 
                        <pb ed="P" n="1.0271"/> මෙ ගතිං 
                        <span class="note">(කාලො ගතිං මෙ (සී. ස්‍යා.))</span> සොධෙතුං, ඛණො මෙ පටිපාදිතො;
                    </div>
                    <div class="gathalast">දුක්ඛො නිරයසම්ඵස්සො, අපුඤ්ඤානඤ්හි පාණිනං.</div>
                </div>
                <div class="paragraph" para="77">
                    <span class="paranum">77</span>
                    <div class="gatha"> ‘‘එවාහං චින්තයිත්වාන, කම්මසාමිං උපාගමිං;</div>
                    <div class="gathalast">එකාහං කම්මං යාචිත්වා, විපිනං පාවිසිං අහං.</div>
                </div>
                <div class="paragraph" para="78">
                    <span class="paranum">78</span>
                    <div class="gatha"> ‘‘තිණකට්ඨඤ්ච 
                        <pb ed="M" n="1.0312"/> වල්ලිඤ්ච, ආහරිත්වානහං තදා;
                    </div>
                    <div class="gathalast">තිදණ්ඩකෙ ඨපෙත්වාන, අකං තිණකුටිං අහං.</div>
                </div>
                <div class="paragraph" para="79">
                    <span class="paranum">79</span>
                    <div class="gatha"> ‘‘සඞ්ඝස්සත්ථාය කුටිකං, නිය්‍යාදෙත්වාන 
                        <span class="note">(නිය්‍යාතෙත්වාන (සී.))</span> තං අහං;
                    </div>
                    <div class="gathalast">තදහෙයෙව ආගන්ත්වා, කම්මසාමිං උපාගමිං.</div>
                </div>
                <div class="paragraph" para="80">
                    <span class="paranum">80</span>
                    <div class="gatha"> ‘‘තෙන කම්මෙන සුකතෙන, තාවතිංසමගච්ඡහං;</div>
                    <div class="gathalast">තත්ථ මෙ සුකතං බ්‍යම්හං, කුටිකාය සුනිම්මිතං 
                        <span class="note">(තිණකුටිකාය නිම්මිතං (සී.))</span>.
                    </div>
                </div>
                <div class="paragraph" para="81">
                    <span class="paranum">81</span>
                    <div class="gatha"> ‘‘සහස්සකණ්ඩං 
                        <pb ed="T" n="1.0421"/> සතභෙණ්ඩු, ධජාලු හරිතාමයං;
                    </div>
                    <div class="gathalast">සතසහස්සනිය්‍යූහා, බ්‍යම්හෙ පාතුභවිංසු මෙ.</div>
                </div>
                <div class="paragraph" para="82">
                    <span class="paranum">82</span>
                    <div class="gatha"> ‘‘යං යං යොනුපපජ්ජාමි, දෙවත්තං අථ මානුසං;</div>
                    <div class="gathalast">මම සඞ්කප්පමඤ්ඤාය, පාසාදො උපතිට්ඨති.</div>
                </div>
                <div class="paragraph" para="83">
                    <span class="paranum">83</span>
                    <div class="gatha"> ‘‘භයං වා ඡම්භිතත්තං වා, ලොමහංසො න විජ්ජති;</div>
                    <div class="gathalast">තාසං මම න ජානාමි, තිණකුටිකායිදං 
                        <span class="note">(තිණකුටියිදං (ක.))</span> ඵලං.
                    </div>
                </div>
                <div class="paragraph" para="84">
                    <span class="paranum">84</span>
                    <div class="gatha"> ‘‘සීහබ්‍යග්ඝා ච දීපී ච, අච්ඡකොකතරච්ඡකා 
                        <span class="note">(තරච්ඡයො (ස්‍යා. ක.))</span>;
                    </div>
                    <div class="gathalast">සබ්බෙ මං පරිවජ්ජෙන්ති, තිණකුටිකායිදං ඵලං.</div>
                </div>
                <div class="paragraph" para="85">
                    <span class="paranum">85</span>
                    <div class="gatha"> ‘‘සරීසපා 
                        <pb ed="V" n="1.0295"/>
                        <span class="note">(සිරිංසපා (සී. ස්‍යා.), සරිංසපා (ක.))</span> ච භූතා ච, අහී කුම්භණ්ඩරක්ඛසා;
                    </div>
                    <div class="gathalast">තෙපි මං පරිවජ්ජෙන්ති, තිණකුටිකායිදං ඵලං.</div>
                </div>
                <div class="paragraph" para="86">
                    <span class="paranum">86</span>
                    <div class="gatha"> ‘‘න පාපසුපිනස්සාපි, සරාමි දස්සනං මම;</div>
                    <div class="gathalast">උපට්ඨිතා සති මය්හං, තිණකුටිකායිදං ඵලං.</div>
                </div>
                <div class="paragraph" para="87">
                    <span class="paranum">87</span>
                    <div class="gatha"> ‘‘තායෙව තිණකුටිකාය, අනුභොත්වාන සම්පදා;</div>
                    <div class="gathalast">ගොතමස්ස භගවතො, ධම්මං සච්ඡිකරිං අහං.</div>
                </div>
                <div class="paragraph" para="88">
                    <span class="paranum">88</span>
                    <div class="gatha"> ‘‘එකනවුතිතො කප්පෙ, යං කම්මමකරිං තදා;</div>
                    <div class="gathalast">දුග්ගතිං නාභිජානාමි, තිණකුටිකායිදං ඵලං.</div>
                </div>
                <div class="paragraph" para="89">
                    <span class="paranum">89</span>
                    <div class="gatha"> ‘‘පටිසම්භිදා චතස්සො...පෙ.... කතං බුද්ධස්ස සාසනං’’.</div>
                    <div class="bodytext">ඉත්ථං 
                        <pb ed="T" n="1.0422"/> සුදං ආයස්මා තිණකුටිදායකො ථෙරො ඉමා ගාථායො අභාසිත්ථාති.
                    </div>
                </div>
            </div>
            <div class="centre ct_sutta ending">තිණකුටිදායකත්ථෙරස්සාපදානං සත්තමං.</div>
        </div>
        <div class="subhead ct_sutta" node-id="46438">
            <span class="subhead ct_sutta">8. උත්තරෙය්‍යදායකත්ථෙරඅපදානං</span>
            <div class="subhead-contents">
                <div class="paragraph" para="90">
                    <span class="paranum">90</span>
                    <div class="gatha"> ‘‘නගරෙ 
                        <pb ed="M" n="1.0313"/>
                        <pb ed="P" n="1.0272"/> හංසවතියා, අහොසිං බ්‍රාහ්මණො තදා;
                    </div>
                    <div class="gathalast">අජ්ඣායකො මන්තධරො, තිණ්ණං වෙදාන පාරගූ.</div>
                </div>
                <div class="paragraph" para="91">
                    <span class="paranum">91</span>
                    <div class="gatha"> ‘‘පුරක්ඛතො සසිස්සෙහි, ජාතිමා ච සුසික්ඛිතො;</div>
                    <div class="gathalast">තොයාභිසෙචනත්ථාය, නගරා නික්ඛමිං තදා.</div>
                </div>
                <div class="paragraph" para="92">
                    <span class="paranum">92</span>
                    <div class="gatha"> ‘‘පදුමුත්තරො නාම ජිනො, සබ්බධම්මාන පාරගූ;</div>
                    <div class="gathalast">ඛීණාසවසහස්සෙහි, පාවිසී නගරං ජිනො.</div>
                </div>
                <div class="paragraph" para="93">
                    <span class="paranum">93</span>
                    <div class="gatha"> ‘‘සුචාරුරූපං දිස්වාන, ආනෙඤ්ජකාරිතං විය;</div>
                    <div class="gathalast">පරිවුතං අරහන්තෙහි, දිස්වා චිත්තං පසාදයිං.</div>
                </div>
                <div class="paragraph" para="94">
                    <span class="paranum">94</span>
                    <div class="gatha"> ‘‘සිරස්මිං අඤ්ජලිං කත්වා, නමස්සිත්වාන සුබ්බතං;</div>
                    <div class="gathalast">පසන්නචිත්තො සුමනො, උත්තරීයමදාසහං.</div>
                </div>
                <div class="paragraph" para="95">
                    <span class="paranum">95</span>
                    <div class="gatha"> ‘‘උභො හත්ථෙහි පග්ගය්හ, සාටකං උක්ඛිපිං අහං;</div>
                    <div class="gathalast">යාවතා බුද්ධපරිසා, තාව ඡාදෙසි සාටකො.</div>
                </div>
                <div class="paragraph" para="96">
                    <span class="paranum">96</span>
                    <div class="gatha"> ‘‘පිණ්ඩචාරං චරන්තස්ස, මහාභික්ඛුගණාදිනො;</div>
                    <div class="gathalast">ඡදං කරොන්තො අට්ඨාසි, හාසයන්තො මමං තදා.</div>
                </div>
                <div class="paragraph" para="97">
                    <span class="paranum">97</span>
                    <div class="gatha"> ‘‘ඝරතො 
                        <pb ed="T" n="1.0423"/>
                        <pb ed="V" n="1.0296"/> නික්ඛමන්තස්ස, සයම්භූ අග්ගපුග්ගලො;
                    </div>
                    <div class="gathalast">වීථියංව ඨිතො සත්ථා, අකා මෙ 
                        <span class="note">(අකාසි (ස්‍යා.))</span> අනුමොදනං.
                    </div>
                </div>
                <div class="paragraph" para="98">
                    <span class="paranum">98</span>
                    <div class="gatha"> ‘‘පසන්නචිත්තො සුමනො, යො මෙ අදාසි සාටකං;</div>
                    <div class="gathalast">තමහං කිත්තයිස්සාමි, සුණොථ මම භාසතො.</div>
                </div>
                <div class="paragraph" para="99">
                    <span class="paranum">99</span>
                    <div class="gatha"> ‘‘‘තිංසකප්පසහස්සානි, දෙවලොකෙ රමිස්සති;</div>
                    <div class="gathalast">පඤ්ඤාසක්ඛත්තුං දෙවින්දො, දෙවරජ්ජං කරිස්සති.</div>
                </div>
                <div class="paragraph" para="100">
                    <span class="paranum">100</span>
                    <div class="gatha"> ‘‘‘දෙවලොකෙ වසන්තස්ස, පුඤ්ඤකම්මසමඞ්ගිනො;</div>
                    <div class="gathalast">සමන්තා යොජනසතං, දුස්සච්ඡන්නං භවිස්සති.</div>
                </div>
                <div class="paragraph" para="101">
                    <span class="paranum">101</span>
                    <div class="gatha"> ‘‘‘ඡත්තිංසක්ඛත්තුං රාජා ච, චක්කවත්තී භවිස්සති;</div>
                    <div class="gathalast">පදෙසරජ්ජං විපුලං, ගණනාතො අසඞ්ඛියං.</div>
                </div>
                <div class="paragraph" para="102">
                    <span class="paranum">102</span>
                    <div class="gatha"> ‘‘‘භවෙ සංසරමානස්ස, පුඤ්ඤකම්මසමඞ්ගිනො;</div>
                    <div class="gathalast">මනසා පත්ථිතං සබ්බං, නිබ්බත්තිස්සති තාවදෙ.</div>
                </div>
                <div class="paragraph" para="103">
                    <span class="paranum">103</span>
                    <div class="gatha"> ‘‘‘කොසෙය්‍යකම්බලියානි 
                        <pb ed="M" n="1.0314"/>
                        <span class="note">(කොසෙය්‍යකම්බලීයානි (සී.))</span>, ඛොමකප්පාසිකානි ච;
                    </div>
                    <div class="gathalast">මහග්ඝානි ච දුස්සානි, පටිලච්ඡතියං නරො.</div>
                </div>
                <div class="paragraph" para="104">
                    <span class="paranum">104</span>
                    <div class="gatha"> ‘‘‘මනසා 
                        <pb ed="P" n="1.0273"/> පත්ථිතං සබ්බං, පටිලච්ඡතියං නරො;
                    </div>
                    <div class="gathalast">එකදුස්සස්ස විපාකං, අනුභොස්සති සබ්බදා.</div>
                </div>
                <div class="paragraph" para="105">
                    <span class="paranum">105</span>
                    <div class="gatha"> ‘‘‘සො පච්ඡා පබ්බජිත්වාන, සුක්කමූලෙන චොදිතො;</div>
                    <div class="gathalast">ගොතමස්ස භගවතො, ධම්මං සච්ඡිකරිස්සති’.</div>
                </div>
                <div class="paragraph" para="106">
                    <span class="paranum">106</span>
                    <div class="gatha"> ‘‘අහො මෙ සුකතං කම්මං, සබ්බඤ්ඤුස්ස මහෙසිනො;</div>
                    <div class="gathalast">එකාහං සාටකං දත්වා, පත්තොම්හි අමතං පදං.</div>
                </div>
                <div class="paragraph" para="107">
                    <span class="paranum">107</span>
                    <div class="gatha"> ‘‘මණ්ඩපෙ 
                        <pb ed="T" n="1.0424"/> රුක්ඛමූලෙ වා, වසතො සුඤ්ඤකෙ ඝරෙ;
                    </div>
                    <div class="gathalast">ධාරෙති දුස්සඡදනං, සමන්තා බ්‍යාමතො මම.</div>
                </div>
                <div class="paragraph" para="108">
                    <span class="paranum">108</span>
                    <div class="gatha"> ‘‘අවිඤ්ඤත්තං නිවාසෙමි 
                        <span class="note">(අවිඤ්ඤත්තානි සෙවාමි (?))</span>, චීවරං පච්චයඤ්චහං;
                    </div>
                    <div class="gathalast">ලාභී 
                        <span class="note">(ලාභිම්හි (ස්‍යා.))</span> අන්නස්ස පානස්ස, උත්තරෙය්‍යස්සිදං ඵලං.
                    </div>
                </div>
                <div class="paragraph" para="109">
                    <span class="paranum">109</span>
                    <div class="gatha"> ‘‘සතසහස්සිතො කප්පෙ, යං කම්මමකරිං තදා;</div>
                    <div class="gathalast">දුග්ගතිං නාභිජානාමි, වත්ථදානස්සිදං ඵලං.</div>
                </div>
                <div class="paragraph" para="110">
                    <span class="paranum">110</span>
                    <div class="gatha"> ‘‘පටිසම්භිදා චතස්සො...පෙ.... කතං බුද්ධස්ස සාසනං’’.</div>
                    <div class="bodytext">ඉත්ථං සුදං ආයස්මා උත්තරෙය්‍යදායකො ථෙරො ඉමා ගාථායො අභාසිත්ථාති.</div>
                </div>
            </div>
            <div class="centre ct_sutta ending">උත්තරෙය්‍යදායකත්ථෙරස්සාපදානං අට්ඨමං.</div>
        </div>
        <div class="subhead ct_sutta" node-id="46439">
            <span class="subhead ct_sutta">9. ධම්මසවනියත්ථෙරඅපදානං</span>
            <div class="subhead-contents">
                <div class="paragraph" para="111">
                    <span class="paranum">111</span>
                    <div class="gatha"> ‘‘පදුමුත්තරො 
                        <pb ed="V" n="1.0297"/> නාම ජිනො, සබ්බධම්මාන පාරගූ;
                    </div>
                    <div class="gathalast">චතුසච්චං පකාසෙන්තො, සන්තාරෙසි බහුං ජනං.</div>
                </div>
                <div class="paragraph" para="112">
                    <span class="paranum">112</span>
                    <div class="gatha"> ‘‘අහං තෙන සමයෙන, ජටිලො උග්ගතාපනො;</div>
                    <div class="gathalast">ධුනන්තො වාකචීරානි, ගච්ඡාමි අම්බරෙ තදා.</div>
                </div>
                <div class="paragraph" para="113">
                    <span class="paranum">113</span>
                    <div class="gatha"> ‘‘බුද්ධසෙට්ඨස්ස උපරි, ගන්තුං න විසහාමහං;</div>
                    <div class="gathalast">පක්ඛීව සෙලමාසජ්ජ 
                        <span class="note">(සෙලමාපජ්ජ (ස්‍යා.))</span>, ගමනං න ලභාමහං.
                    </div>
                </div>
                <div class="paragraph" para="114">
                    <span class="paranum">114</span>
                    <div class="gatha"> ‘‘න 
                        <pb ed="T" n="1.0425"/>
                        <pb ed="M" n="1.0315"/> මෙ ඉදං භූතපුබ්බං, ඉරියස්ස විකොපනං;
                    </div>
                    <div class="gathalast">දකෙ යථා උම්මුජ්ජිත්වා, එවං ගච්ඡාමි අම්බරෙ.</div>
                </div>
                <div class="paragraph" para="115">
                    <span class="paranum">115</span>
                    <div class="gatha"> ‘‘උළාරභූතො 
                        <pb ed="P" n="1.0274"/> මනුජො, හෙට්ඨාසීනො 
                        <span class="note">(හෙට්ඨාපි නො (ක.))</span> භවිස්සති;
                    </div>
                    <div class="gathalast">හන්ද මෙනං ගවෙසිස්සං, අපි අත්ථං ලභෙය්‍යහං.</div>
                </div>
                <div class="paragraph" para="116">
                    <span class="paranum">116</span>
                    <div class="gatha"> ‘‘ඔරොහන්තො අන්තලික්ඛා, සද්දමස්සොසි සත්ථුනො;</div>
                    <div class="gathalast">අනිච්චතං කථෙන්තස්ස, තමහං උග්ගහිං තදා.</div>
                </div>
                <div class="paragraph" para="117">
                    <span class="paranum">117</span>
                    <div class="gatha"> ‘‘අනිච්චසඤ්ඤමුග්ගය්හ, අගමාසිං මමස්සමං;</div>
                    <div class="gathalast">යාවතායුං වසිත්වාන, තත්ථ කාලඞ්කතො අහං.</div>
                </div>
                <div class="paragraph" para="118">
                    <span class="paranum">118</span>
                    <div class="gatha"> ‘‘චරිමෙ වත්තමානම්හි, තං ධම්මසවනං 
                        <span class="note">(ධම්මසවණං (සී.))</span> සරිං;
                    </div>
                    <div class="gathalast">තෙන කම්මෙන සුකතෙන, තාවතිංසමගච්ඡහං.</div>
                </div>
                <div class="paragraph" para="119">
                    <span class="paranum">119</span>
                    <div class="gatha"> ‘‘තිංසකප්පසහස්සානි, දෙවලොකෙ රමිං අහං;</div>
                    <div class="gathalast">එකපඤ්ඤාසක්ඛත්තුඤ්ච, දෙවරජ්ජමකාරයිං.</div>
                </div>
                <div class="paragraph" para="120">
                    <span class="paranum">120</span>
                    <div class="gatha"> ‘‘එකසත්තතික්ඛත්තුඤ්ච, චක්කවත්තී අහොසහං;</div>
                    <div class="gathalast">පදෙසරජ්ජං විපුලං, ගණනාතො අසඞ්ඛියං.</div>
                </div>
                <div class="paragraph" para="121">
                    <span class="paranum">121</span>
                    <div class="gatha"> ‘‘පිතුගෙහෙ නිසීදිත්වා, සමණො භාවිතින්ද්‍රියො;</div>
                    <div class="gathalast">ගාථාය පරිදීපෙන්තො, අනිච්චතමුදාහරි 
                        <span class="note">(අනිච්චවත්ථුදාහරි (ස්‍යා. ක.))</span>.
                    </div>
                </div>
                <div class="paragraph" para="122">
                    <span class="paranum">122</span>
                    <div class="gatha"> ‘‘අනුස්සරාමි තං සඤ්ඤං, සංසරන්තො භවාභවෙ;</div>
                    <div class="gathalast">න කොටිං පටිවිජ්ඣාමි 
                        <span class="note">(න කොචි පටිවජ්ජාමි (ක.))</span>, නිබ්බානං අච්චුතං පදං 
                        <span class="note">(අයං ගාථා උපරි 43 වග්ගෙ සත්තමාපදානෙ පුරිමගාථාය පුරෙතරං දිස්සති)</span>.
                    </div>
                </div>
                <div class="paragraph" para="123">
                    <span class="paranum">123</span>
                    <div class="gatha"> ‘‘අනිච්චා වත සඞ්ඛාරා, උප්පාදවයධම්මිනො;</div>
                    <div class="gathalast">උප්පජ්ජිත්වා නිරුජ්ඣන්ති, තෙසං වූපසමො සුඛො.</div>
                </div>
                <div class="paragraph" para="124">
                    <span class="paranum">124</span>
                    <div class="gatha"> ‘‘සහ 
                        <pb ed="T" n="1.0426"/>
                        <pb ed="V" n="1.0298"/> ගාථං සුණිත්වාන, පුබ්බකම්මං අනුස්සරිං;
                    </div>
                    <div class="gathalast">එකාසනෙ නිසීදිත්වා, අරහත්තමපාපුණිං.</div>
                </div>
                <div class="paragraph" para="125">
                    <span class="paranum">125</span>
                    <div class="gatha"> ‘‘ජාතියා සත්තවස්සොහං, අරහත්තමපාපුණිං;</div>
                    <div class="gathalast">උපසම්පාදයි බුද්ධො, ගුණමඤ්ඤාය චක්ඛුමා.</div>
                </div>
                <div class="paragraph" para="126">
                    <span class="paranum">126</span>
                    <div class="gatha"> ‘‘දාරකොව 
                        <pb ed="M" n="1.0316"/> අහං සන්තො, කරණීයං සමාපයිං;
                    </div>
                    <div class="gathalast">කිං මෙ කරණීයං අජ්ජ, සක්‍යපුත්තස්ස සාසනෙ.</div>
                </div>
                <div class="paragraph" para="127">
                    <span class="paranum">127</span>
                    <div class="gatha"> ‘‘සතසහස්සිතො කප්පෙ, යං කම්මමකරිං තදා;</div>
                    <div class="gathalast">දුග්ගතිං නාභිජානාමි, සද්ධම්මසවනෙ ඵලං.</div>
                </div>
                <div class="paragraph" para="128">
                    <span class="paranum">128</span>
                    <div class="gatha"> ‘‘පටිසම්භිදා චතස්සො...පෙ.... කතං බුද්ධස්ස සාසනං’’.</div>
                    <div class="bodytext">ඉත්ථං සුදං ආයස්මා ධම්මසවනියො ථෙරො ඉමා ගාථායො අභාසිත්ථාති.</div>
                </div>
            </div>
            <div class="centre ct_sutta ending">ධම්මසවනියත්ථෙරස්සාපදානං නවමං.</div>
        </div>
        <div class="subhead ct_sutta" node-id="464310">
            <span class="subhead ct_sutta">10. උක්ඛිත්තපදුමියත්ථෙරඅපදානං</span>
            <div class="subhead-contents">
                <div class="paragraph" para="129">
                    <span class="paranum">129</span>
                    <div class="gatha"> ‘‘නගරෙ 
                        <pb ed="P" n="1.0275"/> හංසවතියා, අහොසිං මාලිකො තදා;
                    </div>
                    <div class="gathalast">ඔගාහෙත්වා පදුමසරං, සතපත්තං ඔචිනාමහං.</div>
                </div>
                <div class="paragraph" para="130">
                    <span class="paranum">130</span>
                    <div class="gatha"> ‘‘පදුමුත්තරො නාම ජිනො, සබ්බධම්මාන පාරගූ;</div>
                    <div class="gathalast">සහ සතසහස්සෙහි 
                        <span class="note">(සතසහස්සසිස්සෙහි (ක.))</span>, සන්තචිත්තෙහි තාදිභි.
                    </div>
                </div>
                <div class="paragraph" para="131">
                    <span class="paranum">131</span>
                    <div class="gatha"> ‘‘ඛීණාසවෙහි 
                        <pb ed="T" n="1.0427"/> සුද්ධෙහි, ඡළභිඤ්ඤෙහි ඣායිභි 
                        <span class="note">(සො තදා (සී.), සො සහ (ක.))</span>;
                    </div>
                    <div class="gathalast">මම වුද්ධිං සමන්වෙසං, ආගච්ඡි මම සන්තිකං 
                        <span class="note">(මම සන්තිකෙ (සී.), පුරිසුත්තමො (ස්‍යා. ක.))</span>.
                    </div>
                </div>
                <div class="paragraph" para="132">
                    <span class="paranum">132</span>
                    <div class="gatha"> ‘‘දිස්වානහං දෙවදෙවං, සයම්භුං ලොකනායකං;</div>
                    <div class="gathalast">වණ්ටෙ ඡෙත්වා සතපත්තං, උක්ඛිපිමම්බරෙ තදා.</div>
                </div>
                <div class="paragraph" para="133">
                    <span class="paranum">133</span>
                    <div class="gatha"> ‘‘යදි බුද්ධො තුවං වීර, ලොකජෙට්ඨො නරාසභො;</div>
                    <div class="gathalast">සයං ගන්ත්වා සතපත්තා, මත්ථකෙ ධාරයන්තු තෙ.</div>
                </div>
                <div class="paragraph" para="134">
                    <span class="paranum">134</span>
                    <div class="gatha"> ‘‘අධිට්ඨහි මහාවීරො, ලොකජෙට්ඨො නරාසභො;</div>
                    <div class="gathalast">බුද්ධස්ස ආනුභාවෙන, මත්ථකෙ ධාරයිංසු තෙ.</div>
                </div>
                <div class="paragraph" para="135">
                    <span class="paranum">135</span>
                    <div class="gatha"> ‘‘තෙන කම්මෙන සුකතෙන, චෙතනාපණිධීහි ච;</div>
                    <div class="gathalast">ජහිත්වා මානුසං දෙහං, තාවතිංසමගච්ඡහං.</div>
                </div>
                <div class="paragraph" para="136">
                    <span class="paranum">136</span>
                    <div class="gatha"> ‘‘තත්ථ 
                        <pb ed="M" n="1.0317"/>
                        <pb ed="V" n="1.0299"/> මෙ සුකතං බ්‍යම්හං, සතපත්තන්ති වුච්චති;
                    </div>
                    <div class="gathalast">සට්ඨියොජනමුබ්බිද්ධං, තිංසයොජනවිත්ථතං.</div>
                </div>
                <div class="paragraph" para="137">
                    <span class="paranum">137</span>
                    <div class="gatha"> ‘‘සහස්සක්ඛත්තුං දෙවින්දො, දෙවරජ්ජමකාරයිං;</div>
                    <div class="gathalast">පඤ්චසත්තතික්ඛත්තුඤ්ච, චක්කවත්තී අහොසහං.</div>
                </div>
                <div class="paragraph" para="138">
                    <span class="paranum">138</span>
                    <div class="gatha"> ‘‘පදෙසරජ්ජං විපුලං, ගණනාතො අසඞ්ඛියං;</div>
                    <div class="gathalast">අනුභොමි සකං කම්මං, පුබ්බෙ සුකතමත්තනො.</div>
                </div>
                <div class="paragraph" para="139">
                    <span class="paranum">139</span>
                    <div class="gatha"> ‘‘තෙනෙවෙකපදුමෙන, අනුභොත්වාන සම්පදා;</div>
                    <div class="gathalast">ගොතමස්ස භගවතො, ධම්මං සච්ඡිකරිං අහං.</div>
                </div>
                <div class="paragraph" para="140">
                    <span class="paranum">140</span>
                    <div class="gatha"> ‘‘කිලෙසා ඣාපිතා මය්හං, භවා සබ්බෙ සමූහතා;</div>
                    <div class="gathalast">නාගොව බන්ධනං ඡෙත්වා, විහරාමි අනාසවො.</div>
                </div>
                <div class="paragraph" para="141">
                    <span class="paranum">141</span>
                    <div class="gatha"> ‘‘සතසහස්සිතො 
                        <pb ed="T" n="1.0428"/> කප්පෙ, යං පුප්ඵමභිපූජයිං;
                    </div>
                    <div class="gathalast">දුග්ගතිං නාභිජානාමි, එකපදුමස්සිදං ඵලං.</div>
                </div>
                <div class="paragraph" para="142">
                    <span class="paranum">142</span>
                    <div class="gatha"> ‘‘පටිසම්භිදා 
                        <pb ed="P" n="1.0276"/> චතස්සො...පෙ.... කතං බුද්ධස්ස සාසනං’’.
                    </div>
                    <div class="bodytext">ඉත්ථං සුදං ආයස්මා උක්ඛිත්තපදුමියො ථෙරො ඉමා ගාථායො අභාසිත්ථාති.</div>
                </div>
            </div>
            <div class="centre ct_sutta ending">උක්ඛිත්තපදුමියත්ථෙරස්සාපදානං දසමං.</div>
        </div>
    </div>
    <div class="centre ct_vagga ending">ගන්ධොදකවග්ගො චතුතිංසතිමො.</div>
    <div class="paragraph udana" para="udana">
        <div class="bodytext ct_vagga">තස්සුද්දානං -</div>
        <div class="ct_vagga gatha">ගන්ධධූපො උදකඤ්ච, පුන්නාග එකදුස්සකා;</div>
        <div class="gathalast ct_vagga">ඵුසිතො ච පභඞ්කරො, කුටිදො උත්තරීයකො.</div>
        <div class="ct_vagga gatha">සවනී එකපදුමී, ගාථායො සබ්බපිණ්ඩිතා;</div>
        <div class="gathalast ct_vagga">එකං ගාථාසතඤ්චෙව, චතුතාලීසමෙව ච.</div>
    </div>
</div>