<div class="chapter ct_nipatha" node-id="44260">
    <span class="chapter ct_nipatha">17. තිංසනිපාතො</span>
    <div class="chapter-contents">
        <div class="subhead ct_sutta" node-id="44261">
            <span class="subhead ct_sutta">1. ඵුස්සත්ථෙරගාථා</span>
            <div class="subhead-contents">
                <div class="paragraph" para="949">
                    <span class="paranum">949</span>
                    <div class="gatha"> පාසාදිකෙ 
                        <pb ed="M" n="0.0341"/>
                        <pb ed="V" n="0.0273"/>
                        <pb ed="P" n="0.0087"/> බහූ දිස්වා, භාවිතත්තෙ සුසංවුතෙ;
                    </div>
                    <div class="gathalast">ඉසි පණ්ඩරසගොත්තො 
                        <span class="note">(පණ්ඩරස්ස ගොත්තො (සී.))</span>, අපුච්ඡි ඵුස්සසව්හයං.
                    </div>
                </div>
                <div class="paragraph" para="950">
                    <span class="paranum">950</span>
                    <div class="gatha"> ‘‘කිංඡන්දා 
                        <pb ed="T" n="0.0398"/> කිමධිප්පායා, කිමාකප්පා භවිස්සරෙ;
                    </div>
                    <div class="gathalast">අනාගතම්හි කාලම්හි, තං මෙ අක්ඛාහි පුච්ඡිතො’’.</div>
                </div>
                <div class="paragraph" para="951">
                    <span class="paranum">951</span>
                    <div class="gatha"> ‘‘සුණොහි වචනං මය්හං, ඉසිපණ්ඩරසව්හය;</div>
                    <div class="gathalast">සක්කච්චං උපධාරෙහි, ආචික්ඛිස්සාම්‍යනාගතං.</div>
                </div>
                <div class="paragraph" para="952">
                    <span class="paranum">952</span>
                    <div class="gatha"> ‘‘කොධනා උපනාහී ච, මක්ඛී ථම්භී සඨා බහූ;</div>
                    <div class="gathalast">උස්සුකී නානාවාදා ච, භවිස්සන්ති අනාගතෙ.</div>
                </div>
                <div class="paragraph" para="953">
                    <span class="paranum">953</span>
                    <div class="gatha"> ‘‘අඤ්ඤාතමානිනො ධම්මෙ, ගම්භීරෙ තීරගොචරා;</div>
                    <div class="gathalast">ලහුකා අගරු ධම්මෙ, අඤ්ඤමඤ්ඤමගාරවා.</div>
                </div>
                <div class="paragraph" para="954">
                    <span class="paranum">954</span>
                    <div class="gatha"> ‘‘බහූ ආදීනවා ලොකෙ, උප්පජ්ජිස්සන්ත්‍යනාගතෙ;</div>
                    <div class="gathalast">සුදෙසිතං ඉමං ධම්මං, කිලෙසෙස්සන්ති 
                        <span class="note">(කිලෙසිස්සන්ති (සී.), කිලිසිස්සන්ති (ස්‍යා. ක.))</span> දුම්මතී.
                    </div>
                </div>
                <div class="paragraph" para="955">
                    <span class="paranum">955</span>
                    <div class="gatha"> ‘‘ගුණහීනාපි සඞ්ඝම්හි, වොහරන්තා විසාරදා;</div>
                    <div class="gathalast">බලවන්තො භවිස්සන්ති, මුඛරා අස්සුතාවිනො.</div>
                </div>
                <div class="paragraph" para="956">
                    <span class="paranum">956</span>
                    <div class="gatha"> ‘‘ගුණවන්තොපි සඞ්ඝම්හි, වොහරන්තා යථාත්ථතො;</div>
                    <div class="gathalast">දුබ්බලා තෙ භවිස්සන්ති, හිරීමනා අනත්ථිකා.</div>
                </div>
                <div class="paragraph" para="957">
                    <span class="paranum">957</span>
                    <div class="gatha"> ‘‘රජතං ජාතරූපඤ්ච, ඛෙත්තං වත්ථුමජෙළකං;</div>
                    <div class="gathalast">දාසිදාසඤ්ච දුම්මෙධා, සාදියිස්සන්ත්‍යනාගතෙ.</div>
                </div>
                <div class="paragraph" para="958">
                    <span class="paranum">958</span>
                    <div class="gatha"> ‘‘උජ්ඣානසඤ්ඤිනො බාලා, සීලෙසු අසමාහිතා;</div>
                    <div class="gathalast">උන්නළා විචරිස්සන්ති, කලහාභිරතා මගා.</div>
                </div>
                <div class="paragraph" para="959">
                    <span class="paranum">959</span>
                    <div class="gatha"> ‘‘උද්ධතා ච භවිස්සන්ති, නීලචීවරපාරුතා;</div>
                    <div class="gathalast">කුහා 
                        <pb ed="T" n="0.0399"/> ථද්ධා ලපා සිඞ්ගී, චරිස්සන්ත්‍යරියා විය.
                    </div>
                </div>
                <div class="paragraph" para="960">
                    <span class="paranum">960</span>
                    <div class="gatha"> ‘‘තෙලසණ්ඨෙහි කෙසෙහි, චපලා අඤ්ජනක්ඛිකා;</div>
                    <div class="gathalast">රථියාය ගමිස්සන්ති, දන්තවණ්ණිකපාරුතා.</div>
                </div>
                <div class="paragraph" para="961">
                    <span class="paranum">961</span>
                    <div class="gatha"> ‘‘අජෙගුච්ඡං 
                        <pb ed="M" n="0.0342"/>
                        <pb ed="V" n="0.0274"/> විමුත්තෙහි, සුරත්තං අරහද්ධජං;
                    </div>
                    <div class="gathalast">ජිගුච්ඡිස්සන්ති කාසාවං, ඔදාතෙසු සමුච්ඡිතා 
                        <span class="note">(ඔදාතෙ සුසමුච්ඡිතා (සී.))</span>.
                    </div>
                </div>
                <div class="paragraph" para="962">
                    <span class="paranum">962</span>
                    <div class="gatha"> ‘‘ලාභකාමා භවිස්සන්ති, කුසීතා හීනවීරියා;</div>
                    <div class="gathalast">කිච්ඡන්තා වනපත්ථානි, ගාමන්තෙසු වසිස්සරෙ.</div>
                </div>
                <div class="paragraph" para="963">
                    <span class="paranum">963</span>
                    <div class="gatha"> ‘‘යෙ 
                        <pb ed="P" n="0.0088"/> යෙ ලාභං ලභිස්සන්ති, මිච්ඡාජීවරතා සදා;
                    </div>
                    <div class="gathalast">තෙ තෙව අනුසික්ඛන්තා, භජිස්සන්ති අසංයතා.</div>
                </div>
                <div class="paragraph" para="964">
                    <span class="paranum">964</span>
                    <div class="gatha"> ‘‘යෙ යෙ අලාභිනො ලාභං, න තෙ පුජ්ජා භවිස්සරෙ;</div>
                    <div class="gathalast">සුපෙසලෙපි තෙ ධීරෙ, සෙවිස්සන්ති න තෙ තදා.</div>
                </div>
                <div class="paragraph" para="965">
                    <span class="paranum">965</span>
                    <div class="gatha"> ‘‘මිලක්ඛුරජනං රත්තං 
                        <span class="note">(පිලක්ඛරජනං රත්තං (?))</span>, ගරහන්තා සකං ධජං;
                    </div>
                    <div class="gathalast">තිත්ථියානං ධජං කෙචි, ධාරිස්සන්ත්‍යවදාතකං.</div>
                </div>
                <div class="paragraph" para="966">
                    <span class="paranum">966</span>
                    <div class="gatha"> ‘‘අගාරවො ච කාසාවෙ, තදා තෙසං භවිස්සති;</div>
                    <div class="gathalast">පටිසඞ්ඛා ච කාසාවෙ, භික්ඛූනං න භවිස්සති.</div>
                </div>
                <div class="paragraph" para="967">
                    <span class="paranum">967</span>
                    <div class="gatha"> ‘‘අභිභූතස්ස දුක්ඛෙන, සල්ලවිද්ධස්ස රුප්පතො;</div>
                    <div class="gathalast">පටිසඞ්ඛා මහාඝොරා, නාගස්සාසි අචින්තියා.</div>
                </div>
                <div class="paragraph" para="968">
                    <span class="paranum">968</span>
                    <div class="gatha"> ‘‘ඡද්දන්තො හි තදා දිස්වා, සුරත්තං අරහද්ධජං;</div>
                    <div class="gathalast">තාවදෙව භණී ගාථා, ගජො අත්ථොපසංහිතා’’.</div>
                </div>
                <div class="paragraph" para="969">
                    <span class="paranum">969</span>
                    <div class="gatha">
                        <span class="note">(ධ. ප. 9; ජා. 1.2.141; 1.16.122)</span> ‘‘අනික්කසාවො 
                        <pb ed="T" n="0.0400"/> කාසාවං, යො වත්ථං පරිධස්සති 
                        <span class="note">(පරිදහිස්සති (සී. ස්‍යා.))</span>;
                    </div>
                    <div class="gathalast">අපෙතො දමසච්චෙන, න සො කාසාවමරහති.</div>
                </div>
                <div class="paragraph" para="970">
                    <span class="paranum">970</span>
                    <div class="gatha"> ‘‘යො ච වන්තකාසාවස්ස, සීලෙසු සුසමාහිතො;</div>
                    <div class="gathalast">උපෙතො දමසච්චෙන, ස වෙ කාසාවමරහති.</div>
                </div>
                <div class="paragraph" para="971">
                    <span class="paranum">971</span>
                    <div class="gatha"> ‘‘විපන්නසීලො දුම්මෙධො, පාකටො කාමකාරියො;</div>
                    <div class="gathalast">විබ්භන්තචිත්තො නිස්සුක්කො, න සො කාසාවමරහති.</div>
                </div>
                <div class="paragraph" para="972">
                    <span class="paranum">972</span>
                    <div class="gatha"> ‘‘යො ච සීලෙන සම්පන්නො, වීතරාගො සමාහිතො;</div>
                    <div class="gathalast">ඔදාතමනසඞ්කප්පො, ස වෙ කාසාවමරහති.</div>
                </div>
                <div class="paragraph" para="973">
                    <span class="paranum">973</span>
                    <div class="gatha"> ‘‘උද්ධතො උන්නළො බාලො, සීලං යස්ස න විජ්ජති;</div>
                    <div class="gathalast">ඔදාතකං අරහති, කාසාවං කිං කරිස්සති.</div>
                </div>
                <div class="paragraph" para="974">
                    <span class="paranum">974</span>
                    <div class="gatha"> ‘‘භික්ඛූ 
                        <pb ed="M" n="0.0343"/> ච භික්ඛුනියො ච, දුට්ඨචිත්තා අනාදරා;
                    </div>
                    <div class="gathalast">තාදීනං මෙත්තචිත්තානං, නිග්ගණ්හිස්සන්ත්‍යනාගතෙ.</div>
                </div>
                <div class="paragraph" para="975">
                    <span class="paranum">975</span>
                    <div class="gatha"> ‘‘සික්ඛාපෙන්තාපි ථෙරෙහි, බාලා චීවරධාරණං;</div>
                    <div class="gathalast">න සුණිස්සන්ති දුම්මෙධා, පාකටා කාමකාරියා.</div>
                </div>
                <div class="paragraph" para="976">
                    <span class="paranum">976</span>
                    <div class="gatha"> ‘‘තෙ 
                        <pb ed="V" n="0.0275"/> තථා සික්ඛිතා බාලා, අඤ්ඤමඤ්ඤං අගාරවා;
                    </div>
                    <div class="gathalast">නාදියිස්සන්තුපජ්ඣායෙ, ඛළුඞ්කො විය සාරථිං.</div>
                </div>
                <div class="paragraph" para="977">
                    <span class="paranum">977</span>
                    <div class="gatha"> ‘‘එවං අනාගතද්ධානං, පටිපත්ති භවිස්සති;</div>
                    <div class="gathalast">භික්ඛූනං භික්ඛුනීනඤ්ච, පත්තෙ කාලම්හි පච්ඡිමෙ.</div>
                </div>
                <div class="paragraph" para="978">
                    <span class="paranum">978</span>
                    <div class="gatha"> ‘‘පුරා ආගච්ඡතෙ එතං, අනාගතං මහබ්භයං;</div>
                    <div class="gathalast">සුබ්බචා හොථ සඛිලා, අඤ්ඤමඤ්ඤං සගාරවා.</div>
                </div>
                <div class="paragraph" para="979">
                    <span class="paranum">979</span>
                    <div class="gatha"> ‘‘මෙත්තචිත්තා 
                        <pb ed="T" n="0.0401"/> කාරුණිකා, හොථ සීලෙසු සංවුතා;
                    </div>
                    <div class="gathalast">ආරද්ධවීරියා පහිතත්තා, නිච්චං දළ්හපරක්කමා.</div>
                </div>
                <div class="paragraph" para="980">
                    <span class="paranum">980</span>
                    <div class="gatha"> ‘‘පමාදං 
                        <pb ed="P" n="0.0089"/> භයතො දිස්වා, අප්පමාදඤ්ච ඛෙමතො;
                    </div>
                    <div class="gathalast">භාවෙථට්ඨඞ්ගිකං මග්ගං, ඵුසන්තා අමතං පද’’න්ති.</div>
                </div>
            </div>
            <div class="centre ct_sutta ending">... ඵුස්සො ථෙරො....</div>
        </div>
        <div class="subhead ct_sutta" node-id="44262">
            <span class="subhead ct_sutta">2. සාරිපුත්තත්ථෙරගාථා</span>
            <div class="subhead-contents">
                <div class="paragraph" para="981">
                    <span class="paranum">981</span>
                    <div class="gatha"> ‘‘යථාචාරී යථාසතො සතීමා, යතසඞ්කප්පජ්ඣායි අප්පමත්තො;</div>
                    <div class="gathalast">අජ්ඣත්තරතො සමාහිතත්තො, එකො සන්තුසිතො තමාහු භික්ඛුං.</div>
                </div>
                <div class="paragraph" para="982">
                    <span class="paranum">982</span>
                    <div class="gatha"> ‘‘අල්ලං සුක්ඛං වා භුඤ්ජන්තො, න බාළ්හං සුහිතො සියා;</div>
                    <div class="gathalast">ඌනූදරො මිතාහාරො, සතො භික්ඛු පරිබ්බජෙ.</div>
                </div>
                <div class="paragraph" para="983">
                    <span class="paranum">983</span>
                    <div class="gatha"> ‘‘චත්තාරො පඤ්ච ආලොපෙ, අභුත්වා උදකං පිවෙ;</div>
                    <div class="gathalast">අලං ඵාසුවිහාරාය, පහිතත්තස්ස භික්ඛුනො.</div>
                </div>
                <div class="paragraph" para="984">
                    <span class="paranum">984</span>
                    <div class="gatha"> ‘‘කප්පියං තං චෙ ඡාදෙති, චීවරං ඉදමත්ථිකං 
                        <span class="note">(ඉදමත්ථිතං (සී.))</span>;
                    </div>
                    <div class="gathalast">අලං ඵාසුවිහාරාය, පහිතත්තස්ස භික්ඛුනො.</div>
                </div>
                <div class="paragraph" para="985">
                    <span class="paranum">985</span>
                    <div class="gatha"> ‘‘පල්ලඞ්කෙන 
                        <pb ed="M" n="0.0344"/> නිසින්නස්ස, ජණ්ණුකෙ නාභිවස්සති;
                    </div>
                    <div class="gathalast">අලං ඵාසුවිහාරාය, පහිතත්තස්ස භික්ඛුනො.</div>
                </div>
                <div class="paragraph" para="986">
                    <span class="paranum">986</span>
                    <div class="gatha">
                        <span class="note">(සං. නි. 4.253; ඉතිවු. 53)</span> ‘‘යො සුඛං දුක්ඛතො අද්ද, දුක්ඛමද්දක්ඛි සල්ලතො;
                    </div>
                    <div class="gathalast">උභයන්තරෙන 
                        <pb ed="T" n="0.0402"/>
                        <span class="note">(උභයමන්තරෙ (සී.))</span> නාහොසි, කෙන ලොකස්මි කිං සියා.
                    </div>
                </div>
                <div class="paragraph" para="987">
                    <span class="paranum">987</span>
                    <div class="gatha"> ‘‘මා මෙ කදාචි පාපිච්ඡො, කුසීතො හීනවීරියො;</div>
                    <div class="gathalast">අප්පස්සුතො අනාදරො, කෙන ලොකස්මි කිං සියා.</div>
                </div>
                <div class="paragraph" para="988">
                    <span class="paranum">988</span>
                    <div class="gatha"> ‘‘බහුස්සුතො 
                        <pb ed="V" n="0.0276"/> ච මෙධාවී, සීලෙසු සුසමාහිතො;
                    </div>
                    <div class="gathalast">චෙතොසමථමනුයුත්තො, අපි මුද්ධනි තිට්ඨතු.</div>
                </div>
                <div class="paragraph" para="989">
                    <span class="paranum">989</span>
                    <div class="gatha"> ‘‘යො පපඤ්චමනුයුත්තො, පපඤ්චාභිරතො මගො;</div>
                    <div class="gathalast">විරාධයී සො නිබ්බානං, යොගක්ඛෙමං අනුත්තරං.</div>
                </div>
                <div class="paragraph" para="990">
                    <span class="paranum">990</span>
                    <div class="gatha"> ‘‘යො ච පපඤ්චං හිත්වාන, නිප්පපඤ්චපථෙ රතො;</div>
                    <div class="gathalast">ආරාධයී සො නිබ්බානං, යොගක්ඛෙමං අනුත්තරං.</div>
                </div>
                <div class="paragraph" para="991">
                    <span class="paranum">991</span>
                    <div class="gatha">
                        <span class="note">(ධ. ප. 98)</span> ‘‘ගාමෙ වා යදි වාරඤ්ඤෙ, නින්නෙ වා යදි වා ථලෙ;
                    </div>
                    <div class="gathalast">යත්ථ අරහන්තො විහරන්ති, තං භූමිරාමණෙය්‍යකං.</div>
                </div>
                <div class="paragraph" para="992">
                    <span class="paranum">992</span>
                    <div class="gatha"> ‘‘රමණීයානි අරඤ්ඤානි, යත්ථ න රමතී ජනො;</div>
                    <div class="gathalast">වීතරාගා රමිස්සන්ති, න තෙ කාමගවෙසිනො.</div>
                </div>
                <div class="paragraph" para="993">
                    <span class="paranum">993</span>
                    <div class="gatha">
                        <span class="note">(ධ. ප. 76)</span> ‘‘නිධීනංව පවත්තාරං, යං පස්සෙ වජ්ජදස්සිනං;
                    </div>
                    <div class="gatha">නිග්ගය්හවාදිං 
                        <pb ed="P" n="0.0090"/> මෙධාවිං, තාදිසං පණ්ඩිතං භජෙ;
                    </div>
                    <div class="gathalast">තාදිසං භජමානස්ස, සෙය්‍යො හොති න පාපියො.</div>
                </div>
                <div class="paragraph" para="994">
                    <span class="paranum">994</span>
                    <div class="gatha">
                        <span class="note">(ධ. ප. 77)</span> ‘‘ඔවදෙය්‍යානුසාසෙය්‍ය, අසබ්භා ච නිවාරයෙ;
                    </div>
                    <div class="gathalast">සතඤ්හි සො පියො හොති, අසතං හොති අප්පියො.</div>
                </div>
                <div class="paragraph" para="995">
                    <span class="paranum">995</span>
                    <div class="gatha"> ‘‘අඤ්ඤස්ස භගවා බුද්ධො, ධම්මං දෙසෙසි චක්ඛුමා;</div>
                    <div class="gatha">ධම්මෙ 
                        <pb ed="T" n="0.0403"/> දෙසියමානම්හි, සොතමොධෙසිමත්ථිකො;
                    </div>
                    <div class="gathalast">තං මෙ අමොඝං සවනං, විමුත්තොම්හි අනාසවො.</div>
                </div>
                <div class="paragraph" para="996">
                    <span class="paranum">996</span>
                    <div class="gatha"> ‘‘නෙව පුබ්බෙනිවාසාය, නපි දිබ්බස්ස චක්ඛුනො;</div>
                    <div class="gatha">චෙතොපරියාය ඉද්ධියා, චුතියා උපපත්තියා;</div>
                    <div class="gathalast">සොතධාතුවිසුද්ධියා, පණිධී මෙ න විජ්ජති 
                        <span class="note">(කථා. 378)</span>.
                    </div>
                </div>
                <div class="paragraph" para="997">
                    <span class="paranum">997</span>
                    <div class="gatha"> ‘‘රුක්ඛමූලංව 
                        <pb ed="M" n="0.0345"/> නිස්සාය, මුණ්ඩො සඞ්ඝාටිපාරුතො;
                    </div>
                    <div class="gathalast">පඤ්ඤාය උත්තමො ථෙරො, උපතිස්සොව 
                        <span class="note">(උපතිස්සො ච (සී. ක.))</span> ඣායති.
                    </div>
                </div>
                <div class="paragraph" para="998">
                    <span class="paranum">998</span>
                    <div class="gatha"> ‘‘අවිතක්කං සමාපන්නො, සම්මාසම්බුද්ධසාවකො;</div>
                    <div class="gathalast">අරියෙන තුණ්හීභාවෙන, උපෙතො හොති තාවදෙ.</div>
                </div>
                <div class="paragraph" para="999">
                    <span class="paranum">999</span>
                    <div class="gatha">
                        <span class="note">(උදා. 24)</span> ‘‘යථාපි පබ්බතො සෙලො, අචලො සුප්පතිට්ඨිතො;
                    </div>
                    <div class="gathalast">එවං මොහක්ඛයා භික්ඛු, පබ්බතොව න වෙධති.</div>
                </div>
                <div class="paragraph" para="1000">
                    <span class="paranum">1000</span>
                    <div class="gatha"> ‘‘අනඞ්ගණස්ස පොසස්ස, නිච්චං සුචිගවෙසිනො;</div>
                    <div class="gathalast">වාලග්ගමත්තං පාපස්ස, අබ්භමත්තංව ඛායති.</div>
                </div>
                <div class="paragraph" para="1001">
                    <span class="paranum">1001</span>
                    <div class="gatha"> ‘‘නාභිනන්දාමි 
                        <pb ed="V" n="0.0277"/> මරණං, නාභිනන්දාමි ජීවිතං;
                    </div>
                    <div class="gathalast">නික්ඛිපිස්සං ඉමං කායං, සම්පජානො පතිස්සතො.</div>
                </div>
                <div class="paragraph" para="1002">
                    <span class="paranum">1002</span>
                    <div class="gatha"> ‘‘නාභිනන්දාමි මරණං, නාභිනන්දාමි ජීවිතං;</div>
                    <div class="gathalast">කාලඤ්ච පටිකඞ්ඛාමි, නිබ්බිසං භතකො යථා.</div>
                </div>
                <div class="paragraph" para="1003">
                    <span class="paranum">1003</span>
                    <div class="gatha"> ‘‘උභයෙන මිදං මරණමෙව, නාමරණං පච්ඡා වා පුරෙ වා;</div>
                    <div class="gathalast">පටිපජ්ජථ මා විනස්සථ, ඛණො වො මා උපච්චගා.</div>
                </div>
                <div class="paragraph" para="1004">
                    <span class="paranum">1004</span>
                    <div class="gatha"> ‘‘නගරං යථා පච්චන්තං, ගුත්තං සන්තරබාහිරං;</div>
                    <div class="gatha">එවං ගොපෙථ අත්තානං, ඛණො වො මා උපච්චගා;</div>
                    <div class="gathalast">ඛණාතීතා 
                        <pb ed="T" n="0.0404"/> හි සොචන්ති, නිරයම්හි සමප්පිතා.
                    </div>
                </div>
                <div class="paragraph" para="1005">
                    <span class="paranum">1005</span>
                    <div class="gatha"> ‘‘උපසන්තො උපරතො, මන්තභාණී 
                        <span class="note">(මත්තභාණී (සී.))</span> අනුද්ධතො;
                    </div>
                    <div class="gathalast">ධුනාති පාපකෙ ධම්මෙ, දුමපත්තංව මාලුතො.</div>
                </div>
                <div class="paragraph" para="1006">
                    <span class="paranum">1006</span>
                    <div class="gatha"> ‘‘උපසන්තො උපරතො, මන්තභාණී අනුද්ධතො;</div>
                    <div class="gathalast">අප්පාසි 
                        <span class="note">(අබ්බහි (ස්‍යා.), අභාසි (?))</span> පාපකෙ ධම්මෙ, දුමපත්තංව මාලුතො.
                    </div>
                </div>
                <div class="paragraph" para="1007">
                    <span class="paranum">1007</span>
                    <div class="gatha"> ‘‘උපසන්තො 
                        <pb ed="P" n="0.0091"/> අනායාසො, විප්පසන්නො අනාවිලො;
                    </div>
                    <div class="gathalast">කල්‍යාණසීලො මෙධාවී, දුක්ඛස්සන්තකරො සියා.</div>
                </div>
                <div class="paragraph" para="1008">
                    <span class="paranum">1008</span>
                    <div class="gatha"> ‘‘න විස්සසෙ එකතියෙසු එවං, අගාරිසු පබ්බජිතෙසු චාපි;</div>
                    <div class="gathalast">සාධූපි හුත්වා න අසාධු හොන්ති, අසාධු හුත්වා පුන සාධු හොන්ති.</div>
                </div>
                <div class="paragraph" para="1009">
                    <span class="paranum">1009</span>
                    <div class="gatha"> ‘‘කාමච්ඡන්දො 
                        <pb ed="M" n="0.0346"/> ච බ්‍යාපාදො, ථිනමිද්ධඤ්ච භික්ඛුනො;
                    </div>
                    <div class="gathalast">උද්ධච්චං විචිකිච්ඡා ච, පඤ්චෙතෙ චිත්තකෙලිසා.</div>
                </div>
                <div class="paragraph" para="1010">
                    <span class="paranum">1010</span>
                    <div class="gatha"> ‘‘යස්ස සක්කරියමානස්ස, අසක්කාරෙන චූභයං;</div>
                    <div class="gathalast">සමාධි න විකම්පති, අප්පමාදවිහාරිනො.</div>
                </div>
                <div class="paragraph" para="1011">
                    <span class="paranum">1011</span>
                    <div class="gatha"> ‘‘තං ඣායිනං සාතතිකං, සුඛුමදිට්ඨිවිපස්සකං;</div>
                    <div class="gathalast">උපාදානක්ඛයාරාමං, ආහු සප්පුරිසො ඉති.</div>
                </div>
                <div class="paragraph" para="1012">
                    <span class="paranum">1012</span>
                    <div class="gatha"> ‘‘මහාසමුද්දො පථවී, පබ්බතො අනිලොපි ච;</div>
                    <div class="gathalast">උපමාය න යුජ්ජන්ති, සත්ථු වරවිමුත්තියා.</div>
                </div>
                <div class="paragraph" para="1013">
                    <span class="paranum">1013</span>
                    <div class="gatha"> ‘‘චක්කානුවත්තකො 
                        <pb ed="T" n="0.0405"/> ථෙරො, මහාඤාණී සමාහිතො;
                    </div>
                    <div class="gathalast">පථවාපග්ගිසමානො, න රජ්ජති න දුස්සති.</div>
                </div>
                <div class="paragraph" para="1014">
                    <span class="paranum">1014</span>
                    <div class="gatha"> ‘‘පඤ්ඤාපාරමිතං පත්තො, මහාබුද්ධි මහාමති;</div>
                    <div class="gathalast">අජළො ජළසමානො, සදා චරති නිබ්බුතො.</div>
                </div>
                <div class="paragraph" para="1015">
                    <span class="paranum">1015</span>
                    <div class="gatha"> ‘‘පරිචිණ්ණො මයා සත්ථා...පෙ.... භවනෙත්ති සමූහතා.</div>
                </div>
                <div class="paragraph" para="1016">
                    <span class="paranum">1016</span>
                    <div class="gatha"> ‘‘සම්පාදෙථප්පමාදෙන 
                        <pb ed="V" n="0.0278"/>, එසා මෙ අනුසාසනී;
                    </div>
                    <div class="gathalast">හන්දාහං පරිනිබ්බිස්සං, විප්පමුත්තොම්හි සබ්බධී’’ති.</div>
                </div>
            </div>
            <div class="centre ct_sutta ending">... සාරිපුත්තො ථෙරො....</div>
        </div>
        <div class="subhead ct_sutta" node-id="44263">
            <span class="subhead ct_sutta">3. ආනන්දත්ථෙරගාථා</span>
            <div class="subhead-contents">
                <div class="paragraph" para="1017">
                    <span class="paranum">1017</span>
                    <div class="gatha"> ‘‘පිසුණෙන ච කොධනෙන ච, මච්ඡරිනා ච විභූතනන්දිනා;</div>
                    <div class="gathalast">සඛිතං න කරෙය්‍ය පණ්ඩිතො, පාපො කාපුරිසෙන සඞ්ගමො.</div>
                </div>
                <div class="paragraph" para="1018">
                    <span class="paranum">1018</span>
                    <div class="gatha"> ‘‘සද්ධෙන ච පෙසලෙන ච, පඤ්ඤවතා බහුස්සුතෙන ච;</div>
                    <div class="gathalast">සඛිතං කරෙය්‍ය පණ්ඩිතො, භද්දො සප්පුරිසෙන සඞ්ගමො.</div>
                </div>
                <div class="paragraph" para="1019">
                    <span class="paranum">1019</span>
                    <div class="gatha"> ‘‘පස්ස චිත්තකතං බිම්බං...පෙ.... යස්ස නත්ථි ධුවං ඨිති.</div>
                </div>
                <div class="paragraph" para="1020">
                    <span class="paranum">1020</span>
                    <div class="gatha"> ‘‘පස්ස චිත්තකතං බිම්බං...පෙ.... වත්ථෙහි සොභති.</div>
                </div>
                <div class="paragraph" para="1021">
                    <span class="paranum">1021</span>
                    <div class="gatha"> ‘‘අලත්තකකතා 
                        <pb ed="M" n="0.0347"/> ...පෙ.... නො ච පාරගවෙසිනො.
                    </div>
                </div>
                <div class="paragraph" para="1022">
                    <span class="paranum">1022</span>
                    <div class="gatha"> ‘‘අට්ඨපදකතා...පෙ.... නො ච පාරගවෙසිනො.</div>
                </div>
                <div class="paragraph" para="1023">
                    <span class="paranum">1023</span>
                    <div class="gatha"> ‘‘අඤ්ජනීව නවා...පෙ.... නො ච පාරගවෙසිනො.</div>
                </div>
                <div class="paragraph" para="1024">
                    <span class="paranum">1024</span>
                    <div class="gatha"> ‘‘බහුස්සුතො චිත්තකථී, බුද්ධස්ස පරිචාරකො;</div>
                    <div class="gathalast">පන්නභාරො විසඤ්ඤුත්තො, සෙය්‍යං කප්පෙති ගොතමො.</div>
                </div>
                <div class="paragraph" para="1025">
                    <span class="paranum">1025</span>
                    <div class="gatha"> ‘‘ඛීණාසවො විසඤ්ඤුත්තො, සඞ්ගාතීතො සුනිබ්බුතො;</div>
                    <div class="gathalast">ධාරෙති අන්තිමං දෙහං, ජාතිමරණපාරගූ.</div>
                </div>
                <div class="paragraph" para="1026">
                    <span class="paranum">1026</span>
                    <div class="gatha"> ‘‘යස්මිං 
                        <pb ed="P" n="0.0092"/> පතිට්ඨිතා ධම්මා, බුද්ධස්සාදිච්චබන්ධුනො;
                    </div>
                    <div class="gathalast">නිබ්බානගමනෙ මග්ගෙ, සොයං තිට්ඨති ගොතමො.</div>
                </div>
                <div class="paragraph" para="1027">
                    <span class="paranum">1027</span>
                    <div class="gatha"> ‘‘ද්වාසීති 
                        <pb ed="T" n="0.0406"/> බුද්ධතො ගණ්හිං, ද්වෙ සහස්සානි භික්ඛුතො;
                    </div>
                    <div class="gathalast">චතුරාසීතිසහස්සානි, යෙ මෙ ධම්මා පවත්තිනො.</div>
                </div>
                <div class="paragraph" para="1028">
                    <span class="paranum">1028</span>
                    <div class="gatha"> ‘‘අප්පස්සුතායං පුරිසො, බලිබද්දොව ජීරති;</div>
                    <div class="gathalast">මංසානි තස්ස වඩ්ඪන්ති, පඤ්ඤා තස්ස න වඩ්ඪති.</div>
                </div>
                <div class="paragraph" para="1029">
                    <span class="paranum">1029</span>
                    <div class="gatha"> ‘‘බහුස්සුතො අප්පස්සුතං, යො සුතෙනාතිමඤ්ඤති;</div>
                    <div class="gathalast">අන්ධො පදීපධාරොව, තථෙව පටිභාති මං.</div>
                </div>
                <div class="paragraph" para="1030">
                    <span class="paranum">1030</span>
                    <div class="gatha"> ‘‘බහුස්සුතං උපාසෙය්‍ය, සුතඤ්ච න විනාසයෙ;</div>
                    <div class="gathalast">තං මූලං බ්‍රහ්මචරියස්ස, තස්මා ධම්මධරො සියා.</div>
                </div>
                <div class="paragraph" para="1031">
                    <span class="paranum">1031</span>
                    <div class="gatha"> ‘‘පුබ්බාපරඤ්ඤූ අත්ථඤ්ඤූ, නිරුත්තිපදකොවිදො;</div>
                    <div class="gathalast">සුග්ගහීතඤ්ච ගණ්හාති, අත්ථඤ්චොපපරික්ඛති.</div>
                </div>
                <div class="paragraph" para="1032">
                    <span class="paranum">1032</span>
                    <div class="gatha"> ‘‘ඛන්ත්‍යා 
                        <pb ed="V" n="0.0279"/> ඡන්දිකතො 
                        <span class="note">(ඛන්තියා ඡන්දිතො (?))</span> හොති, උස්සහිත්වා තුලෙති තං;
                    </div>
                    <div class="gathalast">සමයෙ සො පදහති, අජ්ඣත්තං සුසමාහිතො.</div>
                </div>
                <div class="paragraph" para="1033">
                    <span class="paranum">1033</span>
                    <div class="gatha"> ‘‘බහුස්සුතං ධම්මධරං, සප්පඤ්ඤං බුද්ධසාවකං;</div>
                    <div class="gathalast">ධම්මවිඤ්ඤාණමාකඞ්ඛං, තං භජෙථ තථාවිධං.</div>
                </div>
                <div class="paragraph" para="1034">
                    <span class="paranum">1034</span>
                    <div class="gatha"> ‘‘බහුස්සුතො ධම්මධරො, කොසාරක්ඛො මහෙසිනො;</div>
                    <div class="gathalast">චක්ඛු සබ්බස්ස ලොකස්ස, පූජනීයො බහුස්සුතො.</div>
                </div>
                <div class="paragraph" para="1035">
                    <span class="paranum">1035</span>
                    <div class="gatha"> ‘‘ධම්මාරාමො ධම්මරතො, ධම්මං අනුවිචින්තයං;</div>
                    <div class="gathalast">ධම්මං අනුස්සරං භික්ඛු, සද්ධම්මා න පරිහායති.</div>
                </div>
                <div class="paragraph" para="1036">
                    <span class="paranum">1036</span>
                    <div class="gatha"> ‘‘කායමච්ඡෙරගරුනො 
                        <pb ed="M" n="0.0348"/>
                        <span class="note">(ගරුකො (සී.))</span>, හිය්‍යමානෙ 
                        <span class="note">(හිය්‍යමානො (සී.))</span> අනුට්ඨහෙ;
                    </div>
                    <div class="gathalast">සරීරසුඛගිද්ධස්ස, කුතො සමණඵාසුතා.</div>
                </div>
                <div class="paragraph" para="1037">
                    <span class="paranum">1037</span>
                    <div class="gatha"> ‘‘න 
                        <pb ed="T" n="0.0407"/> පක්ඛන්ති දිසා සබ්බා, ධම්මා න පටිභන්ති මං;
                    </div>
                    <div class="gathalast">ගතෙ කල්‍යාණමිත්තම්හි, අන්ධකාරංව ඛායති.</div>
                </div>
                <div class="paragraph" para="1038">
                    <span class="paranum">1038</span>
                    <div class="gatha"> ‘‘අබ්භතීතසහායස්ස, අතීතගතසත්ථුනො;</div>
                    <div class="gathalast">නත්ථි එතාදිසං මිත්තං, යථා කායගතා සති.</div>
                </div>
                <div class="paragraph" para="1039">
                    <span class="paranum">1039</span>
                    <div class="gatha"> ‘‘යෙ පුරාණා අතීතා තෙ, නවෙහි න සමෙති මෙ;</div>
                    <div class="gathalast">ස්වජ්ජ එකොව ඣායාමි, වස්සුපෙතොව පක්ඛිමා.</div>
                </div>
                <div class="paragraph" para="1040">
                    <span class="paranum">1040</span>
                    <div class="gatha"> ‘‘දස්සනාය අභික්කන්තෙ, නානාවෙරජ්ජකෙ බහූ;</div>
                    <div class="gathalast">මා වාරයිත්ථ සොතාරො, පස්සන්තු සමයො මමං.</div>
                </div>
                <div class="paragraph" para="1041">
                    <span class="paranum">1041</span>
                    <div class="gatha"> ‘‘දස්සනාය 
                        <pb ed="P" n="0.0093"/> අභික්කන්තෙ, නානාවෙරජ්ජකෙ පුථු;
                    </div>
                    <div class="gathalast">කරොති සත්ථා ඔකාසං, න නිවාරෙති චක්ඛුමා.</div>
                </div>
                <div class="paragraph" para="1042">
                    <span class="paranum">1042</span>
                    <div class="gatha"> ‘‘පණ්ණවීසතිවස්සානි, සෙඛභූතස්ස මෙ සතො;</div>
                    <div class="gathalast">න කාමසඤ්ඤා උප්පජ්ජි, පස්ස ධම්මසුධම්මතං.</div>
                </div>
                <div class="paragraph" para="1043">
                    <span class="paranum">1043</span>
                    <div class="gatha"> ‘‘පණ්ණවීසතිවස්සානි, සෙඛභූතස්ස මෙ සතො;</div>
                    <div class="gathalast">න දොසසඤ්ඤා උප්පජ්ජි, පස්ස ධම්මසුධම්මතං.</div>
                </div>
                <div class="paragraph" para="1044">
                    <span class="paranum">1044</span>
                    <div class="gatha"> ‘‘පණ්ණවීසතිවස්සානි, භගවන්තං උපට්ඨහිං;</div>
                    <div class="gathalast">මෙත්තෙන කායකම්මෙන, ඡායාව අනපායිනී 
                        <span class="note">(අනුපායිනී (ස්‍යා. ක.))</span>.
                    </div>
                </div>
                <div class="paragraph" para="1045">
                    <span class="paranum">1045</span>
                    <div class="gatha"> ‘‘පණ්ණවීසතිවස්සානි, භගවන්තං උපට්ඨහිං;</div>
                    <div class="gathalast">මෙත්තෙන වචීකම්මෙන, ඡායාව අනපායිනී.</div>
                </div>
                <div class="paragraph" para="1046">
                    <span class="paranum">1046</span>
                    <div class="gatha"> ‘‘පණ්ණවීසතිවස්සානි, භගවන්තං උපට්ඨහිං;</div>
                    <div class="gathalast">මෙත්තෙන මනොකම්මෙන, ඡායාව අනපායිනී.</div>
                </div>
                <div class="paragraph" para="1047">
                    <span class="paranum">1047</span>
                    <div class="gatha"> ‘‘බුද්ධස්ස 
                        <pb ed="T" n="0.0408"/>
                        <pb ed="V" n="0.0280"/> චඞ්කමන්තස්ස, පිට්ඨිතො අනුචඞ්කමිං;
                    </div>
                    <div class="gathalast">ධම්මෙ දෙසියමානම්හි, ඤාණං මෙ උදපජ්ජථ.</div>
                </div>
                <div class="paragraph" para="1048">
                    <span class="paranum">1048</span>
                    <div class="gatha"> ‘‘අහං සකරණීයොම්හි, සෙඛො අප්පත්තමානසො;</div>
                    <div class="gathalast">සත්ථු ච පරිනිබ්බානං, යො අම්හං අනුකම්පකො.</div>
                </div>
                <div class="paragraph" para="1049">
                    <span class="paranum">1049</span>
                    <div class="gatha"> ‘‘තදාසි 
                        <pb ed="M" n="0.0349"/> යං භිංසනකං, තදාසි ලොමහංසනං;
                    </div>
                    <div class="gathalast">සබ්බාකාරවරූපෙතෙ, සම්බුද්ධෙ පරිනිබ්බුතෙ.</div>
                </div>
                <div class="paragraph" para="1050">
                    <span class="paranum">1050</span>
                    <div class="gatha"> ‘‘බහුස්සුතො ධම්මධරො, කොසාරක්ඛො මහෙසිනො;</div>
                    <div class="gathalast">චක්ඛු සබ්බස්ස ලොකස්ස, ආනන්දො පරිනිබ්බුතො.</div>
                </div>
                <div class="paragraph" para="1051">
                    <span class="paranum">1051</span>
                    <div class="gatha"> ‘‘බහුස්සුතො ධම්මධරො, කොසාරක්ඛො මහෙසිනො;</div>
                    <div class="gathalast">චක්ඛු සබ්බස්ස ලොකස්ස, අන්ධකාරෙ තමොනුදො.</div>
                </div>
                <div class="paragraph" para="1052">
                    <span class="paranum">1052</span>
                    <div class="gatha"> ‘‘ගතිමන්තො සතිමන්තො, ධිතිමන්තො ච යො ඉසි;</div>
                    <div class="gathalast">සද්ධම්මධාරකො ථෙරො, ආනන්දො රතනාකරො.</div>
                </div>
                <div class="paragraph" para="1053">
                    <span class="paranum">1053</span>
                    <div class="gatha"> ‘‘පරිචිණ්ණො මයා සත්ථා, කතං බුද්ධස්ස සාසනං;</div>
                    <div class="gathalast">ඔහිතො ගරුකො භාරො, නත්ථි දානි පුනබ්භවො’’ති.</div>
                </div>
            </div>
            <div class="centre ct_sutta ending">... ආනන්දො ථෙරො....</div>
        </div>
    </div>
    <div class="centre ct_nipatha ending">තිංසනිපාතො නිට්ඨිතො.</div>
    <div class="paragraph udana" para="udana">
        <div class="bodytext ct_nipatha">තත්‍රුද්දානං -</div>
        <div class="ct_nipatha gatha">ඵුස්සොපතිස්සො ආනන්දො, තයොතිමෙ පකිත්තිතා;</div>
        <div class="gathalast ct_nipatha">ගාථායො තත්ථ සඞ්ඛාතා, සතං පඤ්ච ච උත්තරීති;</div>
    </div>
</div>