<div class="chapter ct_vagga" node-id="31220">
    <span class="chapter ct_vagga">13. රාගපෙය්‍යාලං</span>
    <div class="chapter-contents">
        <div class="paragraph" para="140">
            <span class="paranum">140</span>
            <div class="bodytext"> ‘‘රාගස්ස 
                <pb ed="M" n="2.0393"/>
                <pb ed="V" n="2.0151"/>, භික්ඛවෙ, අභිඤ්ඤාය ඡ ධම්මා භාවෙතබ්බා. කතමෙ ඡ? දස්සනානුත්තරියං 
                <pb ed="P" n="3.0452"/>, සවනානුත්තරියං, ලාභානුත්තරියං, සික්ඛානුත්තරියං, පාරිචරියානුත්තරියං, අනුස්සතානුත්තරියං. රාගස්ස, භික්ඛවෙ, අභිඤ්ඤාය ඉමෙ ඡ ධම්මා භාවෙතබ්බා’’ති.
            </div>
        </div>
        <div class="paragraph" para="141">
            <span class="paranum">141</span>
            <div class="bodytext"> ‘‘රාගස්ස, භික්ඛවෙ, අභිඤ්ඤාය ඡ ධම්මා භාවෙතබ්බා. කතමෙ ඡ? බුද්ධානුස්සති, ධම්මානුස්සති, සඞ්ඝානුස්සති, සීලානුස්සති, චාගානුස්සති, දෙවතානුස්සති. රාගස්ස, භික්ඛවෙ, අභිඤ්ඤාය ඉමෙ ඡ ධම්මා භාවෙතබ්බා’’ති.</div>
        </div>
        <div class="paragraph" para="142">
            <span class="paranum">142</span>
            <div class="bodytext"> ‘‘රාගස්ස, භික්ඛවෙ, අභිඤ්ඤාය ඡ ධම්මා භාවෙතබ්බා. කතමෙ ඡ? අනිච්චසඤ්ඤා, අනිච්චෙ දුක්ඛසඤ්ඤා, දුක්ඛෙ අනත්තසඤ්ඤා, පහානසඤ්ඤා, විරාගසඤ්ඤා, නිරොධසඤ්ඤා. රාගස්ස, භික්ඛවෙ, අභිඤ්ඤාය ඉමෙ ඡ ධම්මා භාවෙතබ්බා’’ති.</div>
        </div>
        <div class="paragraph" para="143-169">
            <span class="paranum">143-169</span>
            <div class="bodytext"> ‘‘රාගස්ස, භික්ඛවෙ, පරිඤ්ඤාය...පෙ.... පරික්ඛයාය... පහානාය... ඛයාය... වයාය... විරාගාය... නිරොධාය... චාගාය... පටිනිස්සග්ගාය ඡ ධම්මා 
                <pb ed="T" n="3.0503"/> භාවෙතබ්බා’’.
            </div>
        </div>
        <div class="paragraph" para="170-649">
            <span class="paranum">170-649</span>
            <div class="bodytext"> ‘‘දොසස්ස...පෙ.... මොහස්ස... කොධස්ස... උපනාහස්ස... මක්ඛස්ස... පළාසස්ස... ඉස්සාය... මච්ඡරියස්ස... මායාය... සාඨෙය්‍යස්ස... ථම්භස්ස... සාරම්භස්ස... මානස්ස... අතිමානස්ස... මදස්ස... පමාදස්ස අභිඤ්ඤාය...පෙ.... පරිඤ්ඤාය... පරික්ඛයාය... පහනාය... ඛයාය... වයාය... විරාගාය... නිරොධාය... චාගාය... පටිනිස්සග්ගාය ඉමෙ ඡ ධම්මා භාවෙතබ්බා’’ති. ඉදමවොච භගවා. අත්තමනා තෙ භික්ඛූ භගවතො භාසිතං අභිනන්දුන්ති.</div>
        </div>
    </div>
    <div class="centre ct_vagga ending">රාගපෙය්‍යාලං නිට්ඨිතං.</div>
</div>
<chapter-ending/>
<div class="centre ct_book ending">ඡක්කනිපාතපාළි නිට්ඨිතා.</div>