<div class="chapter ct_vagga" node-id="26230">
    <span class="chapter ct_vagga">14. එතදග්ගවග්ගො</span>
    <div class="chapter-contents">
        <div class="subhead ct_vagga" node-id="26231">
            <span class="subhead ct_vagga">1. පඨමවග්ගො</span>
            <div class="subhead-contents">
                <div class="paragraph" para="188">
                    <span class="paranum">188</span>
                    <div class="bodytext"> ‘‘එතදග්ගං 
                        <pb ed="V" n="1.0031"/>
                        <pb ed="T" n="1.0031"/>, භික්ඛවෙ, මම සාවකානං භික්ඛූනං රත්තඤ්ඤූනං යදිදං අඤ්ඤාසිකොණ්ඩඤ්ඤො’’ 
                        <span class="note">(අඤ්ඤාතකොණ්ඩඤ්ඤොති (ක.), අඤ්ඤාකොණ්ඩඤ්ඤො (සී. ස්‍යා. කං. පී.))</span>.
                    </div>
                </div>
                <div class="paragraph" para="189">
                    <span class="paranum">189</span>
                    <div class="bodytext"> ... මහාපඤ්ඤානං යදිදං සාරිපුත්තො.</div>
                </div>
                <div class="paragraph" para="190">
                    <span class="paranum">190</span>
                    <div class="bodytext"> ... ඉද්ධිමන්තානං යදිදං මහාමොග්ගල්ලානො.</div>
                </div>
                <div class="paragraph" para="191">
                    <span class="paranum">191</span>
                    <div class="bodytext"> ... ධුතවාදානං 
                        <span class="note">(ධුතඞ්ගධරානං (කත්ථචි))</span> යදිදං මහාකස්සපො.
                    </div>
                </div>
                <div class="paragraph" para="192">
                    <span class="paranum">192</span>
                    <div class="bodytext"> ... දිබ්බචක්ඛුකානං යදිදං අනුරුද්ධො.</div>
                </div>
                <div class="paragraph" para="193">
                    <span class="paranum">193</span>
                    <div class="bodytext"> ... උච්චාකුලිකානං යදිදං භද්දියො කාළිගොධායපුත්තො.</div>
                </div>
                <div class="paragraph" para="194">
                    <span class="paranum">194</span>
                    <div class="bodytext"> ... මඤ්ජුස්සරානං යදිදං ලකුණ්ඩක 
                        <span class="note">(ලකුණ්ටක (ස්‍යා. කං.))</span> භද්දියො.
                    </div>
                </div>
                <div class="paragraph" para="195">
                    <span class="paranum">195</span>
                    <div class="bodytext"> ... සීහනාදිකානං 
                        <pb ed="M" n="1.0024"/> යදිදං පිණ්ඩොලභාරද්වාජො.
                    </div>
                </div>
                <div class="paragraph" para="196">
                    <span class="paranum">196</span>
                    <div class="bodytext"> ... ධම්මකථිකානං යදිදං පුණ්ණො මන්තාණිපුත්තො.</div>
                </div>
                <div class="paragraph" para="197">
                    <span class="paranum">197</span>
                    <div class="bodytext"> ... සංඛිත්තෙන භාසිතස්ස විත්ථාරෙන අත්ථං විභජන්තානං යදිදං මහාකච්චානොති.</div>
                </div>
            </div>
            <div class="centre ct_vagga ending">වග්ගො පඨමො.</div>
        </div>
        <div class="subhead ct_vagga" node-id="26232">
            <span class="subhead ct_vagga">2. දුතියවග්ගො</span>
            <div class="subhead-contents">
                <div class="paragraph" para="198">
                    <span class="paranum">198</span>
                    <div class="bodytext"> ‘‘එතදග්ගං 
                        <pb ed="V" n="1.0032"/>
                        <pb ed="P" n="1.0024"/>, භික්ඛවෙ, මම සාවකානං භික්ඛූනං මනොමයං කායං අභිනිම්මිනන්තානං යදිදං චූළපන්ථකො’’ 
                        <span class="note">(චුල්ලපන්ථකො (සී. ස්‍යා. කං. පී.))</span>.
                    </div>
                </div>
                <div class="paragraph" para="199">
                    <span class="paranum">199</span>
                    <div class="bodytext"> ... චෙතොවිවට්ටකුසලානං යදිදං චූළපන්ථකො.</div>
                </div>
                <div class="paragraph" para="200">
                    <span class="paranum">200</span>
                    <div class="bodytext"> ... සඤ්ඤාවිවට්ටකුසලානං යදිදං මහාපන්ථකො.</div>
                </div>
                <div class="paragraph" para="201">
                    <span class="paranum">201</span>
                    <div class="bodytext"> ... අරණවිහාරීනං යදිදං සුභූති.</div>
                </div>
                <div class="paragraph" para="202">
                    <span class="paranum">202</span>
                    <div class="bodytext"> ... දක්ඛිණෙය්‍යානං යදිදං සුභූති.</div>
                </div>
                <div class="paragraph" para="203">
                    <span class="paranum">203</span>
                    <div class="bodytext"> ... ආරඤ්ඤකානං යදිදං රෙවතො ඛදිරවනියො.</div>
                </div>
                <div class="paragraph" para="204">
                    <span class="paranum">204</span>
                    <div class="bodytext"> ... ඣායීනං යදිදං කඞ්ඛාරෙවතො.</div>
                </div>
                <div class="paragraph" para="205">
                    <span class="paranum">205</span>
                    <div class="bodytext"> ... ආරද්ධවීරියානං යදිදං සොණො කොළිවිසො.</div>
                </div>
                <div class="paragraph" para="206">
                    <span class="paranum">206</span>
                    <div class="bodytext"> ... කල්‍යාණවාක්කරණානං යදිදං සොණො කුටිකණ්ණො.</div>
                </div>
                <div class="paragraph" para="207">
                    <span class="paranum">207</span>
                    <div class="bodytext"> ... ලාභීනං යදිදං සීවලි.</div>
                </div>
                <div class="paragraph" para="208">
                    <span class="paranum">208</span>
                    <div class="bodytext"> ... සද්ධාධිමුත්තානං යදිදං වක්කලීති.</div>
                </div>
            </div>
            <div class="centre ct_vagga ending">වග්ගො දුතියො.</div>
        </div>
        <div class="subhead ct_vagga" node-id="26233">
            <span class="subhead ct_vagga">3. තතියවග්ගො</span>
            <div class="subhead-contents">
                <div class="paragraph" para="209">
                    <span class="paranum">209</span>
                    <div class="bodytext"> ‘‘එතදග්ගං 
                        <pb ed="V" n="1.0033"/>, භික්ඛවෙ, මම සාවකානං භික්ඛූනං සික්ඛාකාමානං යදිදං 
                        <pb ed="T" n="1.0032"/> රාහුලො’’.
                    </div>
                </div>
                <div class="paragraph" para="210">
                    <span class="paranum">210</span>
                    <div class="bodytext"> ... සද්ධාපබ්බජිතානං 
                        <pb ed="M" n="1.0025"/> යදිදං රට්ඨපාලො.
                    </div>
                </div>
                <div class="paragraph" para="211">
                    <span class="paranum">211</span>
                    <div class="bodytext"> ... පඨමං සලාකං ගණ්හන්තානං යදිදං කුණ්ඩධානො.</div>
                </div>
                <div class="paragraph" para="212">
                    <span class="paranum">212</span>
                    <div class="bodytext"> ... පටිභානවන්තානං යදිදං වඞ්ගීසො.</div>
                </div>
                <div class="paragraph" para="213">
                    <span class="paranum">213</span>
                    <div class="bodytext"> ... සමන්තපාසාදිකානං යදිදං උපසෙනො වඞ්ගන්තපුත්තො.</div>
                </div>
                <div class="paragraph" para="214">
                    <span class="paranum">214</span>
                    <div class="bodytext"> ... සෙනාසනපඤ්ඤාපකානං යදිදං දබ්බො මල්ලපුත්තො.</div>
                </div>
                <div class="paragraph" para="215">
                    <span class="paranum">215</span>
                    <div class="bodytext"> ... දෙවතානං පියමනාපානං යදිදං පිලින්දවච්ඡො.</div>
                </div>
                <div class="paragraph" para="216">
                    <span class="paranum">216</span>
                    <div class="bodytext"> ... ඛිප්පාභිඤ්ඤානං යදිදං බාහියො දාරුචීරියො.</div>
                </div>
                <div class="paragraph" para="217">
                    <span class="paranum">217</span>
                    <div class="bodytext"> ... චිත්තකථිකානං යදිදං කුමාරකස්සපො.</div>
                </div>
                <div class="paragraph" para="218">
                    <span class="paranum">218</span>
                    <div class="bodytext"> ... පටිසම්භිදාපත්තානං යදිදං මහාකොට්ඨිතොති 
                        <span class="note">(මහාකොට්ඨිකොති (අඤ්ඤෙසු සුත්තෙසු මරම්මපොත්ථකෙ))</span>.
                    </div>
                </div>
            </div>
            <div class="centre ct_vagga ending">වග්ගො තතියො.</div>
        </div>
        <div class="subhead ct_vagga" node-id="26234">
            <span class="subhead ct_vagga">4. චතුත්ථවග්ගො</span>
            <div class="subhead-contents">
                <div class="paragraph" para="219">
                    <span class="paranum">219</span>
                    <div class="bodytext"> ‘‘එතදග්ගං, භික්ඛවෙ, මම සාවකානං භික්ඛූනං බහුස්සුතානං යදිදං ආනන්දො’’.</div>
                </div>
                <div class="paragraph" para="220">
                    <span class="paranum">220</span>
                    <div class="bodytext"> ... සතිමන්තානං 
                        <pb ed="V" n="1.0034"/> යදිදං ආනන්දො.
                    </div>
                </div>
                <div class="paragraph" para="221">
                    <span class="paranum">221</span>
                    <div class="bodytext"> ... ගතිමන්තානං 
                        <pb ed="P" n="1.0025"/> යදිදං ආනන්දො.
                    </div>
                </div>
                <div class="paragraph" para="222">
                    <span class="paranum">222</span>
                    <div class="bodytext"> ... ධිතිමන්තානං යදිදං ආනන්දො.</div>
                </div>
                <div class="paragraph" para="223">
                    <span class="paranum">223</span>
                    <div class="bodytext"> ... උපට්ඨාකානං යදිදං ආනන්දො.</div>
                </div>
                <div class="paragraph" para="224">
                    <span class="paranum">224</span>
                    <div class="bodytext"> ... මහාපරිසානං යදිදං උරුවෙලකස්සපො.</div>
                </div>
                <div class="paragraph" para="225">
                    <span class="paranum">225</span>
                    <div class="bodytext"> ... කුලප්පසාදකානං යදිදං කාළුදායී.</div>
                </div>
                <div class="paragraph" para="226">
                    <span class="paranum">226</span>
                    <div class="bodytext"> ... අප්පාබාධානං යදිදං බාකුලො 
                        <span class="note">(බක්කුලො (සී. ස්‍යා. කං. පී.))</span>.
                    </div>
                </div>
                <div class="paragraph" para="227">
                    <span class="paranum">227</span>
                    <div class="bodytext"> ... පුබ්බෙනිවාසං අනුස්සරන්තානං යදිදං සොභිතො.</div>
                </div>
                <div class="paragraph" para="228">
                    <span class="paranum">228</span>
                    <div class="bodytext"> ... විනයධරානං යදිදං උපාලි.</div>
                </div>
                <div class="paragraph" para="229">
                    <span class="paranum">229</span>
                    <div class="bodytext"> ... භික්ඛුනොවාදකානං 
                        <pb ed="M" n="1.0026"/> යදිදං නන්දකො.
                    </div>
                </div>
                <div class="paragraph" para="230">
                    <span class="paranum">230</span>
                    <div class="bodytext"> ... ඉන්ද්‍රියෙසු ගුත්තද්වාරානං යදිදං නන්දො.</div>
                </div>
                <div class="paragraph" para="231">
                    <span class="paranum">231</span>
                    <div class="bodytext"> ... භික්ඛුඔවාදකානං යදිදං මහාකප්පිනො.</div>
                </div>
                <div class="paragraph" para="232">
                    <span class="paranum">232</span>
                    <div class="bodytext"> ... තෙජොධාතුකුසලානං යදිදං සාගතො.</div>
                </div>
                <div class="paragraph" para="233">
                    <span class="paranum">233</span>
                    <div class="bodytext"> ... පටිභානෙය්‍යකානං යදිදං රාධො.</div>
                </div>
                <div class="paragraph" para="234">
                    <span class="paranum">234</span>
                    <div class="bodytext"> ... ලූඛචීවරධරානං 
                        <pb ed="V" n="1.0035"/> යදිදං මොඝරාජාති.
                    </div>
                </div>
            </div>
            <div class="centre ct_vagga ending">වග්ගො චතුත්ථො.</div>
        </div>
        <div class="subhead ct_vagga" node-id="26235">
            <span class="subhead ct_vagga">5. පඤ්චමවග්ගො</span>
            <div class="subhead-contents">
                <div class="paragraph" para="235">
                    <span class="paranum">235</span>
                    <div class="bodytext"> ‘‘එතදග්ගං 
                        <pb ed="T" n="1.0033"/>, භික්ඛවෙ, මම සාවිකානං භික්ඛුනීනං රත්තඤ්ඤූනං යදිදං මහාපජාපතිගොතමී’’.
                    </div>
                </div>
                <div class="paragraph" para="236">
                    <span class="paranum">236</span>
                    <div class="bodytext"> ... මහාපඤ්ඤානං යදිදං ඛෙමා.</div>
                </div>
                <div class="paragraph" para="237">
                    <span class="paranum">237</span>
                    <div class="bodytext"> ... ඉද්ධිමන්තීනං යදිදං උප්පලවණ්ණා.</div>
                </div>
                <div class="paragraph" para="238">
                    <span class="paranum">238</span>
                    <div class="bodytext"> ... විනයධරානං යදිදං පටාචාරා.</div>
                </div>
                <div class="paragraph" para="239">
                    <span class="paranum">239</span>
                    <div class="bodytext"> ... ධම්මකථිකානං යදිදං ධම්මදින්නා.</div>
                </div>
                <div class="paragraph" para="240">
                    <span class="paranum">240</span>
                    <div class="bodytext"> ... ඣායීනං යදිදං නන්දා.</div>
                </div>
                <div class="paragraph" para="241">
                    <span class="paranum">241</span>
                    <div class="bodytext"> ... ආරද්ධවීරියානං යදිදං සොණා.</div>
                </div>
                <div class="paragraph" para="242">
                    <span class="paranum">242</span>
                    <div class="bodytext"> ... දිබ්බචක්ඛුකානං යදිදං බකුලා 
                        <span class="note">(සකුලා (සී. ස්‍යා. කං. පී.))</span>.
                    </div>
                </div>
                <div class="paragraph" para="243">
                    <span class="paranum">243</span>
                    <div class="bodytext"> ... ඛිප්පාභිඤ්ඤානං යදිදං භද්දා කුණ්ඩලකෙසා.</div>
                </div>
                <div class="paragraph" para="244">
                    <span class="paranum">244</span>
                    <div class="bodytext"> ... පුබ්බෙනිවාසං අනුස්සරන්තීනං යදිදං භද්දා කාපිලානී.</div>
                </div>
                <div class="paragraph" para="245">
                    <span class="paranum">245</span>
                    <div class="bodytext"> ... මහාභිඤ්ඤප්පත්තානං යදිදං භද්දකච්චානා.</div>
                </div>
                <div class="paragraph" para="246">
                    <span class="paranum">246</span>
                    <div class="bodytext"> ... ලූඛචීවරධරානං යදිදං කිසාගොතමී.</div>
                </div>
                <div class="paragraph" para="247">
                    <span class="paranum">247</span>
                    <div class="bodytext"> ... සද්ධාධිමුත්තානං 
                        <pb ed="V" n="1.0036"/> යදිදං සිඞ්ගාලකමාතාති 
                        <span class="note">(සිගාලමාතාති (සී. ස්‍යා. කං. පී.))</span>.
                    </div>
                </div>
            </div>
            <div class="centre ct_vagga ending">වග්ගො පඤ්චමො.</div>
        </div>
        <div class="subhead ct_vagga" node-id="26236">
            <span class="subhead ct_vagga">6. ඡට්ඨවග්ගො</span>
            <div class="subhead-contents">
                <div class="paragraph" para="248">
                    <span class="paranum">248</span>
                    <div class="bodytext"> ‘‘එතදග්ගං 
                        <pb ed="M" n="1.0027"/>, භික්ඛවෙ, මම සාවකානං උපාසකානං පඨමං සරණං ගච්ඡන්තානං යදිදං 
                        <pb ed="P" n="1.0026"/> තපුස්සභල්ලිකා 
                        <span class="note">(තපස්සුභල්ලිකා (සී. පී.))</span> වාණිජා’’.
                    </div>
                </div>
                <div class="paragraph" para="249">
                    <span class="paranum">249</span>
                    <div class="bodytext"> ... දායකානං යදිදං සුදත්තො ගහපති අනාථපිණ්ඩිකො.</div>
                </div>
                <div class="paragraph" para="250">
                    <span class="paranum">250</span>
                    <div class="bodytext"> ... ධම්මකථිකානං යදිදං චිත්තො ගහපති මච්ඡිකාසණ්ඩිකො.</div>
                </div>
                <div class="paragraph" para="251">
                    <span class="paranum">251</span>
                    <div class="bodytext"> ... චතූහි සඞ්ගහවත්ථූහි පරිසං සඞ්ගණ්හන්තානං යදිදං හත්ථකො ආළවකො.</div>
                </div>
                <div class="paragraph" para="252">
                    <span class="paranum">252</span>
                    <div class="bodytext"> ... පණීතදායකානං යදිදං මහානාමො සක්කො.</div>
                </div>
                <div class="paragraph" para="253">
                    <span class="paranum">253</span>
                    <div class="bodytext"> ... මනාපදායකානං යදිදං උග්ගො ගහපති වෙසාලිකො.</div>
                </div>
                <div class="paragraph" para="254">
                    <span class="paranum">254</span>
                    <div class="bodytext"> ... සඞ්ඝුපට්ඨාකානං යදිදං හත්ථිගාමකො උග්ගතො ගහපති.</div>
                </div>
                <div class="paragraph" para="255">
                    <span class="paranum">255</span>
                    <div class="bodytext"> ... අවෙච්චප්පසන්නානං යදිදං සූරම්බට්ඨො 
                        <span class="note">(සූරො අම්බට්ඨො (සී. ස්‍යා. කං. පී.) සුරෙබන්ධො (ක.))</span>.
                    </div>
                </div>
                <div class="paragraph" para="256">
                    <span class="paranum">256</span>
                    <div class="bodytext"> ... පුග්ගලප්පසන්නානං යදිදං ජීවකො කොමාරභච්චො.</div>
                </div>
                <div class="paragraph" para="257">
                    <span class="paranum">257</span>
                    <div class="bodytext"> ... විස්සාසකානං 
                        <pb ed="V" n="1.0037"/> යදිදං නකුලපිතා ගහපතීති.
                    </div>
                </div>
            </div>
            <div class="centre ct_vagga ending">වග්ගො ඡට්ඨො.</div>
        </div>
        <div class="subhead ct_vagga" node-id="26237">
            <span class="subhead ct_vagga">7. සත්තමවග්ගො</span>
            <div class="subhead-contents">
                <div class="paragraph" para="258">
                    <span class="paranum">258</span>
                    <div class="bodytext"> ‘‘එතදග්ගං 
                        <pb ed="T" n="1.0034"/>, භික්ඛවෙ, මම සාවිකානං උපාසිකානං පඨමං සරණං ගච්ඡන්තීනං යදිදං සුජාතා සෙනියධීතා’’ 
                        <span class="note">(සෙනානී ධීතා (සී. ස්‍යා. කං. පී.))</span>.
                    </div>
                </div>
                <div class="paragraph" para="259">
                    <span class="paranum">259</span>
                    <div class="bodytext"> ... දායිකානං යදිදං විසාඛා මිගාරමාතා.</div>
                </div>
                <div class="paragraph" para="260">
                    <span class="paranum">260</span>
                    <div class="bodytext"> ... බහුස්සුතානං යදිදං ඛුජ්ජුත්තරා.</div>
                </div>
                <div class="paragraph" para="261">
                    <span class="paranum">261</span>
                    <div class="bodytext"> ... මෙත්තාවිහාරීනං යදිදං සාමාවතී.</div>
                </div>
                <div class="paragraph" para="262">
                    <span class="paranum">262</span>
                    <div class="bodytext"> ... ඣායීනං යදිදං උත්තරානන්දමාතා.</div>
                </div>
                <div class="paragraph" para="263">
                    <span class="paranum">263</span>
                    <div class="bodytext"> ... පණීතදායිකානං යදිදං සුප්පවාසා කොලියධීතා.</div>
                </div>
                <div class="paragraph" para="264">
                    <span class="paranum">264</span>
                    <div class="bodytext"> ... ගිලානුපට්ඨාකීනං 
                        <pb ed="M" n="1.0028"/> යදිදං සුප්පියා උපාසිකා.
                    </div>
                </div>
                <div class="paragraph" para="265">
                    <span class="paranum">265</span>
                    <div class="bodytext"> ... අවෙච්චප්පසන්නානං යදිදං කාතියානී.</div>
                </div>
                <div class="paragraph" para="266">
                    <span class="paranum">266</span>
                    <div class="bodytext"> ... විස්සාසිකානං යදිදං නකුලමාතා ගහපතානී.</div>
                </div>
                <div class="paragraph" para="267">
                    <span class="paranum">267</span>
                    <div class="bodytext"> ... අනුස්සවප්පසන්නානං යදිදං කාළී උපාසිකා කුලඝරිකා 
                        <span class="note">(කුලඝරිකා (ක.))</span> ති.
                    </div>
                </div>
            </div>
            <div class="centre ct_vagga ending">වග්ගො සත්තමො.</div>
        </div>
    </div>
    <div class="centre ct_vagga ending">එතදග්ගවග්ගො චුද්දසමො.</div>
</div>