<div class="chapter ct_nipatha" node-id="45190">
    <span class="chapter ct_nipatha">10. එකාදසනිපාතො</span>
    <div class="chapter-contents">
        <div class="subhead ct_sutta" node-id="45191">
            <span class="subhead ct_sutta">1. කිසාගොතමීථෙරීගාථා</span>
            <div class="subhead-contents">
                <div class="paragraph" para="213">
                    <span class="paranum">213</span>
                    <div class="gatha"> ‘‘කල්‍යාණමිත්තතා 
                        <pb ed="T" n="0.0470"/>
                        <pb ed="M" n="0.0403"/>
                        <pb ed="V" n="0.0329"/> මුනිනා, ලොකං ආදිස්ස වණ්ණිතා;
                    </div>
                    <div class="gathalast">කල්‍යාණමිත්තෙ භජමානො, අපි බාලො පණ්ඩිතො අස්ස.</div>
                </div>
                <div class="paragraph" para="214">
                    <span class="paranum">214</span>
                    <div class="gatha"> ‘‘භජිතබ්බා සප්පුරිසා, පඤ්ඤා තථා වඩ්ඪති භජන්තානං;</div>
                    <div class="gathalast">භජමානො සප්පුරිසෙ, සබ්බෙහිපි දුක්ඛෙහි පමුච්චෙය්‍ය.</div>
                </div>
                <div class="paragraph" para="215">
                    <span class="paranum">215</span>
                    <div class="gatha"> ‘‘දුක්ඛඤ්ච විජානෙය්‍ය, දුක්ඛස්ස ච සමුදයං නිරොධං;</div>
                    <div class="gathalast">අට්ඨඞ්ගිකඤ්ච මග්ගං, චත්තාරිපි අරියසච්චානි.</div>
                </div>
                <div class="paragraph" para="216">
                    <span class="paranum">216</span>
                    <div class="gatha"> ‘‘දුක්ඛො 
                        <pb ed="P" n="0.0144"/> ඉත්ථිභාවො, අක්ඛාතො පුරිසදම්මසාරථිනා;
                    </div>
                    <div class="gathalast">සපත්තිකම්පි හි දුක්ඛං, අප්පෙකච්චා සකිං විජාතායො.</div>
                </div>
                <div class="paragraph" para="217">
                    <span class="paranum">217</span>
                    <div class="gatha"> ‘‘ගලකෙ අපි කන්තන්ති, සුඛුමාලිනියො විසානි ඛාදන්ති;</div>
                    <div class="gathalast">ජනමාරකමජ්ඣගතා, උභොපි බ්‍යසනානි අනුභොන්ති.</div>
                </div>
                <div class="paragraph" para="218">
                    <span class="paranum">218</span>
                    <div class="gatha"> ‘‘උපවිජඤ්ඤා ගච්ඡන්තී, අද්දසාහං පතිං මතං;</div>
                    <div class="gathalast">පන්ථම්හි විජායිත්වාන, අප්පත්තාව සකං ඝරං.</div>
                </div>
                <div class="paragraph" para="219">
                    <span class="paranum">219</span>
                    <div class="gatha"> ‘‘ද්වෙ පුත්තා කාලකතා, පතී ච පන්ථෙ මතො කපණිකාය;</div>
                    <div class="gathalast">මාතා පිතා ච භාතා, ඩය්හන්ති ච එකචිතකායං.</div>
                </div>
                <div class="paragraph" para="220">
                    <span class="paranum">220</span>
                    <div class="gatha"> ‘‘ඛීණකුලීනෙ කපණෙ, අනුභූතං තෙ දුඛං අපරිමාණං;</div>
                    <div class="gathalast">අස්සූ ච තෙ පවත්තං, බහූනි ච ජාතිසහස්සානි.</div>
                </div>
                <div class="paragraph" para="221">
                    <span class="paranum">221</span>
                    <div class="gatha"> ‘‘වසිතා සුසානමජ්ඣෙ, අථොපි ඛාදිතානි පුත්තමංසානි;</div>
                    <div class="gatha">හතකුලිකා 
                        <pb ed="T" n="0.0471"/> සබ්බගරහිතා, මතපතිකා අමතමධිගච්ඡිං.
                    </div>
                </div>
                <div class="paragraph" para="222">
                    <span class="paranum">222</span>
                    <div class="gatha"> ‘‘භාවිතො මෙ මග්ගො, අරියො අට්ඨඞ්ගිකො අමතගාමී;</div>
                    <div class="gatha">නිබ්බානං සච්ඡිකතං, ධම්මාදාසං අවෙක්ඛිංහං 
                        <span class="note">(අපෙක්ඛිහං (සී.))</span>.
                    </div>
                </div>
                <div class="paragraph" para="223">
                    <span class="paranum">223</span>
                    <div class="gatha"> ‘‘අහමම්හි කන්තසල්ලා, ඔහිතභාරා කතඤ්හි කරණීයං;</div>
                    <div class="gatha">කිසා ගොතමී ථෙරී, විමුත්තචිත්තා ඉමං භණී’’ති.</div>
                </div>
            </div>
            <div class="centre ct_sutta ending">... කිසා ගොතමී ථෙරී....</div>
        </div>
    </div>
    <div class="centre ct_nipatha ending">එකාදසනිපාතො නිට්ඨිතො.</div>
</div>