<div class="chapter ct_vagga" node-id="47190">
    <span class="chapter ct_vagga">52. ඵලදායකවග්ගො</span>
    <div class="chapter-contents">
        <div class="subhead ct_sutta" node-id="47191">
            <span class="subhead ct_sutta">1. කුරඤ්චියඵලදායකත්ථෙරඅපදානං</span>
            <div class="subhead-contents">
                <div class="paragraph" para="1">
                    <span class="paranum">1</span>
                    <div class="gatha"> ‘‘මිගලුද්දො 
                        <pb ed="T" n="2.0152"/>
                        <pb ed="M" n="2.0093"/>
                        <pb ed="V" n="2.0092"/> පුරෙ ආසිං, විපිනෙ විචරං අහං;
                    </div>
                    <div class="gathalast">අද්දසං විරජං බුද්ධං, සබ්බධම්මාන පාරගුං.</div>
                </div>
                <div class="paragraph" para="2">
                    <span class="paranum">2</span>
                    <div class="gatha"> ‘‘කුරඤ්චියඵලං ගය්හ, බුද්ධසෙට්ඨස්සදාසහං;</div>
                    <div class="gathalast">පුඤ්ඤක්ඛෙත්තස්ස තාදිනො, පසන්නො සෙහි පාණිභි.</div>
                </div>
                <div class="paragraph" para="3">
                    <span class="paranum">3</span>
                    <div class="gatha"> ‘‘එකතිංසෙ ඉතො කප්පෙ, යං ඵලං අදදිං තදා;</div>
                    <div class="gathalast">දුග්ගතිං නාභිජානාමි, ඵලදානස්සිදං ඵලං.</div>
                </div>
                <div class="paragraph" para="4">
                    <span class="paranum">4</span>
                    <div class="gatha"> ‘‘කිලෙසා 
                        <pb ed="P" n="2.0449"/> ඣාපිතා මය්හං, භවා සබ්බෙ සමූහතා;
                    </div>
                    <div class="gathalast">නාගොව බන්ධනං ඡෙත්වා, විහරාමි අනාසවො.</div>
                </div>
                <div class="paragraph" para="5">
                    <span class="paranum">5</span>
                    <div class="gatha"> ‘‘ස්වාගතං වත මෙ ආසි, බුද්ධසෙට්ඨස්ස සන්තිකෙ;</div>
                    <div class="gathalast">තිස්සො විජ්ජා අනුප්පත්තා, කතං බුද්ධස්ස සාසනං.</div>
                </div>
                <div class="paragraph" para="6">
                    <span class="paranum">6</span>
                    <div class="gatha"> ‘‘පටිසම්භිදා චතස්සො, විමොක්ඛාපි ච අට්ඨිමෙ;</div>
                    <div class="gathalast">ඡළභිඤ්ඤා සච්ඡිකතා, කතං බුද්ධස්ස සාසනං’’.</div>
                </div>
                <div class="centre ending">ඉත්ථං සුදං ආයස්මා කුරඤ්චියඵලදායකො ථෙරො ඉමා ගාථායො අභාසිත්ථාති.</div>
            </div>
            <div class="centre ct_sutta ending">කුරඤ්චියඵලදායකත්ථෙරස්සාපදානං පඨමං.</div>
        </div>
        <div class="subhead ct_sutta" node-id="47192">
            <span class="subhead ct_sutta">2. කපිත්ථඵලදායකත්ථෙරඅපදානං</span>
            <div class="subhead-contents">
                <div class="paragraph" para="7">
                    <span class="paranum">7</span>
                    <div class="gatha"> ‘‘සුවණ්ණවණ්ණං 
                        <pb ed="T" n="2.0153"/> සම්බුද්ධං, ආහුතීනං පටිග්ගහං;
                    </div>
                    <div class="gathalast">රථියං පටිපජ්ජන්තං, කපිත්ථං 
                        <span class="note">(කපිට්ඨං (ස්‍යා.))</span> අදදිං ඵලං.
                    </div>
                </div>
                <div class="paragraph" para="8">
                    <span class="paranum">8</span>
                    <div class="gatha"> ‘‘එකනවුතිතො 
                        <pb ed="V" n="2.0093"/> කප්පෙ, යං ඵලං අදදිං තදා;
                    </div>
                    <div class="gathalast">දුග්ගතිං නාභිජානාමි, ඵලදානස්සිදං ඵලං.</div>
                </div>
                <div class="paragraph" para="9">
                    <span class="paranum">9</span>
                    <div class="gatha"> ‘‘කිලෙසා ඣාපිතා මය්හං...පෙ.... විහරාමි අනාසවො.</div>
                </div>
                <div class="paragraph" para="10">
                    <span class="paranum">10</span>
                    <div class="gatha"> ‘‘ස්වාගතං 
                        <pb ed="M" n="2.0094"/> වත මෙ ආසි...පෙ.... කතං බුද්ධස්ස සාසනං.
                    </div>
                </div>
                <div class="paragraph" para="11">
                    <span class="paranum">11</span>
                    <div class="gatha"> ‘‘පටිසම්භිදා චතස්සො...පෙ.... කතං බුද්ධස්ස සාසනං’’.</div>
                </div>
                <div class="centre ending">ඉත්ථං සුදං ආයස්මා කපිත්ථඵලදායකො ථෙරො ඉමා ගාථායො අභාසිත්ථාති.</div>
            </div>
            <div class="centre ct_sutta ending">කපිත්ථඵලදායකත්ථෙරස්සාපදානං දුතියං.</div>
        </div>
        <div class="subhead ct_sutta" node-id="47193">
            <span class="subhead ct_sutta">3. කොසම්බඵලියත්ථෙරඅපදානං</span>
            <div class="subhead-contents">
                <div class="paragraph" para="12">
                    <span class="paranum">12</span>
                    <div class="gatha"> ‘‘කකුධං විලසන්තංව, දෙවදෙවං නරාසභං;</div>
                    <div class="gathalast">රථියං පටිපජ්ජන්තං, කොසම්බං 
                        <span class="note">(කොසුම්බං (සී. ස්‍යා. පී.))</span> අදදිං තදා.
                    </div>
                </div>
                <div class="paragraph" para="13">
                    <span class="paranum">13</span>
                    <div class="gatha"> ‘‘එකතිංසෙ ඉතො කප්පෙ, යං ඵලං අදදිං තදා;</div>
                    <div class="gathalast">දුග්ගතිං නාභිජානාමි, ඵලදානස්සිදං ඵලං.</div>
                </div>
                <div class="paragraph" para="14">
                    <span class="paranum">14</span>
                    <div class="gatha"> ‘‘කිලෙසා 
                        <pb ed="T" n="2.0154"/> ඣාපිතා මය්හං...පෙ.... විහරාමි අනාසවො.
                    </div>
                </div>
                <div class="paragraph" para="15">
                    <span class="paranum">15</span>
                    <div class="gatha"> ‘‘ස්වාගතං වත මෙ ආසි...පෙ.... කතං බුද්ධස්ස සාසනං.</div>
                </div>
                <div class="paragraph" para="16">
                    <span class="paranum">16</span>
                    <div class="gatha"> ‘‘පටිසම්භිදා චතස්සො...පෙ.... කතං බුද්ධස්ස සාසනං’’.</div>
                </div>
                <div class="centre ending">ඉත්ථං සුදං ආයස්මා කොසම්බඵලියො ථෙරො ඉමා ගාථායො අභාසිත්ථාති.</div>
            </div>
            <div class="centre ct_sutta ending">කොසම්බඵලියත්ථෙරස්සාපදානං තතියං.</div>
        </div>
        <div class="subhead ct_sutta" node-id="47194">
            <span class="subhead ct_sutta">4. කෙතකපුප්ඵියත්ථෙරඅපදානං</span>
            <div class="subhead-contents">
                <div class="paragraph" para="17">
                    <span class="paranum">17</span>
                    <div class="gatha"> ‘‘විනතානදියා තීරෙ, විහාසි පුරිසුත්තමො;</div>
                    <div class="gathalast">අද්දසං විරජං බුද්ධං, එකග්ගං සුසමාහිතං.</div>
                </div>
                <div class="paragraph" para="18">
                    <span class="paranum">18</span>
                    <div class="gatha"> ‘‘මධුගන්ධස්ස 
                        <pb ed="V" n="2.0094"/> පුප්ඵෙන, කෙතකස්ස අහං තදා;
                    </div>
                    <div class="gathalast">පසන්නචිත්තො සුමනො, බුද්ධසෙට්ඨමපූජයිං.</div>
                </div>
                <div class="paragraph" para="19">
                    <span class="paranum">19</span>
                    <div class="gatha"> ‘‘එකනවුතිතො 
                        <pb ed="M" n="2.0095"/>
                        <pb ed="P" n="2.0450"/> කප්පෙ, යං පුප්ඵමභිපූජයිං;
                    </div>
                    <div class="gathalast">දුග්ගතිං නාභිජානාමි, බුද්ධපූජායිදං ඵලං.</div>
                </div>
                <div class="paragraph" para="20">
                    <span class="paranum">20</span>
                    <div class="gatha"> ‘‘කිලෙසා ඣාපිතා මය්හං...පෙ.... විහරාමි අනාසවො.</div>
                </div>
                <div class="paragraph" para="21">
                    <span class="paranum">21</span>
                    <div class="gatha"> ‘‘ස්වාගතං වත මෙ ආසි...පෙ.... 
                        <pb ed="T" n="2.0155"/> කතං බුද්ධස්ස සාසනං.
                    </div>
                </div>
                <div class="paragraph" para="22">
                    <span class="paranum">22</span>
                    <div class="gatha"> ‘‘පටිසම්භිදා චතස්සො...පෙ.... කතං බුද්ධස්ස සාසනං’’.</div>
                </div>
                <div class="centre ending">ඉත්ථං සුදං ආයස්මා කෙතකපුප්ඵියො ථෙරො ඉමා ගාථායො අභාසිත්ථාති.</div>
            </div>
            <div class="centre ct_sutta ending">කෙතකපුප්ඵියත්ථෙරස්සාපදානං චතුත්ථං.</div>
        </div>
        <div class="subhead ct_sutta" node-id="47195">
            <span class="subhead ct_sutta">5. නාගපුප්ඵියත්ථෙරඅපදානං</span>
            <div class="subhead-contents">
                <div class="paragraph" para="23">
                    <span class="paranum">23</span>
                    <div class="gatha"> ‘‘සුවණ්ණවණ්ණං සම්බුද්ධං, ආහුතීනං පටිග්ගහං;</div>
                    <div class="gathalast">රථියං පටිපජ්ජන්තං, නාගපුප්ඵං අපූජයිං.</div>
                </div>
                <div class="paragraph" para="24">
                    <span class="paranum">24</span>
                    <div class="gatha"> ‘‘එකනවුතිතො කප්පෙ, යං පුප්ඵමභිපූජයිං;</div>
                    <div class="gathalast">දුග්ගතිං නාභිජානාමි, බුද්ධපූජායිදං ඵලං.</div>
                </div>
                <div class="paragraph" para="25">
                    <span class="paranum">25</span>
                    <div class="gatha"> ‘‘කිලෙසා ඣාපිතා මය්හං...පෙ.... විහරාමි අනාසවො.</div>
                </div>
                <div class="paragraph" para="26">
                    <span class="paranum">26</span>
                    <div class="gatha"> ‘‘ස්වාගතං වත මෙ ආසි...පෙ.... කතං බුද්ධස්ස සාසනං.</div>
                </div>
                <div class="paragraph" para="27">
                    <span class="paranum">27</span>
                    <div class="gatha"> ‘‘පටිසම්භිදා චතස්සො...පෙ.... කතං බුද්ධස්ස සාසනං’’.</div>
                </div>
                <div class="centre ending">ඉත්ථං සුදං ආයස්මා නාගපුප්ඵියො ථෙරො ඉමා ගාථායො අභාසිත්ථාති.</div>
            </div>
            <div class="centre ct_sutta ending">නාගපුප්ඵියත්ථෙරස්සාපදානං පඤ්චමං.</div>
        </div>
        <div class="subhead ct_sutta" node-id="47196">
            <span class="subhead ct_sutta">6. අජ්ජුනපුප්ඵියත්ථෙරඅපදානං</span>
            <div class="subhead-contents">
                <div class="paragraph" para="28">
                    <span class="paranum">28</span>
                    <div class="gatha"> ‘‘චන්දභාගානදීතීරෙ 
                        <pb ed="T" n="2.0156"/>
                        <pb ed="V" n="2.0095"/>, අහොසිං කින්නරො තදා;
                    </div>
                    <div class="gathalast">අද්දසං විරජං බුද්ධං, සයම්භුං අපරාජිතං.</div>
                </div>
                <div class="paragraph" para="29">
                    <span class="paranum">29</span>
                    <div class="gatha"> ‘‘පසන්නචිත්තො සුමනො, වෙදජාතො කතඤ්ජලී;</div>
                    <div class="gathalast">ගහෙත්වා අජ්ජුනං පුප්ඵං, සයම්භුං අභිපූජයිං.</div>
                </div>
                <div class="paragraph" para="30">
                    <span class="paranum">30</span>
                    <div class="gatha"> ‘‘තෙන 
                        <pb ed="M" n="2.0096"/> කම්මෙන සුකතෙන, චෙතනාපණිධීහි ච;
                    </div>
                    <div class="gathalast">ජහිත්වා කින්නරං දෙහං, තාවතිංසමගච්ඡහං.</div>
                </div>
                <div class="paragraph" para="31">
                    <span class="paranum">31</span>
                    <div class="gatha"> ‘‘ඡත්තිංසක්ඛත්තුං දෙවින්දො, දෙවරජ්ජමකාරයිං;</div>
                    <div class="gathalast">දසක්ඛත්තුං චක්කවත්තී, මහාරජ්ජමකාරයිං.</div>
                </div>
                <div class="paragraph" para="32">
                    <span class="paranum">32</span>
                    <div class="gatha"> ‘‘පදෙසරජ්ජං විපුලං, ගණනාතො අසඞ්ඛියං;</div>
                    <div class="gathalast">සුඛෙත්තෙ වප්පිතං බීජං, සයම්භුම්හි අහො මම 
                        <span class="note">(අහොසි මෙ (ස්‍යා.))</span>.
                    </div>
                </div>
                <div class="paragraph" para="33">
                    <span class="paranum">33</span>
                    <div class="gatha"> ‘‘කුසලං විජ්ජතෙ මය්හං, පබ්බජිං අනගාරියං;</div>
                    <div class="gathalast">පූජාරහො අහං අජ්ජ, සක්‍යපුත්තස්ස සාසනෙ.</div>
                </div>
                <div class="paragraph" para="34">
                    <span class="paranum">34</span>
                    <div class="gatha"> ‘‘කිලෙසා ඣාපිතා මය්හං...පෙ.... විහරාමි අනාසවො.</div>
                </div>
                <div class="paragraph" para="35">
                    <span class="paranum">35</span>
                    <div class="gatha"> ‘‘ස්වාගතං වත මෙ ආසි...පෙ.... කතං බුද්ධස්ස සාසනං.</div>
                </div>
                <div class="paragraph" para="36">
                    <span class="paranum">36</span>
                    <div class="gatha"> ‘‘පටිසම්භිදා 
                        <pb ed="P" n="2.0451"/> චතස්සො...පෙ.... කතං බුද්ධස්ස සාසනං’’.
                    </div>
                </div>
                <div class="centre ending">ඉත්ථං 
                    <pb ed="T" n="2.0197"/> සුදං ආයස්මා අජ්ජුනපුප්ඵියො ථෙරො ඉමා ගාථායො අභාසිත්ථාති.
                </div>
            </div>
            <div class="centre ct_sutta ending">අජ්ජුනපුප්ඵියත්ථෙරස්සාපදානං ඡට්ඨං.</div>
        </div>
        <div class="subhead ct_sutta" node-id="47197">
            <span class="subhead ct_sutta">7. කුටජපුප්ඵියත්ථෙරඅපදානං</span>
            <div class="subhead-contents">
                <div class="paragraph" para="37">
                    <span class="paranum">37</span>
                    <div class="gatha"> ‘‘හිමවන්තස්සාවිදූරෙ, වසලො 
                        <span class="note">(චාවලො (සී. පී.), අච්චයො (ස්‍යා.))</span> නාම පබ්බතො;
                    </div>
                    <div class="gathalast">බුද්ධො සුදස්සනො නාම, වසතෙ පබ්බතන්තරෙ.</div>
                </div>
                <div class="paragraph" para="38">
                    <span class="paranum">38</span>
                    <div class="gatha"> ‘‘පුප්ඵං හෙමවන්තං ගය්හ, වෙහාසං අගමාසහං;</div>
                    <div class="gathalast">තත්ථද්දසාසිං සම්බුද්ධං, ඔඝතිණ්ණමනාසවං.</div>
                </div>
                <div class="paragraph" para="39">
                    <span class="paranum">39</span>
                    <div class="gatha"> ‘‘පුප්ඵං 
                        <pb ed="V" n="2.0096"/> කුටජමාදාය, සිරෙ කත්වාන අඤ්ජලිං 
                        <span class="note">(කත්වානහං තදා (ස්‍යා. පී. ක.))</span>;
                    </div>
                    <div class="gathalast">බුද්ධස්ස අභිරොපෙසිං, සයම්භුස්ස මහෙසිනො.</div>
                </div>
                <div class="paragraph" para="40">
                    <span class="paranum">40</span>
                    <div class="gatha"> ‘‘එකතිංසෙ ඉතො කප්පෙ, යං පුප්ඵමභිපූජයිං;</div>
                    <div class="gathalast">දුග්ගතිං නාභිජානාමි, බුද්ධපූජායිදං ඵලං.</div>
                </div>
                <div class="paragraph" para="41">
                    <span class="paranum">41</span>
                    <div class="gatha"> ‘‘කිලෙසා 
                        <pb ed="M" n="2.0097"/> ඣාපිතා මය්හං...පෙ.... විහරාමි අනාසවො.
                    </div>
                </div>
                <div class="paragraph" para="42">
                    <span class="paranum">42</span>
                    <div class="gatha"> ‘‘ස්වාගතං වත මෙ ආසි...පෙ.... කතං බුද්ධස්ස සාසනං.</div>
                </div>
                <div class="paragraph" para="43">
                    <span class="paranum">43</span>
                    <div class="gatha"> ‘‘පටිසම්භිදා චතස්සො...පෙ.... කතං බුද්ධස්ස සාසනං’’.</div>
                </div>
                <div class="centre ending">ඉත්ථං සුදං ආයස්මා කුටජපුප්ඵියො ථෙරො ඉමා ගාථායො අභාසිත්ථාති.</div>
            </div>
            <div class="centre ct_sutta ending">කුටජපුප්ඵියත්ථෙරස්සාපදානං සත්තමං.</div>
        </div>
        <div class="subhead ct_sutta" node-id="47198">
            <span class="subhead ct_sutta">8. ඝොසසඤ්ඤකත්ථෙරඅපදානං</span>
            <div class="subhead-contents">
                <div class="paragraph" para="44">
                    <span class="paranum">44</span>
                    <div class="gatha"> ‘‘මිගලුද්දො 
                        <pb ed="T" n="2.0158"/> පුරෙ ආසිං, අරඤ්ඤෙ විපිනෙ අහං;
                    </div>
                    <div class="gathalast">අද්දසං විරජං බුද්ධං, දෙවසඞ්ඝපුරක්ඛතං.</div>
                </div>
                <div class="paragraph" para="45">
                    <span class="paranum">45</span>
                    <div class="gatha"> ‘‘චතුසච්චං පකාසෙන්තං, දෙසෙන්තං අමතං පදං;</div>
                    <div class="gathalast">අස්සොසිං මධුරං ධම්මං, සිඛිනො ලොකබන්ධුනො.</div>
                </div>
                <div class="paragraph" para="46">
                    <span class="paranum">46</span>
                    <div class="gatha"> ‘‘ඝොසෙ චිත්තං පසාදෙසිං, අසමප්පටිපුග්ගලෙ;</div>
                    <div class="gathalast">තත්ථ චිත්තං පසාදෙත්වා, උත්තරිං 
                        <span class="note">(අතරිං (සී. පී.))</span> දුත්තරං භවං.
                    </div>
                </div>
                <div class="paragraph" para="47">
                    <span class="paranum">47</span>
                    <div class="gatha"> ‘‘එකතිංසෙ ඉතො කප්පෙ, යං සඤ්ඤමලභිං තදා;</div>
                    <div class="gathalast">දුග්ගතිං නාභිජානාමි, ඝොසසඤ්ඤායිදං ඵලං.</div>
                </div>
                <div class="paragraph" para="48">
                    <span class="paranum">48</span>
                    <div class="gatha"> ‘‘කිලෙසා ඣාපිතා මය්හං...පෙ.... විහරාමි අනාසවො.</div>
                </div>
                <div class="paragraph" para="49">
                    <span class="paranum">49</span>
                    <div class="gatha"> ‘‘ස්වාගතං වත මෙ ආසි...පෙ.... කතං බුද්ධස්ස සාසනං.</div>
                </div>
                <div class="paragraph" para="50">
                    <span class="paranum">50</span>
                    <div class="gatha"> ‘‘පටිසම්භිදා චතස්සො...පෙ.... කතං බුද්ධස්ස සාසනං’’.</div>
                </div>
                <div class="centre ending">ඉත්ථං සුදං ආයස්මා ඝොසසඤ්ඤකො ථෙරො ඉමා ගාථායො අභාසිත්ථාති.</div>
            </div>
            <div class="centre ct_sutta ending">ඝොසසඤ්ඤකත්ථෙරස්සාපදානං අට්ඨමං.</div>
        </div>
        <div class="subhead ct_sutta" node-id="47199">
            <span class="subhead ct_sutta">9. සබ්බඵලදායකත්ථෙරඅපදානං</span>
            <div class="subhead-contents">
                <div class="paragraph" para="51">
                    <span class="paranum">51</span>
                    <div class="gatha"> ‘‘වරුණො 
                        <pb ed="T" n="2.0159"/>
                        <pb ed="V" n="2.0097"/>
                        <pb ed="P" n="2.0452"/> නාම නාමෙන, බ්‍රාහ්මණො මන්තපාරගූ;
                    </div>
                    <div class="gathalast">ඡඩ්ඩෙත්වා දසපුත්තානි, වනමජ්ඣොගහිං තදා.</div>
                </div>
                <div class="paragraph" para="52">
                    <span class="paranum">52</span>
                    <div class="gatha"> ‘‘අස්සමං 
                        <pb ed="M" n="2.0098"/> සුකතං කත්වා, සුවිභත්තං මනොරමං;
                    </div>
                    <div class="gathalast">පණ්ණසාලං කරිත්වාන, වසාමි විපිනෙ අහං.</div>
                </div>
                <div class="paragraph" para="53">
                    <span class="paranum">53</span>
                    <div class="gatha"> ‘‘පදුමුත්තරො ලොකවිදූ, ආහුතීනං පටිග්ගහො;</div>
                    <div class="gathalast">මමුද්ධරිතුකාමො සො, ආගච්ඡි මම අස්සමං.</div>
                </div>
                <div class="paragraph" para="54">
                    <span class="paranum">54</span>
                    <div class="gatha"> ‘‘යාවතා වනසණ්ඩම්හි, ඔභාසො විපුලො අහු;</div>
                    <div class="gathalast">බුද්ධස්ස ආනුභාවෙන, පජ්ජලී විපිනං තදා.</div>
                </div>
                <div class="paragraph" para="55">
                    <span class="paranum">55</span>
                    <div class="gatha"> ‘‘දිස්වාන තං පාටිහීරං, බුද්ධසෙට්ඨස්ස තාදිනො;</div>
                    <div class="gathalast">පත්තපුටං ගහෙත්වාන, ඵලෙන පූජයිං අහං.</div>
                </div>
                <div class="paragraph" para="56">
                    <span class="paranum">56</span>
                    <div class="gatha"> ‘‘උපගන්ත්වාන සම්බුද්ධං, සහඛාරිමදාසහං;</div>
                    <div class="gathalast">අනුකම්පාය මෙ බුද්ධො, ඉදං වචනමබ්‍රවි.</div>
                </div>
                <div class="paragraph" para="57">
                    <span class="paranum">57</span>
                    <div class="gatha"> ‘ඛාරිභාරං ගහෙත්වාන, පච්ඡතො එහි මෙ තුවං;</div>
                    <div class="gathalast">පරිභුත්තෙ ච සඞ්ඝම්හි, පුඤ්ඤං තව භවිස්සති’.</div>
                </div>
                <div class="paragraph" para="58">
                    <span class="paranum">58</span>
                    <div class="gatha"> ‘‘පුටකන්තං ගහෙත්වාන, භික්ඛුසඞ්ඝස්සදාසහං;</div>
                    <div class="gathalast">තත්ථ චිත්තං පසාදෙත්වා, තුසිතං උපපජ්ජහං.</div>
                </div>
                <div class="paragraph" para="59">
                    <span class="paranum">59</span>
                    <div class="gatha"> ‘‘තත්ථ දිබ්බෙහි නච්චෙහි, ගීතෙහි වාදිතෙහි ච;</div>
                    <div class="gathalast">පුඤ්ඤකම්මෙන සංයුත්තං, අනුභොමි සදා සුඛං.</div>
                </div>
                <div class="paragraph" para="60">
                    <span class="paranum">60</span>
                    <div class="gatha"> ‘‘යං 
                        <pb ed="T" n="2.0160"/> යං යොනුපපජ්ජාමි, දෙවත්තං අථ මානුසං;
                    </div>
                    <div class="gathalast">භොගෙ මෙ ඌනතා නත්ථි, ඵලදානස්සිදං ඵලං.</div>
                </div>
                <div class="paragraph" para="61">
                    <span class="paranum">61</span>
                    <div class="gatha"> ‘‘යාවතා චතුරො දීපා, සසමුද්දා සපබ්බතා;</div>
                    <div class="gathalast">ඵලං බුද්ධස්ස දත්වාන, ඉස්සරං කාරයාමහං.</div>
                </div>
                <div class="paragraph" para="62">
                    <span class="paranum">62</span>
                    <div class="gatha"> ‘‘යාවතා මෙ පක්ඛිගණා, ආකාසෙ උප්පතන්ති චෙ;</div>
                    <div class="gathalast">තෙපි මං වසමන්වෙන්ති, ඵලදානස්සිදං ඵලං.</div>
                </div>
                <div class="paragraph" para="63">
                    <span class="paranum">63</span>
                    <div class="gatha"> ‘‘යාවතා වනසණ්ඩම්හි, යක්ඛා භූතා ච රක්ඛසා;</div>
                    <div class="gathalast">කුම්භණ්ඩා ගරුළා චාපි, පාරිචරියං උපෙන්ති මෙ.</div>
                </div>
                <div class="paragraph" para="64">
                    <span class="paranum">64</span>
                    <div class="gatha"> ‘‘කුම්භා 
                        <pb ed="V" n="2.0098"/>
                        <pb ed="P" n="2.0453"/> සොණා මධුකාරා, ඩංසා ච මකසා උභො;
                    </div>
                    <div class="gathalast">තෙපි මං වසමන්වෙන්ති, ඵලදානස්සිදං ඵලං.</div>
                </div>
                <div class="paragraph" para="65">
                    <span class="paranum">65</span>
                    <div class="gatha"> ‘‘සුපණ්ණා 
                        <pb ed="M" n="2.0099"/> නාම සකුණා, පක්ඛිජාතා මහබ්බලා;
                    </div>
                    <div class="gathalast">තෙපි මං සරණං යන්ති, ඵලදානස්සිදං ඵලං.</div>
                </div>
                <div class="paragraph" para="66">
                    <span class="paranum">66</span>
                    <div class="gatha"> ‘‘යෙපි දීඝායුකා නාගා, ඉද්ධිමන්තො මහායසා;</div>
                    <div class="gathalast">තෙපි මං වසමන්වෙන්ති, ඵලදානස්සිදං ඵලං.</div>
                </div>
                <div class="paragraph" para="67">
                    <span class="paranum">67</span>
                    <div class="gatha"> ‘‘සීහා බ්‍යග්ඝා ච දීපී ච, අච්ඡකොකතරච්ඡකා;</div>
                    <div class="gathalast">තෙපි මං වසමන්වෙන්ති, ඵලදානස්සිදං ඵලං.</div>
                </div>
                <div class="paragraph" para="68">
                    <span class="paranum">68</span>
                    <div class="gatha"> ‘‘ඔසධීතිණවාසී ච, යෙ ච ආකාසවාසිනො;</div>
                    <div class="gathalast">සබ්බෙ මං සරණං යන්ති, ඵලදානස්සිදං ඵලං.</div>
                </div>
                <div class="paragraph" para="69">
                    <span class="paranum">69</span>
                    <div class="gatha"> ‘‘සුදුද්දසං සුනිපුණං, ගම්භීරං සුප්පකාසිතං;</div>
                    <div class="gathalast">ඵස්සයිත්වා 
                        <span class="note">(ඵුසයිත්වා (ක.))</span> විහරාමි, ඵලදානස්සිදං ඵලං.
                    </div>
                </div>
                <div class="paragraph" para="70">
                    <span class="paranum">70</span>
                    <div class="gatha"> ‘‘විමොක්ඛෙ 
                        <pb ed="T" n="2.0161"/> අට්ඨ ඵුසිත්වා, විහරාමි අනාසවො;
                    </div>
                    <div class="gathalast">ආතාපී නිපකො චාහං, ඵලදානස්සිදං ඵලං.</div>
                </div>
                <div class="paragraph" para="71">
                    <span class="paranum">71</span>
                    <div class="gatha"> ‘‘යෙ ඵලට්ඨා බුද්ධපුත්තා, ඛීණදොසා මහායසා;</div>
                    <div class="gathalast">අහමඤ්ඤතරො තෙසං, ඵලදානස්සිදං ඵලං.</div>
                </div>
                <div class="paragraph" para="72">
                    <span class="paranum">72</span>
                    <div class="gatha"> ‘‘අභිඤ්ඤාපාරමිං ගන්ත්වා, සුක්කමූලෙන චොදිතො;</div>
                    <div class="gathalast">සබ්බාසවෙ පරිඤ්ඤාය, විහරාමි අනාසවො.</div>
                </div>
                <div class="paragraph" para="73">
                    <span class="paranum">73</span>
                    <div class="gatha"> ‘‘තෙවිජ්ජා ඉද්ධිපත්තා ච, බුද්ධපුත්තා මහායසා;</div>
                    <div class="gathalast">දිබ්බසොතසමාපන්නා, තෙසං අඤ්ඤතරො අහං.</div>
                </div>
                <div class="paragraph" para="74">
                    <span class="paranum">74</span>
                    <div class="gatha"> ‘‘සතසහස්සිතො කප්පෙ, යං ඵලං අදදිං තදා;</div>
                    <div class="gathalast">දුග්ගතිං නාභිජානාමි, ඵලදානස්සිදං ඵලං.</div>
                </div>
                <div class="paragraph" para="75">
                    <span class="paranum">75</span>
                    <div class="gatha"> ‘‘කිලෙසා ඣාපිතා මය්හං...පෙ.... විහරාමි අනාසවො.</div>
                </div>
                <div class="paragraph" para="76">
                    <span class="paranum">76</span>
                    <div class="gatha"> ‘‘ස්වාගතං වත මෙ ආසි...පෙ.... කතං බුද්ධස්ස සාසනං.</div>
                </div>
                <div class="paragraph" para="77">
                    <span class="paranum">77</span>
                    <div class="gatha"> ‘‘පටිසම්භිදා චතස්සො...පෙ.... කතං බුද්ධස්ස සාසනං’’.</div>
                </div>
                <div class="centre ending">ඉත්ථං සුදං ආයස්මා සබ්බඵලදායකො ථෙරො ඉමා ගාථායො අභාසිත්ථාති.</div>
            </div>
            <div class="centre ct_sutta ending">සබ්බඵලදායකත්ථෙරස්සාපදානං නවමං.</div>
        </div>
        <div class="subhead ct_sutta" node-id="471910">
            <span class="subhead ct_sutta">10. පදුමධාරිකත්ථෙරඅපදානං</span>
            <div class="subhead-contents">
                <div class="paragraph" para="78">
                    <span class="paranum">78</span>
                    <div class="gatha"> ‘‘හිමවන්තස්සාවිදූරෙ 
                        <pb ed="T" n="2.0162"/>
                        <pb ed="M" n="2.0100"/>
                        <pb ed="V" n="2.0099"/>, රොමසො නාම පබ්බතො;
                    </div>
                    <div class="gathalast">බුද්ධොපි සම්භවො නාම, අබ්භොකාසෙ වසී තදා.</div>
                </div>
                <div class="paragraph" para="79">
                    <span class="paranum">79</span>
                    <div class="gatha"> ‘‘භවනා නික්ඛමිත්වාන, පදුමං ධාරයිං අහං;</div>
                    <div class="gathalast">එකාහං ධාරයිත්වාන, භවනං පුනරාගමිං.</div>
                </div>
                <div class="paragraph" para="80">
                    <span class="paranum">80</span>
                    <div class="gatha"> ‘‘එකතිංසෙ 
                        <pb ed="P" n="2.0454"/> ඉතො කප්පෙ, යං බුද්ධමභිපූජයිං;
                    </div>
                    <div class="gathalast">දුග්ගතිං නාභිජානාමි, බුද්ධපූජායිදං ඵලං.</div>
                </div>
                <div class="paragraph" para="81">
                    <span class="paranum">81</span>
                    <div class="gatha"> ‘‘කිලෙසා ඣාපිතා මය්හං...පෙ.... විහරාමි අනාසවො.</div>
                </div>
                <div class="paragraph" para="82">
                    <span class="paranum">82</span>
                    <div class="gatha"> ‘‘ස්වාගතං වත මෙ ආසි...පෙ.... කතං බුද්ධස්ස සාසනං.</div>
                </div>
                <div class="paragraph" para="83">
                    <span class="paranum">83</span>
                    <div class="gatha"> ‘‘පටිසම්භිදා චතස්සො...පෙ.... කතං බුද්ධස්ස සාසනං’’.</div>
                </div>
                <div class="centre ending">ඉත්ථං සුදං ආයස්මා පදුමධාරිකො ථෙරො ඉමා ගාථායො අභාසිත්ථාති.</div>
            </div>
            <div class="centre ct_sutta ending">පදුමධාරිකත්ථෙරස්සාපදානං දසමං.</div>
        </div>
    </div>
    <div class="centre ct_vagga ending">ඵලදායකවග්ගො ද්වෙපඤ්ඤාසමො.</div>
    <div class="paragraph udana" para="udana">
        <div class="bodytext ct_vagga">තස්සුද්දානං -</div>
        <div class="ct_vagga gatha">කුරඤ්චියං කපිත්ථඤ්ච, කොසම්බමථ කෙතකං;</div>
        <div class="gathalast ct_vagga">නාගපුප්ඵජ්ජුනඤ්චෙව, කුටජී ඝොසසඤ්ඤකො.</div>
        <div class="ct_vagga gatha">ථෙරො 
            <pb ed="T" n="2.0163"/> ච සබ්බඵලදො, තථා පදුමධාරිකො;
        </div>
        <div class="gathalast ct_vagga">අසීති චෙත්ථ ගාථායො, තිස්සො ගාථා තදුත්තරි.</div>
    </div>
</div>