<div class="chapter ct_vagga" node-id="35230">
    <span class="chapter ct_vagga">(14) 4. සාධුවග්ගො</span>
    <div class="chapter-contents">
        <div class="subhead ct_sutta" node-id="35231">
            <span class="subhead ct_sutta">1. සාධුසුත්තං</span>
            <div class="subhead-contents">
                <div class="paragraph" para="134">
                    <span class="paranum">134</span>
                    <div class="bodytext">
                        <span class="note">(අ. නි. 10.178)</span> ‘‘සාධුඤ්ච 
                        <pb ed="M" n="3.0453"/>
                        <pb ed="V" n="3.0208"/> වො, භික්ඛවෙ, දෙසෙස්සාමි අසාධුඤ්ච. තං සුණාථ, සාධුකං මනසි කරොථ; භාසිස්සාමී’’ති. ‘‘එවං, භන්තෙ’’ති ඛො තෙ භික්ඛූ භගවතො පච්චස්සොසුං. භගවා එතදවොච -
                    </div>
                    <div class="bodytext">‘‘කතමඤ්ච, භික්ඛවෙ, අසාධු? මිච්ඡාදිට්ඨි, මිච්ඡාසඞ්කප්පො, මිච්ඡාවාචා, මිච්ඡාකම්මන්තො, මිච්ඡාආජීවො, මිච්ඡාවායාමො, මිච්ඡාසති, මිච්ඡාසමාධි, මිච්ඡාඤාණං, මිච්ඡාවිමුත්ති - ඉදං වුච්චති, භික්ඛවෙ, අසාධු. කතමඤ්ච, භික්ඛවෙ, සාධු? සම්මාදිට්ඨි 
                        <pb ed="P" n="5.0241"/>, සම්මාසඞ්කප්පො, සම්මාවාචා සම්මාකම්මන්තො, සම්මාආජීවො, සම්මාවායාමො, සම්මාසති, සම්මාසමාධි, සම්මාඤාණං, සම්මාවිමුත්ති - ඉදං වුච්චති, භික්ඛවෙ, සාධූ’’ති. පඨමං.
                    </div>
                </div>
            </div>
        </div>
        <div class="subhead ct_sutta" node-id="35232">
            <span class="subhead ct_sutta">2. අරියධම්මසුත්තං</span>
            <div class="subhead-contents">
                <div class="paragraph" para="135">
                    <span class="paranum">135</span>
                    <div class="bodytext"> ‘‘අරියධම්මඤ්ච වො, භික්ඛවෙ, දෙසෙස්සාමි අනරියධම්මඤ්ච. තං සුණාථ...පෙ.... කතමො ච, භික්ඛවෙ, අනරියො ධම්මො? මිච්ඡාදිට්ඨි...පෙ.... මිච්ඡාවිමුත්ති - අයං වුච්චති, භික්ඛවෙ, අනරියො ධම්මො. කතමො ච, භික්ඛවෙ, අරියො ධම්මො? සම්මාදිට්ඨි...පෙ.... සම්මාවිමුත්ති - අයං වුච්චති, භික්ඛවෙ, අරියො ධම්මො’’ති. දුතියං.</div>
                </div>
            </div>
        </div>
        <div class="subhead ct_sutta" node-id="35233">
            <span class="subhead ct_sutta">3. අකුසලසුත්තං</span>
            <div class="subhead-contents">
                <div class="paragraph" para="136">
                    <span class="paranum">136</span>
                    <div class="bodytext"> ‘‘අකුසලඤ්ච වො, භික්ඛවෙ, දෙසෙස්සාමි කුසලඤ්ච. තං සුණාථ 
                        <pb ed="T" n="5.0259"/> ...පෙ.... කතමඤ්ච, භික්ඛවෙ, අකුසලං? මිච්ඡාදිට්ඨි...පෙ.... මිච්ඡාවිමුත්ති - ඉදං වුච්චති, භික්ඛවෙ 
                        <pb ed="V" n="3.0209"/>, අකුසලං. කතමඤ්ච, භික්ඛවෙ, කුසලං? සම්මාදිට්ඨි...පෙ.... සම්මාවිමුත්ති - ඉදං වුච්චති, භික්ඛවෙ, කුසල’’න්ති. තතියං.
                    </div>
                </div>
            </div>
        </div>
        <div class="subhead ct_sutta" node-id="35234">
            <span class="subhead ct_sutta">4. අත්ථසුත්තං</span>
            <div class="subhead-contents">
                <div class="paragraph" para="137">
                    <span class="paranum">137</span>
                    <div class="bodytext"> ‘‘අත්ථඤ්ච වො, භික්ඛවෙ, දෙසෙස්සාමි අනත්ථඤ්ච. තං සුණාථ...පෙ.... කතමො ච, භික්ඛවෙ, අනත්ථො? මිච්ඡාදිට්ඨි 
                        <pb ed="P" n="5.0242"/>...පෙ.... මිච්ඡාවිමුත්ති - අයං වුච්චති, භික්ඛවෙ, අනත්ථො. කතමො ච, භික්ඛවෙ, අත්ථො? සම්මාදිට්ඨි...පෙ.... සම්මාවිමුත්ති - අයං වුච්චති, භික්ඛවෙ, අත්ථො’’ති. චතුත්ථං.
                    </div>
                </div>
            </div>
        </div>
        <div class="subhead ct_sutta" node-id="35235">
            <span class="subhead ct_sutta">5. ධම්මසුත්තං</span>
            <div class="subhead-contents">
                <div class="paragraph" para="138">
                    <span class="paranum">138</span>
                    <div class="bodytext"> ‘‘ධම්මඤ්ච 
                        <pb ed="M" n="3.0454"/> වො, භික්ඛවෙ, දෙසෙස්සාමි අධම්මඤ්ච. තං සුණාථ...පෙ.... කතමො ච, භික්ඛවෙ, අධම්මො? මිච්ඡාදිට්ඨි...පෙ.... මිච්ඡාවිමුත්ති - අයං වුච්චති, භික්ඛවෙ, අධම්මො. කතමො ච, භික්ඛවෙ, ධම්මො? සම්මාදිට්ඨි...පෙ.... සම්මාවිමුත්ති - අයං වුච්චති, භික්ඛවෙ, ධම්මො’’ති. පඤ්චමං.
                    </div>
                </div>
            </div>
        </div>
        <div class="subhead ct_sutta" node-id="35236">
            <span class="subhead ct_sutta">6. සාසවසුත්තං</span>
            <div class="subhead-contents">
                <div class="paragraph" para="139">
                    <span class="paranum">139</span>
                    <div class="bodytext"> ‘‘සාසවඤ්ච වො, භික්ඛවෙ, ධම්මං දෙසෙස්සාමි අනාසවඤ්ච. තං සුණාථ...පෙ.... කතමො ච, භික්ඛවෙ, සාසවො 
                        <pb ed="T" n="5.0260"/> ධම්මො? මිච්ඡාදිට්ඨි...පෙ.... මිච්ඡාවිමුත්ති - අයං වුච්චති, භික්ඛවෙ, සාසවො ධම්මො. කතමො ච, භික්ඛවෙ, අනාසවො ධම්මො? සම්මාදිට්ඨි...පෙ.... සම්මාවිමුත්ති - අයං වුච්චති, භික්ඛවෙ, අනාසවො ධම්මො’’ති. ඡට්ඨං.
                    </div>
                </div>
            </div>
        </div>
        <div class="subhead ct_sutta" node-id="35237">
            <span class="subhead ct_sutta">7. සාවජ්ජසුත්තං</span>
            <div class="subhead-contents">
                <div class="paragraph" para="140">
                    <span class="paranum">140</span>
                    <div class="bodytext"> ‘‘සාවජ්ජඤ්ච වො, භික්ඛවෙ, ධම්මං දෙසෙස්සාමි අනවජ්ජඤ්ච. තං සුණාථ...පෙ.... කතමො ච, භික්ඛවෙ, සාවජ්ජො ධම්මො? මිච්ඡාදිට්ඨි...පෙ.... මිච්ඡාවිමුත්ති 
                        <pb ed="V" n="3.0210"/> - අයං වුච්චති, භික්ඛවෙ, සාවජ්ජො ධම්මො. කතමො ච, භික්ඛවෙ, අනවජ්ජො ධම්මො? සම්මාදිට්ඨි...පෙ.... සම්මාවිමුත්ති - අයං වුච්චති, භික්ඛවෙ, අනවජ්ජො ධම්මො’’ති. සත්තමං.
                    </div>
                </div>
            </div>
        </div>
        <div class="subhead ct_sutta" node-id="35238">
            <span class="subhead ct_sutta">8. තපනීයසුත්තං</span>
            <div class="subhead-contents">
                <div class="paragraph" para="141">
                    <span class="paranum">141</span>
                    <div class="bodytext"> ‘‘තපනීයඤ්ච 
                        <pb ed="P" n="5.0243"/> වො, භික්ඛවෙ, ධම්මං දෙසෙස්සාමි අතපනීයඤ්ච. තං සුණාථ...පෙ.... කතමො ච, භික්ඛවෙ, තපනීයො ධම්මො? මිච්ඡාදිට්ඨි...පෙ.... මිච්ඡාවිමුත්ති - අයං වුච්චති, භික්ඛවෙ, තපනීයො ධම්මො. කතමො ච, භික්ඛවෙ, අතපනීයො ධම්මො? සම්මාදිට්ඨි...පෙ.... සම්මාවිමුත්ති - අයං වුච්චති, භික්ඛවෙ, අතපනීයො ධම්මො’’ති. අට්ඨමං.
                    </div>
                </div>
            </div>
        </div>
        <div class="subhead ct_sutta" node-id="35239">
            <span class="subhead ct_sutta">9. ආචයගාමිසුත්තං</span>
            <div class="subhead-contents">
                <div class="paragraph" para="142">
                    <span class="paranum">142</span>
                    <div class="bodytext"> ‘‘ආචයගාමිඤ්ච වො, භික්ඛවෙ, ධම්මං දෙසෙස්සාමි අපචයගාමිඤ්ච. තං සුණාථ...පෙ.... කතමො ච, භික්ඛවෙ 
                        <pb ed="T" n="5.0261"/>, ආචයගාමී ධම්මො? මිච්ඡාදිට්ඨි...පෙ.... මිච්ඡාවිමුත්ති - අයං වුච්චති, භික්ඛවෙ, ආචයගාමී ධම්මො. කතමො ච, භික්ඛවෙ 
                        <pb ed="M" n="3.0455"/>, අපචයගාමී ධම්මො? සම්මාදිට්ඨි...පෙ.... සම්මාවිමුත්ති - අයං වුච්චති, භික්ඛවෙ, අපචයගාමී ධම්මො’’ති. නවමං.
                    </div>
                </div>
            </div>
        </div>
        <div class="subhead ct_sutta" node-id="352310">
            <span class="subhead ct_sutta">10. දුක්ඛුද්‍රයසුත්තං</span>
            <div class="subhead-contents">
                <div class="paragraph" para="143">
                    <span class="paranum">143</span>
                    <div class="bodytext"> ‘‘දුක්ඛුද්‍රයඤ්ච වො, භික්ඛවෙ, ධම්මං දෙසෙස්සාමි සුඛුද්‍රයඤ්ච. තං සුණාථ...පෙ.... කතමො ච, භික්ඛවෙ, දුක්ඛුද්‍රයො ධම්මො? මිච්ඡාදිට්ඨි...පෙ.... මිච්ඡාවිමුත්ති - අයං වුච්චති, භික්ඛවෙ, දුක්ඛුද්‍රයො ධම්මො. කතමො ච, භික්ඛවෙ, සුඛුද්‍රයො ධම්මො? සම්මාදිට්ඨි...පෙ.... සම්මාවිමුත්ති - අයං වුච්චති, භික්ඛවෙ, සුඛුද්‍රයො ධම්මො’’ති. දසමං.</div>
                </div>
            </div>
        </div>
        <div class="subhead ct_sutta" node-id="352311">
            <span class="subhead ct_sutta">11. දුක්ඛවිපාකසුත්තං</span>
            <div class="subhead-contents">
                <div class="paragraph" para="144">
                    <span class="paranum">144</span>
                    <div class="bodytext"> ‘‘දුක්ඛවිපාකඤ්ච 
                        <pb ed="V" n="3.0211"/>
                        <pb ed="P" n="5.0244"/> වො, භික්ඛවෙ, ධම්මං දෙසෙස්සාමි සුඛවිපාකඤ්ච. තං සුණාථ...පෙ.... කතමො ච, භික්ඛවෙ, දුක්ඛවිපාකො ධම්මො? මිච්ඡාදිට්ඨි...පෙ.... මිච්ඡාවිමුත්ති - අයං වුච්චති, භික්ඛවෙ, දුක්ඛවිපාකො ධම්මො. කතමො ච, භික්ඛවෙ, සුඛවිපාකො ධම්මො? සම්මාදිට්ඨි...පෙ.... සම්මාවිමුත්ති - අයං වුච්චති, භික්ඛවෙ, සුඛවිපාකො ධම්මො’’ති. එකාදසමං.
                    </div>
                </div>
            </div>
        </div>
    </div>
    <div class="centre ct_vagga ending">සාධුවග්ගො චතුත්ථො.</div>
</div>