<div class="chapter ct_vagga" node-id="32180">
    <span class="chapter ct_vagga">9. සමණවග්ගො</span>
    <div class="chapter-contents">
        <div class="subhead ct_sutta" node-id="32181">
            <span class="subhead ct_sutta">1. භික්ඛුසුත්තං</span>
            <div class="subhead-contents">
                <div class="paragraph" para="85">
                    <span class="paranum">85</span>
                    <div class="bodytext">
                        <span class="note">(මහානි. 18; චූළනි. අජිතමාණවපුච්ඡානිද්දෙස 8)</span> ‘‘සත්තන්නං 
                        <pb ed="V" n="2.0272"/>, භික්ඛවෙ, ධම්මානං භින්නත්තා භික්ඛු හොති. කතමෙසං සත්තන්නං? සක්කායදිට්ඨි භින්නා හොති, විචිකිච්ඡා භින්නා හොති, සීලබ්බතපරාමාසො භින්නො හොති, රාගො භින්නො හොති, දොසො භින්නො හොති, මොහො භින්නො හොති, මානො භින්නො හොති. ඉමෙසං ඛො, භික්ඛවෙ, සත්තන්නං ධම්මානං භින්නත්තා භික්ඛු හොතී’’ති. පඨමං.
                    </div>
                </div>
            </div>
        </div>
        <div class="subhead ct_sutta" node-id="32182">
            <span class="subhead ct_sutta">2. සමණසුත්තං</span>
            <div class="subhead-contents">
                <div class="paragraph" para="86">
                    <span class="paranum">86</span>
                    <div class="bodytext"> සත්තන්නං, භික්ඛවෙ, ධම්මානං සමිතත්තා සමණො හොති...පෙ..... දුතියං.</div>
                </div>
            </div>
        </div>
        <div class="subhead ct_sutta" node-id="32183">
            <span class="subhead ct_sutta">3. බ්‍රාහ්මණසුත්තං</span>
            <div class="subhead-contents">
                <div class="paragraph" para="87">
                    <span class="paranum">87</span>
                    <div class="bodytext"> බාහිතත්තා බ්‍රාහ්මණො හොති...පෙ..... තතියං.</div>
                </div>
            </div>
        </div>
        <div class="subhead ct_sutta" node-id="32184">
            <span class="subhead ct_sutta">4. සොත්තියසුත්තං</span>
            <div class="subhead-contents">
                <div class="paragraph" para="88">
                    <span class="paranum">88</span>
                    <div class="bodytext"> නිස්සුතත්තා 
                        <span class="note">(නිස්සුත්තත්තා (ස්‍යා.) ම. නි. 1.434 පස්සිතබ්බං)</span> සොත්තියො 
                        <span class="note">(සොත්ථිකො (සී.), සොත්තිකො (ස්‍යා.))</span> හොති...පෙ..... චතුත්ථං.
                    </div>
                </div>
            </div>
        </div>
        <div class="subhead ct_sutta" node-id="32185">
            <span class="subhead ct_sutta">5. න්හාතකසුත්තං</span>
            <div class="subhead-contents">
                <div class="paragraph" para="89">
                    <span class="paranum">89</span>
                    <div class="bodytext"> න්හාතත්තා 
                        <pb ed="T" n="4.0147"/>
                        <pb ed="M" n="2.0509"/> න්හාතකො 
                        <span class="note">(නහාතත්තො නහාතකො (සී. ස්‍යා.))</span> හොති...පෙ..... පඤ්චමං.
                    </div>
                </div>
            </div>
        </div>
        <div class="subhead ct_sutta" node-id="32186">
            <span class="subhead ct_sutta">6. වෙදගූසුත්තං</span>
            <div class="subhead-contents">
                <div class="paragraph" para="90">
                    <span class="paranum">90</span>
                    <div class="bodytext"> විදිතත්තා 
                        <pb ed="P" n="4.0145"/> වෙදගූ හොති...පෙ..... ඡට්ඨං.
                    </div>
                </div>
            </div>
        </div>
        <div class="subhead ct_sutta" node-id="32187">
            <span class="subhead ct_sutta">7. අරියසුත්තං</span>
            <div class="subhead-contents">
                <div class="paragraph" para="91">
                    <span class="paranum">91</span>
                    <div class="bodytext"> ආරකත්තා 
                        <pb ed="V" n="2.0273"/>
                        <span class="note">(අරහත්තා (සී.), අරී හතත්තා (ක.) ම. නි. 1.434 පාළි අට්ඨකථාටීකා පස්සිතබ්බා. ස්‍යාමපොත්ථකෙ පන සකලම්පි ඉදං සත්තමසුත්තං නත්ථි)</span> අරියො හොති...පෙ..... සත්තමං.
                    </div>
                </div>
            </div>
        </div>
        <div class="subhead ct_sutta" node-id="32188">
            <span class="subhead ct_sutta">8. අරහාසුත්තං</span>
            <div class="subhead-contents">
                <div class="paragraph" para="92">
                    <span class="paranum">92</span>
                    <div class="bodytext"> ‘‘ආරකත්තා අරහා හොති. කතමෙසං සත්තන්නං? සක්කායදිට්ඨි ආරකා හොති, විචිකිච්ඡා ආරකා හොති, සීලබ්බතපරාමාසො ආරකො හොති, රාගො ආරකො හොති, දොසො ආරකො හොති, මොහො ආරකො හොති, මානො ආරකො හොති. ඉමෙසං ඛො, භික්ඛවෙ, සත්තන්නං ධම්මානං ආරකත්තා අරහා හොතී’’ති. අට්ඨමං.</div>
                </div>
            </div>
        </div>
        <div class="subhead ct_sutta" node-id="32189">
            <span class="subhead ct_sutta">9. අසද්ධම්මසුත්තං</span>
            <div class="subhead-contents">
                <div class="paragraph" para="93">
                    <span class="paranum">93</span>
                    <div class="bodytext"> ‘‘සත්තිමෙ, භික්ඛවෙ, අසද්ධම්මා. කතමෙ සත්ත? අස්සද්ධො හොති, අහිරිකො හොති, අනොත්තප්පී හොති, අප්පස්සුතො හොති, කුසීතො හොති, මුට්ඨස්සති හොති, දුප්පඤ්ඤො හොති. ඉමෙ ඛො, භික්ඛවෙ, සත්ත අසද්ධම්මා’’ති. නවමං.</div>
                </div>
            </div>
        </div>
        <div class="subhead ct_sutta" node-id="321810">
            <span class="subhead ct_sutta">10. සද්ධම්මසුත්තං</span>
            <div class="subhead-contents">
                <div class="paragraph" para="94">
                    <span class="paranum">94</span>
                    <div class="bodytext"> ‘‘සත්තිමෙ, භික්ඛවෙ, සද්ධම්මා. කතමෙ සත්ත? සද්ධො හොති, හිරීමා හොති, ඔත්තප්පී හොති, බහුස්සුතො හොති, ආරද්ධවීරියො හොති, සතිමා හොති, පඤ්ඤවා හොති. ඉමෙ ඛො, භික්ඛවෙ, සත්ත සද්ධම්මා’’ති. දසමං.</div>
                </div>
            </div>
        </div>
    </div>
    <div class="centre ct_vagga ending">සමණවග්ගො නවමො.</div>
    <div class="paragraph udana" para="udana">
        <div class="bodytext ct_vagga">තස්සුද්දානං -</div>
        <div class="ct_vagga gatha">භික්ඛුං 
            <pb ed="M" n="2.0510"/> සමණො බ්‍රාහ්මණො, සොත්තියො චෙව න්හාතකො;
        </div>
        <div class="gathalast ct_vagga">වෙදගූ අරියො අරහා, අසද්ධම්මා ච සද්ධම්මාති.</div>
    </div>
</div>