<div class="chapter ct_samyuththa" node-id="24180">
    <span class="chapter ct_samyuththa">9. අසඞ්ඛතසංයුත්තං</span>
    <div class="chapter-contents">
        <div class="title ct_vagga" node-id="24181">
            <span class="title ct_vagga">1. පඨමවග්ගො</span>
            <div class="title-contents">
                <div class="subhead ct_sutta" node-id="24183">
                    <span class="subhead ct_sutta">1. කායගතාසතිසුත්තං</span>
                    <div class="subhead-contents">
                        <div class="paragraph" para="366">
                            <span class="paranum">366</span>
                            <div class="bodytext"> සාවත්ථිනිදානං 
                                <pb ed="V" n="2.0334"/>
                                <pb ed="M" n="2.0535"/>. ‘‘අසඞ්ඛතඤ්ච 
                                <pb ed="T" n="4.0441"/> වො, භික්ඛවෙ, දෙසෙස්සාමි අසඞ්ඛතගාමිඤ්ච මග්ගං. තං සුණාථ. කතමඤ්ච, භික්ඛවෙ, අසඞ්ඛතං? යො, භික්ඛවෙ, රාගක්ඛයො දොසක්ඛයො මොහක්ඛයො - ඉදං වුච්චති, භික්ඛවෙ, අසඞ්ඛතං. කතමො ච, භික්ඛවෙ, අසඞ්ඛතගාමිමග්ගො? කායගතාසති. අයං වුච්චති, භික්ඛවෙ, අසඞ්ඛතගාමිමග්ගො’’.
                            </div>
                            <div class="bodytext">‘‘ඉති ඛො, භික්ඛවෙ, දෙසිතං වො මයා අසඞ්ඛතං, දෙසිතො අසඞ්ඛතගාමිමග්ගො. යං, භික්ඛවෙ, සත්ථාරා කරණීයං සාවකානං හිතෙසිනා අනුකම්පකෙන අනුකම්පං උපාදාය, කතං වො තං මයා. එතානි, භික්ඛවෙ, රුක්ඛමූලානි, එතානි සුඤ්ඤාගාරානි. ඣායථ 
                                <span class="note">(නිජ්ඣායථ (ක.))</span>, භික්ඛවෙ, මා පමාදත්ථ; මා පච්ඡා විප්පටිසාරිනො අහුවත්ථ. අයං වො අම්හාකං අනුසාසනී’’ති. පඨමං.
                            </div>
                        </div>
                    </div>
                </div>
                <div class="subhead ct_sutta" node-id="24184">
                    <span class="subhead ct_sutta">2. සමථවිපස්සනාසුත්තං</span>
                    <div class="subhead-contents">
                        <div class="paragraph" para="367">
                            <span class="paranum">367</span>
                            <div class="bodytext"> ‘‘අසඞ්ඛතඤ්ච 
                                <pb ed="P" n="4.0360"/> වො, භික්ඛවෙ, දෙසෙස්සාමි අසඞ්ඛතගාමිඤ්ච මග්ගං. තං සුණාථ. කතමඤ්ච, භික්ඛවෙ, අසඞ්ඛතං? යො, භික්ඛවෙ, රාගක්ඛයො දොසක්ඛයො මොහක්ඛයො - ඉදං වුච්චති, භික්ඛවෙ, අසඞ්ඛතං. කතමො ච, භික්ඛවෙ, අසඞ්ඛතගාමිමග්ගො? සමථො ච විපස්සනා ච. අයං වුච්චති, භික්ඛවෙ, අසඞ්ඛතගාමිමග්ගො...පෙ..... දුතියං.
                            </div>
                        </div>
                    </div>
                </div>
                <div class="subhead ct_sutta" node-id="24185">
                    <span class="subhead ct_sutta">3. සවිතක්කසවිචාරසුත්තං</span>
                    <div class="subhead-contents">
                        <div class="paragraph" para="368">
                            <span class="paranum">368</span>
                            <div class="bodytext"> ‘‘කතමො 
                                <pb ed="T" n="4.0442"/>
                                <pb ed="V" n="2.0335"/> ච, භික්ඛවෙ, අසඞ්ඛතගාමිමග්ගො? සවිතක්කසවිචාරො සමාධි, අවිතක්කවිචාරමත්තො සමාධි, අවිතක්කඅවිචාරො සමාධි - අයං වුච්චති, භික්ඛවෙ, අසඞ්ඛතගාමිමග්ගො...පෙ..... තතියං.
                            </div>
                        </div>
                    </div>
                </div>
                <div class="subhead ct_sutta" node-id="24186">
                    <span class="subhead ct_sutta">4. සුඤ්ඤතසමාධිසුත්තං</span>
                    <div class="subhead-contents">
                        <div class="paragraph" para="369">
                            <span class="paranum">369</span>
                            <div class="bodytext"> ‘‘කතමො 
                                <pb ed="M" n="2.0536"/> ච, භික්ඛවෙ, අසඞ්ඛතගාමිමග්ගො? සුඤ්ඤතො සමාධි, අනිමිත්තො සමාධි, අප්පණිහිතො සමාධි - අයං වුච්චති, භික්ඛවෙ, අසඞ්ඛතගාමිමග්ගො...පෙ..... චතුත්ථං.
                            </div>
                        </div>
                    </div>
                </div>
                <div class="subhead ct_sutta" node-id="24187">
                    <span class="subhead ct_sutta">5. සතිපට්ඨානසුත්තං</span>
                    <div class="subhead-contents">
                        <div class="paragraph" para="370">
                            <span class="paranum">370</span>
                            <div class="bodytext"> ‘‘කතමො ච, භික්ඛවෙ, අසඞ්ඛතගාමිමග්ගො? චත්තාරො සතිපට්ඨානා. අයං වුච්චති, භික්ඛවෙ, අසඞ්ඛතගාමිමග්ගො...පෙ..... පඤ්චමං.</div>
                        </div>
                    </div>
                </div>
                <div class="subhead ct_sutta" node-id="24188">
                    <span class="subhead ct_sutta">6. සම්මප්පධානසුත්තං</span>
                    <div class="subhead-contents">
                        <div class="paragraph" para="371">
                            <span class="paranum">371</span>
                            <div class="bodytext"> ‘‘කතමො ච, භික්ඛවෙ, අසඞ්ඛතගාමිමග්ගො? චත්තාරො සම්මප්පධානා. අයං වුච්චති, භික්ඛවෙ, අසඞ්ඛතගාමිමග්ගො...පෙ..... ඡට්ඨං.</div>
                        </div>
                    </div>
                </div>
                <div class="subhead ct_sutta" node-id="24189">
                    <span class="subhead ct_sutta">7. ඉද්ධිපාදසුත්තං</span>
                    <div class="subhead-contents">
                        <div class="paragraph" para="372">
                            <span class="paranum">372</span>
                            <div class="bodytext"> ‘‘කතමො ච, භික්ඛවෙ, අසඞ්ඛතගාමිමග්ගො? චත්තාරො ඉද්ධිපාදා. අයං වුච්චති, භික්ඛවෙ, අසඞ්ඛතගාමිමග්ගො...පෙ..... සත්තමං.</div>
                        </div>
                    </div>
                </div>
                <div class="subhead ct_sutta" node-id="241810">
                    <span class="subhead ct_sutta">8. ඉන්ද්‍රියසුත්තං</span>
                    <div class="subhead-contents">
                        <div class="paragraph" para="373">
                            <span class="paranum">373</span>
                            <div class="bodytext"> ‘‘කතමො 
                                <pb ed="V" n="2.0336"/>
                                <pb ed="P" n="4.0361"/> ච, භික්ඛවෙ, අසඞ්ඛතගාමිමග්ගො? පඤ්චින්ද්‍රියානි. අයං වුච්චති, භික්ඛවෙ, අසඞ්ඛතගාමිමග්ගො...පෙ..... අට්ඨමං.
                            </div>
                        </div>
                    </div>
                </div>
                <div class="subhead ct_sutta" node-id="241811">
                    <span class="subhead ct_sutta">9. බලසුත්තං</span>
                    <div class="subhead-contents">
                        <div class="paragraph" para="374">
                            <span class="paranum">374</span>
                            <div class="bodytext"> ‘‘කතමො ච, භික්ඛවෙ, අසඞ්ඛතගාමිමග්ගො? පඤ්ච බලානි. අයං වුච්චති, භික්ඛවෙ, අසඞ්ඛතගාමිමග්ගො...පෙ..... නවමං.</div>
                        </div>
                    </div>
                </div>
                <div class="subhead ct_sutta" node-id="241812">
                    <span class="subhead ct_sutta">10. බොජ්ඣඞ්ගසුත්තං</span>
                    <div class="subhead-contents">
                        <div class="paragraph" para="375">
                            <span class="paranum">375</span>
                            <div class="bodytext"> ‘‘කතමො ච, භික්ඛවෙ, අසඞ්ඛතගාමිමග්ගො? සත්ත බොජ්ඣඞ්ගා. අයං වුච්චති, භික්ඛවෙ, අසඞ්ඛතගාමිමග්ගො...පෙ..... දසමං.</div>
                        </div>
                    </div>
                </div>
                <div class="subhead ct_sutta" node-id="241813">
                    <span class="subhead ct_sutta">11. මග්ගඞ්ගසුත්තං</span>
                    <div class="subhead-contents">
                        <div class="paragraph" para="376">
                            <span class="paranum">376</span>
                            <div class="bodytext"> ‘‘කතමො 
                                <pb ed="M" n="2.0537"/> ච, භික්ඛවෙ, අසඞ්ඛතගාමිමග්ගො? අරියො අට්ඨඞ්ගිකො මග්ගො. අයං වුච්චති, භික්ඛවෙ, අසඞ්ඛතගාමිමග්ගො. ඉති ඛො, භික්ඛවෙ 
                                <pb ed="T" n="4.0443"/>, දෙසිතං වො මයා අසඞ්ඛතං, දෙසිතො අසඞ්ඛතගාමිමග්ගො. යං, භික්ඛවෙ, සත්ථාරා කරණීයං සාවකානං හිතෙසිනා අනුකම්පකෙන අනුකම්පං උපාදාය කතං වො තං මයා. එතානි, භික්ඛවෙ, රුක්ඛමූලානි, එතානි සුඤ්ඤාගාරානි. ඣායථ, භික්ඛවෙ, මා පමාදත්ථ; මා පච්ඡා විප්පටිසාරිනො අහුවත්ථ. අයං වො අම්හාකං අනුසාසනී’’ති. එකාදසමං.
                            </div>
                        </div>
                    </div>
                </div>
            </div>
            <div class="centre ct_vagga ending">පඨමො වග්ගො.</div>
            <div class="paragraph udana" para="udana">
                <div class="bodytext ct_vagga">තස්සුද්දානං -</div>
                <div class="ct_vagga gatha">කායො 
                    <pb ed="V" n="2.0337"/> සමථො සවිතක්කො, සුඤ්ඤතො සතිපට්ඨානා;
                </div>
                <div class="ct_vagga gatha">සම්මප්පධානා ඉද්ධිපාදා, ඉන්ද්‍රියබලබොජ්ඣඞ්ගා;</div>
                <div class="gathalast ct_vagga">මග්ගෙන එකාදසමං, තස්සුද්දානං පවුච්චති.</div>
            </div>
        </div>
        <div class="title ct_vagga" node-id="24182">
            <span class="title ct_vagga">2. දුතියවග්ගො</span>
            <div class="title-contents">
                <div class="subhead ct_sutta" node-id="241814">
                    <span class="subhead ct_sutta">1. අසඞ්ඛතසුත්තං</span>
                    <div class="subhead-contents">
                        <div class="paragraph" para="377">
                            <span class="paranum">377</span>
                            <div class="bodytext"> ‘‘අසඞ්ඛතඤ්ච 
                                <pb ed="T" n="4.0444"/>
                                <pb ed="P" n="4.0362"/> වො, භික්ඛවෙ, දෙසෙස්සාමි අසඞ්ඛතගාමිඤ්ච මග්ගං. තං සුණාථ. කතමඤ්ච, භික්ඛවෙ, අසඞ්ඛතං? යො, භික්ඛවෙ, රාගක්ඛයො දොසක්ඛයො මොහක්ඛයො - ඉදං වුච්චති, භික්ඛවෙ, අසඞ්ඛතං. කතමො ච, භික්ඛවෙ, අසඞ්ඛතගාමිමග්ගො? සමථො. අයං වුච්චති, භික්ඛවෙ, අසඞ්ඛතගාමිමග්ගො. ඉති ඛො, භික්ඛවෙ, දෙසිතං වො මයා අසඞ්ඛතං, දෙසිතො අසඞ්ඛතගාමිමග්ගො. යං, භික්ඛවෙ, සත්ථාරා කරණීයං සාවකානං හිතෙසිනා අනුකම්පකෙන අනුකම්පං උපාදාය, කතං වො තං මයා. එතානි, භික්ඛවෙ, රුක්ඛමූලානි, එතානි සුඤ්ඤාගාරානි. ඣායථ, භික්ඛවෙ, මා පමාදත්ථ; මා පච්ඡා විප්පටිසාරිනො අහුවත්ථ. අයං වො අම්හාකං අනුසාසනීති.
                            </div>
                            <div class="bodytext">‘‘අසඞ්ඛතඤ්ච 
                                <pb ed="M" n="2.0538"/> වො, භික්ඛවෙ, දෙසෙස්සාමි අසඞ්ඛතගාමිඤ්ච මග්ගං. තං සුණාථ. කතමඤ්ච, භික්ඛවෙ, අසඞ්ඛතං? යො, භික්ඛවෙ, රාගක්ඛයො දොසක්ඛයො මොහක්ඛයො - ඉදං වුච්චති, භික්ඛවෙ, අසඞ්ඛතං. කතමො ච, භික්ඛවෙ, අසඞ්ඛතගාමිමග්ගො? විපස්සනා. අයං වුච්චති, භික්ඛවෙ, අසඞ්ඛතගාමිමග්ගො. ඉති ඛො, භික්ඛවෙ, දෙසිතං වො මයා අසඞ්ඛතං...පෙ.... අයං වො අම්හාකං අනුසාසනීති.
                            </div>
                            <div class="bodytext">‘‘කතමො ච, භික්ඛවෙ, අසඞ්ඛතගාමිමග්ගො? සවිතක්කො 
                                <pb ed="P" n="4.0363"/> සවිචාරො සමාධි. අයං වුච්චති, භික්ඛවෙ, අසඞ්ඛතගාමිමග්ගො...පෙ.... කතමො 
                                <pb ed="T" n="4.0445"/> ච, භික්ඛවෙ, අසඞ්ඛතගාමිමග්ගො? අවිතක්කො 
                                <pb ed="V" n="2.0338"/> විචාරමත්තො සමාධි. අයං වුච්චති, භික්ඛවෙ, අසඞ්ඛතගාමිමග්ගො...පෙ.... කතමො ච, භික්ඛවෙ, අසඞ්ඛතගාමිමග්ගො? අවිතක්කො අවිචාරො සමාධි. අයං වුච්චති, භික්ඛවෙ, අසඞ්ඛතගාමිමග්ගො...පෙ.....
                            </div>
                            <div class="bodytext">‘‘කතමො ච, භික්ඛවෙ, අසඞ්ඛතගාමිමග්ගො? සුඤ්ඤතො සමාධි. අයං වුච්චති, භික්ඛවෙ, අසඞ්ඛතගාමිමග්ගො...පෙ.... කතමො ච, භික්ඛවෙ, අසඞ්ඛතගාමිමග්ගො? අනිමිත්තො සමාධි. අයං වුච්චති, භික්ඛවෙ, අසඞ්ඛතගාමිමග්ගො...පෙ.... කතමො ච, භික්ඛවෙ, අසඞ්ඛතගාමිමග්ගො? අප්පණිහිතො සමාධි. අයං වුච්චති, භික්ඛවෙ, අසඞ්ඛතගාමිමග්ගො...පෙ.....</div>
                            <div class="bodytext">‘‘කතමො ච, භික්ඛවෙ, අසඞ්ඛතගාමිමග්ගො? ඉධ, භික්ඛවෙ, භික්ඛු කායෙ කායානුපස්සී විහරති ආතාපී සම්පජානො සතිමා විනෙය්‍ය ලොකෙ අභිජ්ඣාදොමනස්සං. අයං වුච්චති, භික්ඛවෙ, අසඞ්ඛතගාමිමග්ගො...පෙ.... කතමො ච, භික්ඛවෙ, අසඞ්ඛතගාමිමග්ගො? ඉධ, භික්ඛවෙ, භික්ඛු වෙදනාසු වෙදනානුපස්සී විහරති...පෙ.... අයං වුච්චති, භික්ඛවෙ, අසඞ්ඛතගාමිමග්ගො...පෙ.... කතමො 
                                <pb ed="P" n="4.0364"/> ච, භික්ඛවෙ, අසඞ්ඛතගාමිමග්ගො? ඉධ, භික්ඛවෙ, භික්ඛු චිත්තෙ චිත්තානුපස්සී...පෙ.... අයං වුච්චති, භික්ඛවෙ, අසඞ්ඛතගාමිමග්ගො...පෙ.... කතමො 
                                <pb ed="T" n="4.0446"/> ච, භික්ඛවෙ, අසඞ්ඛතගාමිමග්ගො? ඉධ, භික්ඛවෙ, භික්ඛු ධම්මෙසු ධම්මානුපස්සී විහරති...පෙ.... අයං වුච්චති, භික්ඛවෙ, අසඞ්ඛතගාමිමග්ගො...පෙ.....
                            </div>
                            <div class="bodytext">‘‘කතමො ච, භික්ඛවෙ, අසඞ්ඛතගාමිමග්ගො? ඉධ, භික්ඛවෙ, භික්ඛු අනුප්පන්නානං පාපකානං අකුසලානං ධම්මානං අනුප්පාදා ඡන්දං ජනෙති වායමති වීරියං ආරභති චිත්තං පග්ගණ්හාති පදහති. අයං වුච්චති, භික්ඛවෙ, අසඞ්ඛතගාමිමග්ගො...පෙ.... කතමො ච, භික්ඛවෙ, අසඞ්ඛතගාමිමග්ගො? ඉධ, භික්ඛවෙ, භික්ඛු උප්පන්නානං 
                                <pb ed="M" n="2.0539"/> පාපකානං අකුසලානං ධම්මානං පහානා ඡන්දං ජනෙති වායමති වීරියං ආරභති චිත්තං පග්ගණ්හාති පදහති. අයං වුච්චති, භික්ඛවෙ, අසඞ්ඛතගාමිමග්ගො...පෙ.... කතමො ච, භික්ඛවෙ, අසඞ්ඛතගාමිමග්ගො? ඉධ, භික්ඛවෙ, භික්ඛු අනුප්පන්නානං කුසලානං ධම්මානං උප්පාදා ඡන්දං ජනෙති වායමති වීරියං ආරභති 
                                <pb ed="V" n="2.0339"/> චිත්තං පග්ගණ්හාති පදහති. අයං වුච්චති, භික්ඛවෙ, අසඞ්ඛතගාමිමග්ගො...පෙ.... කතමො ච, භික්ඛවෙ, අසඞ්ඛතගාමිමග්ගො? ඉධ, භික්ඛවෙ, භික්ඛු උප්පන්නානං කුසලානං ධම්මානං ඨිතියා 
                                <pb ed="P" n="4.0365"/> අසම්මොසාය භිය්‍යොභාවාය වෙපුල්ලාය භාවනාය පාරිපූරියා ඡන්දං ජනෙති වායමති වීරියං ආරභති චිත්තං පග්ගණ්හාති පදහති. අයං වුච්චති, භික්ඛවෙ, අසඞ්ඛතගාමිමග්ගො...පෙ.....
                            </div>
                            <div class="bodytext">‘‘කතමො 
                                <pb ed="T" n="4.0447"/> ච, භික්ඛවෙ, අසඞ්ඛතගාමිමග්ගො? ඉධ, භික්ඛවෙ, භික්ඛු ඡන්දසමාධිපධානසඞ්ඛාරසමන්නාගතං ඉද්ධිපාදං භාවෙති. අයං වුච්චති, භික්ඛවෙ, අසඞ්ඛතගාමිමග්ගො ...පෙ.... කතමො ච, භික්ඛවෙ, අසඞ්ඛතගාමිමග්ගො? ඉධ, භික්ඛවෙ, භික්ඛු වීරියසමාධිපධානසඞ්ඛාරසමන්නාගතං ඉද්ධිපාදං භාවෙති. අයං වුච්චති, භික්ඛවෙ, අසඞ්ඛතගාමිමග්ගො...පෙ.... කතමො ච, භික්ඛවෙ, අසඞ්ඛතගාමිමග්ගො? ඉධ, භික්ඛවෙ, භික්ඛු චිත්තසමාධිපධානසඞ්ඛාරසමන්නාගතං ඉද්ධිපාදං භාවෙති. අයං වුච්චති, භික්ඛවෙ, අසඞ්ඛතගාමිමග්ගො...පෙ.... කතමො ච, භික්ඛවෙ, අසඞ්ඛතගාමිමග්ගො? ඉධ, භික්ඛවෙ, භික්ඛු වීමංසසමාධිපධානසඞ්ඛාරසමන්නාගතං ඉද්ධිපාදං භාවෙති. අයං වුච්චති, භික්ඛවෙ, අසඞ්ඛතගාමිමග්ගො...පෙ.....
                            </div>
                            <div class="bodytext">‘‘කතමො ච, භික්ඛවෙ, අසඞ්ඛතගාමිමග්ගො? ඉධ, භික්ඛවෙ, භික්ඛු සද්ධින්ද්‍රියං භාවෙති විවෙකනිස්සිතං විරාගනිස්සිතං නිරොධනිස්සිතං වොස්සග්ගපරිණාමිං. අයං වුච්චති, භික්ඛවෙ, අසඞ්ඛතගාමිමග්ගො...පෙ.... කතමො 
                                <pb ed="P" n="4.0366"/> ච, භික්ඛවෙ, අසඞ්ඛතගාමිමග්ගො? ඉධ, භික්ඛවෙ, භික්ඛු වීරියින්ද්‍රියං භාවෙති විවෙකනිස්සිතං...පෙ.... අයං වුච්චති, භික්ඛවෙ, අසඞ්ඛතගාමිමග්ගො...පෙ.... කතමො ච, භික්ඛවෙ, අසඞ්ඛතගාමිමග්ගො? ඉධ, භික්ඛවෙ, භික්ඛු සතින්ද්‍රියං භාවෙති...පෙ.... අයං වුච්චති, භික්ඛවෙ, අසඞ්ඛතගාමිමග්ගො...පෙ.... කතමො 
                                <pb ed="T" n="4.0448"/> ච, භික්ඛවෙ, අසඞ්ඛතගාමිමග්ගො? ඉධ, භික්ඛවෙ, භික්ඛු සමාධින්ද්‍රියං භාවෙති...පෙ.... අයං වුච්චති, භික්ඛවෙ, අසඞ්ඛතගාමිමග්ගො...පෙ.... කතමො ච, භික්ඛවෙ, අසඞ්ඛතගාමිමග්ගො? ඉධ, භික්ඛවෙ, භික්ඛු පඤ්ඤින්ද්‍රියං භාවෙති විවෙකනිස්සිතං විරාගනිස්සිතං 
                                <pb ed="M" n="2.0540"/> නිරොධනිස්සිතං වොස්සග්ගපරිණාමිං. අයං වුච්චති, භික්ඛවෙ, අසඞ්ඛතගාමිමග්ගො...පෙ.....
                            </div>
                            <div class="bodytext">‘‘කතමො 
                                <pb ed="V" n="2.0340"/> ච, භික්ඛවෙ, අසඞ්ඛතගාමිමග්ගො? ඉධ, භික්ඛවෙ, භික්ඛු සද්ධාබලං භාවෙති විවෙකනිස්සිතං...පෙ.... අයං වුච්චති, භික්ඛවෙ, අසඞ්ඛතගාමිමග්ගො...පෙ.... කතමො ච, භික්ඛවෙ, අසඞ්ඛතගාමිමග්ගො? ඉධ, භික්ඛවෙ, භික්ඛු වීරියබලං භාවෙති...පෙ.... අයං වුච්චති, භික්ඛවෙ, අසඞ්ඛතගාමිමග්ගො...පෙ.... කතමො ච, භික්ඛවෙ, අසඞ්ඛතගාමිමග්ගො? ඉධ, භික්ඛවෙ, භික්ඛු සතිබලං භාවෙති...පෙ.... අයං වුච්චති, භික්ඛවෙ, අසඞ්ඛතගාමිමග්ගො...පෙ.... කතමො 
                                <pb ed="P" n="4.0367"/> ච, භික්ඛවෙ, අසඞ්ඛතගාමිමග්ගො? ඉධ, භික්ඛවෙ, භික්ඛු සමාධිබලං භාවෙති...පෙ.... අයං වුච්චති, භික්ඛවෙ, අසඞ්ඛතගාමිමග්ගො...පෙ.... කතමො ච, භික්ඛවෙ, අසඞ්ඛතගාමිමග්ගො? ඉධ, භික්ඛවෙ, භික්ඛු පඤ්ඤාබලං භාවෙති විවෙකනිස්සිතං විරාගනිස්සිතං නිරොධනිස්සිතං වොස්සග්ගපරිණාමිං. අයං වුච්චති, භික්ඛවෙ, අසඞ්ඛතගාමිමග්ගො...පෙ.....
                            </div>
                            <div class="bodytext">‘‘කතමො ච, භික්ඛවෙ, අසඞ්ඛතගාමිමග්ගො? ඉධ, භික්ඛවෙ, භික්ඛු සතිසම්බොජ්ඣඞ්ගං භාවෙති...පෙ.... අයං වුච්චති, භික්ඛවෙ, අසඞ්ඛතගාමිමග්ගො...පෙ.... කතමො 
                                <pb ed="T" n="4.0449"/> ච, භික්ඛවෙ, අසඞ්ඛතගාමිමග්ගො? ඉධ, භික්ඛවෙ, භික්ඛු ධම්මවිචයසම්බොජ්ඣඞ්ගං භාවෙති...පෙ.... වීරියසම්බොජ්ඣඞ්ගං භාවෙති...පෙ.... පීතිසම්බොජ්ඣඞ්ගං භාවෙති...පෙ.... පස්සද්ධිසම්බොජ්ඣඞ්ගං භාවෙති...පෙ.... සමාධිසම්බොජ්ඣඞ්ගං භාවෙති...පෙ.... උපෙක්ඛාසම්බොජ්ඣඞ්ගං භාවෙති විවෙකනිස්සිතං විරාගනිස්සිතං නිරොධනිස්සිතං වොස්සග්ගපරිණාමිං. අයං වුච්චති, භික්ඛවෙ, අසඞ්ඛතගාමිමග්ගො...පෙ.....
                            </div>
                            <div class="bodytext">‘‘කතමො ච, භික්ඛවෙ, අසඞ්ඛතගාමිමග්ගො? ඉධ, භික්ඛවෙ, භික්ඛු සම්මාදිට්ඨිං භාවෙති විවෙකනිස්සිතං විරාගනිස්සිතං නිරොධනිස්සිතං වොස්සග්ගපරිණාමිං. අයං වුච්චති, භික්ඛවෙ, අසඞ්ඛතගාමිමග්ගො...පෙ.... කතමො 
                                <pb ed="P" n="4.0368"/> ච, භික්ඛවෙ, අසඞ්ඛතගාමිමග්ගො? ඉධ, භික්ඛවෙ, භික්ඛු සම්මාසඞ්කප්පං භාවෙති 
                                <pb ed="V" n="2.0341"/> ...පෙ.... සම්මාවාචං භාවෙති...පෙ.... සම්මාකම්මන්තං භාවෙති...පෙ.... සම්මාආජීවං භාවෙති...පෙ.... සම්මාවායාමං භාවෙති...පෙ.... සම්මාසතිං භාවෙති...පෙ.... අසඞ්ඛතඤ්ච වො භික්ඛවෙ, දෙසෙස්සාමි අසඞ්ඛතගාමිඤ්ච මග්ගං. තං සුණාථ. කතමඤ්ච, භික්ඛවෙ, අසඞ්ඛතං...පෙ....? කතමො ච, භික්ඛවෙ, අසඞ්ඛතගාමිමග්ගො? ඉධ, භික්ඛවෙ, භික්ඛු සම්මාසමාධිං භාවෙති විවෙකනිස්සිතං විරාගනිස්සිතං නිරොධනිස්සිතං වොස්සග්ගපරිණාමිං 
                                <pb ed="M" n="2.0541"/>. අයං වුච්චති, භික්ඛවෙ, අසඞ්ඛතගාමිමග්ගො. ඉති ඛො, භික්ඛවෙ, දෙසිතං වො මයා අසඞ්ඛතං, දෙසිතො අසඞ්ඛතගාමිමග්ගො. යං, භික්ඛවෙ, සත්ථාරා කරණීයං සාවකානං හිතෙසිනා අනුකම්පකෙන අනුකම්පං උපාදාය, කතං වො තං මයා. එතානි, භික්ඛවෙ, රුක්ඛමූලානි, එතානි සුඤ්ඤාගාරානි. ඣායථ, භික්ඛවෙ, මා පමාදත්ථ; මා පච්ඡා 
                                <pb ed="T" n="4.0450"/> විප්පටිසාරිනො අහුවත්ථ. අයං වො අම්හාකං අනුසාසනී’’ති. පඨමං.
                            </div>
                        </div>
                    </div>
                </div>
                <div class="subhead ct_sutta" node-id="241815">
                    <span class="subhead ct_sutta">2. අනතසුත්තං</span>
                    <div class="subhead-contents">
                        <div class="paragraph" para="378">
                            <span class="paranum">378</span>
                            <div class="bodytext"> ‘‘අනතඤ්ච වො, භික්ඛවෙ, දෙසෙස්සාමි, අනතගාමිඤ්ච මග්ගං. තං සුණාථ. කතමඤ්ච, භික්ඛවෙ, අනතං...පෙ....’’. (යථා අසඞ්ඛතං තථා විත්ථාරෙතබ්බං). දුතියං.</div>
                        </div>
                    </div>
                </div>
                <div class="subhead ct_sutta" node-id="241816">
                    <span class="subhead ct_sutta">3-32. අනාසවාදිසුත්තං</span>
                    <div class="subhead-contents">
                        <div class="paragraph" para="379-408">
                            <span class="paranum">379-408</span>
                            <div class="bodytext"> ‘‘අනාසවඤ්ච 
                                <pb ed="P" n="4.0369"/> වො, භික්ඛවෙ, දෙසෙස්සාමි අනාසවගාමිඤ්ච මග්ගං. තං සුණාථ. කතමඤ්ච, භික්ඛවෙ, අනාසවං...පෙ.... සච්චඤ්ච වො, භික්ඛවෙ, දෙසෙස්සාමි සච්චගාමිඤ්ච මග්ගං. තං සුණාථ. කතමඤ්ච, භික්ඛවෙ, සච්චං...පෙ.... පාරඤ්ච වො, භික්ඛවෙ, දෙසෙස්සාමි පාරගාමිඤ්ච මග්ගං. තං සුණාථ. කතමඤ්ච, භික්ඛවෙ, පාරං...පෙ.... නිපුණඤ්ච වො, භික්ඛවෙ, දෙසෙස්සාමි නිපුණගාමිඤ්ච මග්ගං. තං සුණාථ. කතමඤ්ච, භික්ඛවෙ, නිපුණං...පෙ.... සුදුද්දසඤ්ච වො, භික්ඛවෙ, දෙසෙස්සාමි සුදුද්දසගාමිඤ්ච මග්ගං. තං සුණාථ. කතමඤ්ච, භික්ඛවෙ, සුදුද්දසං...පෙ.... අජජ්ජරඤ්ච වො, භික්ඛවෙ, දෙසෙස්සාමි අජජ්ජරගාමිඤ්ච 
                                <pb ed="V" n="2.0342"/> මග්ගං. තං සුණාථ. කතමඤ්ච, භික්ඛවෙ, අජජ්ජරං...පෙ.... ධුවඤ්ච 
                                <pb ed="P" n="4.0370"/> වො, භික්ඛවෙ, දෙසෙස්සාමි ධුවගාමිඤ්ච මග්ගං. තං සුණාථ. කතමඤ්ච, භික්ඛවෙ, ධුවං...පෙ.... අපලොකිතඤ්ච වො, භික්ඛවෙ, දෙසෙස්සාමි අපලොකිතගාමිඤ්ච මග්ගං. තං සුණාථ. කතමඤ්ච, භික්ඛවෙ, අපලොකිතං...පෙ.... අනිදස්සනඤ්ච 
                                <pb ed="T" n="4.0451"/> වො, භික්ඛවෙ, දෙසෙස්සාමි අනිදස්සනගාමිඤ්ච මග්ගං. තං සුණාථ. කතමඤ්ච, භික්ඛවෙ, අනිදස්සනං...පෙ.... නිප්පපඤ්චඤ්ච වො, භික්ඛවෙ, දෙසෙස්සාමි නිප්පපඤ්චගාමිඤ්ච මග්ගං. තං සුණාථ. කතමඤ්ච, භික්ඛවෙ, නිප්පපඤ්චං...පෙ....?
                            </div>
                            <div class="bodytext">‘‘සන්තඤ්ච වො, භික්ඛවෙ, දෙසෙස්සාමි සන්තගාමිඤ්ච මග්ගං. තං සුණාථ. කතමඤ්ච, භික්ඛවෙ, සන්තං...පෙ.... අමතඤ්ච වො, භික්ඛවෙ, දෙසෙස්සාමි අමතගාමිඤ්ච මග්ගං. තං සුණාථ. කතමඤ්ච, භික්ඛවෙ, අමතං...පෙ.... පණීතඤ්ච වො, භික්ඛවෙ, දෙසෙස්සාමි පණීතගාමිඤ්ච මග්ගං. තං සුණාථ. කතමඤ්ච, භික්ඛවෙ, පණීතං...පෙ.... සිවඤ්ච වො, භික්ඛවෙ 
                                <pb ed="M" n="2.0542"/>, දෙසෙස්සාමි සිවගාමිඤ්ච මග්ගං. තං සුණාථ. කතමඤ්ච, භික්ඛවෙ, සිවං...පෙ.... ඛෙමඤ්ච 
                                <pb ed="P" n="4.0371"/> වො, භික්ඛවෙ, දෙසෙස්සාමි ඛෙමගාමිඤ්ච මග්ගං. තං සුණාථ. කතමඤ්ච, භික්ඛවෙ, ඛෙමං...පෙ.... තණ්හාක්ඛයඤ්ච වො, භික්ඛවෙ, දෙසෙස්සාමි තණ්හාක්ඛයගාමිඤ්ච මග්ගං. තං සුණාථ. කතමඤ්ච, භික්ඛවෙ, තණ්හාක්ඛයං...පෙ....?
                            </div>
                            <div class="bodytext">‘‘අච්ඡරියඤ්ච වො, භික්ඛවෙ, දෙසෙස්සාමි අච්ඡරියගාමිඤ්ච මග්ගං. තං සුණාථ. කතමඤ්ච, භික්ඛවෙ, අච්ඡරියං...පෙ.... අබ්භුතඤ්ච වො, භික්ඛවෙ, දෙසෙස්සාමි අබ්භුතගාමිඤ්ච මග්ගං. තං සුණාථ. කතමඤ්ච, භික්ඛවෙ, අබ්භුතං...පෙ.... අනීතිකඤ්ච 
                                <pb ed="T" n="4.0452"/> වො, භික්ඛවෙ, දෙසෙස්සාමි අනීතිකගාමිඤ්ච මග්ගං. තං සුණාථ. කතමඤ්ච, භික්ඛවෙ, අනීතිකං...පෙ.... අනීතිකධම්මඤ්ච වො, භික්ඛවෙ, දෙසෙස්සාමි අනීතිකධම්මගාමිඤ්ච මග්ගං. තං සුණාථ. කතමඤ්ච, භික්ඛවෙ, අනීතිකධම්මං...පෙ.... නිබ්බානඤ්ච වො, භික්ඛවෙ, දෙසෙස්සාමි නිබ්බානගාමිඤ්ච මග්ගං. තං සුණාථ. කතමඤ්ච, භික්ඛවෙ, නිබ්බානං...පෙ.... අබ්‍යාපජ්ඣඤ්ච 
                                <span class="note">(අබ්‍යාපජ්ඣඤ්ච (සී. ස්‍යා. කං. පී.))</span> වො, භික්ඛවෙ, දෙසෙස්සාමි අබ්‍යාපජ්ඣගාමිඤ්ච මග්ගං. තං සුණාථ. කතමඤ්ච, භික්ඛවෙ, අබ්‍යාපජ්ඣං...පෙ.... විරාගඤ්ච වො, භික්ඛවෙ, දෙසෙස්සාමි විරාගගාමිඤ්ච මග්ගං. තං සුණාථ. කතමො ච, භික්ඛවෙ, විරාගො...පෙ....?
                            </div>
                            <div class="bodytext">‘‘සුද්ධිඤ්ච 
                                <pb ed="V" n="2.0343"/>
                                <pb ed="P" n="4.0372"/> වො, භික්ඛවෙ, දෙසෙස්සාමි සුද්ධිගාමිඤ්ච මග්ගං. තං සුණාථ. කතමා ච, භික්ඛවෙ, සුද්ධි...පෙ.... මුත්තිඤ්ච වො, භික්ඛවෙ, දෙසෙස්සාමි මුත්තිගාමිඤ්ච මග්ගං. තං සුණාථ. කතමා ච, භික්ඛවෙ, මුත්ති...පෙ.... අනාලයඤ්ච වො, භික්ඛවෙ, දෙසෙස්සාමි අනාලයගාමිඤ්ච මග්ගං. තං සුණාථ. කතමො ච, භික්ඛවෙ, අනාලයො...පෙ.... දීපඤ්ච වො, භික්ඛවෙ, දෙසෙස්සාමි දීපගාමිඤ්ච මග්ගං. තං සුණාථ. කතමඤ්ච, භික්ඛවෙ, දීපං...පෙ.... ලෙණඤ්ච වො, භික්ඛවෙ, දෙසෙස්සාමි ලෙණගාමිඤ්ච මග්ගං. තං සුණාථ. කතමඤ්ච, භික්ඛවෙ, ලෙණං...පෙ.... තාණඤ්ච 
                                <pb ed="T" n="4.0453"/> වො, භික්ඛවෙ, දෙසෙස්සාමි තාණගාමිඤ්ච මග්ගං. තං සුණාථ. කතමඤ්ච, භික්ඛවෙ, තාණං...පෙ.... සරණඤ්ච වො, භික්ඛවෙ, දෙසෙස්සාමි සරණගාමිඤ්ච මග්ගං. තං සුණාථ. කතමඤ්ච, භික්ඛවෙ, සරණං...පෙ....අනුසාසනී’’ති? බාත්තිංසතිමං.
                            </div>
                        </div>
                    </div>
                </div>
                <div class="subhead ct_sutta" node-id="241817">
                    <span class="subhead ct_sutta">33. පරායනසුත්තං</span>
                    <div class="subhead-contents">
                        <div class="paragraph" para="409">
                            <span class="paranum">409</span>
                            <div class="bodytext"> ‘‘පරායනඤ්ච 
                                <pb ed="P" n="4.0373"/>
                                <span class="note">(පරායණඤ්ච (පී. සී. අට්ඨ.))</span> වො, භික්ඛවෙ, දෙසෙස්සාමි පරායනගාමිඤ්ච මග්ගං. තං සුණාථ. කතමඤ්ච, භික්ඛවෙ, පරායනං? යො, භික්ඛවෙ, රාගක්ඛයො දොසක්ඛයො 
                                <pb ed="M" n="2.0543"/> මොහක්ඛයො - ඉදං වුච්චති, භික්ඛවෙ, පරායනං. කතමො ච, භික්ඛවෙ, පරායනගාමී මග්ගො? කායගතාසති. අයං වුච්චති, භික්ඛවෙ, පරායනගාමිමග්ගො. ඉති ඛො, භික්ඛවෙ, දෙසිතං වො මයා පරායනං, දෙසිතො පරායනගාමිමග්ගො. යං, භික්ඛවෙ, සත්ථාරා කරණීයං සාවකානං හිතෙසිනා අනුකම්පකෙන අනුකම්පං උපාදාය, කතං වො තං මයා. එතානි, භික්ඛවෙ, රුක්ඛමූලානි, එතානි සුඤ්ඤාගාරානි. ඣායථ, භික්ඛවෙ, මා පමාදත්ථ; මා පච්ඡා විප්පටිසාරිනො අහුවත්ථ. අයං වො අම්හාකං අනුසාසනී’’ති. (යථා අසඞ්ඛතං තථා විත්ථාරෙතබ්බං). තෙත්තිංසතිමං.
                            </div>
                        </div>
                    </div>
                </div>
            </div>
            <div class="centre ct_vagga ending">දුතියො වග්ගො.</div>
            <div class="paragraph udana" para="udana">
                <div class="bodytext ct_vagga">තස්සුද්දානං -</div>
                <div class="ct_vagga gatha">අසඞ්ඛතං අනතං අනාසවං, සච්චඤ්ච පාරං නිපුණං සුදුද්දසං;</div>
                <div class="gathalast ct_vagga">අජජ්ජරං ධුවං අපලොකිතං, අනිදස්සනං නිප්පපඤ්ච සන්තං.</div>
                <div class="ct_vagga gatha">අමතං 
                    <pb ed="V" n="2.0344"/> පණීතඤ්ච සිවඤ්ච ඛෙමං, තණ්හාක්ඛයො අච්ඡරියඤ්ච අබ්භුතං;
                </div>
                <div class="gathalast ct_vagga">අනීතිකං අනීතිකධම්මං, නිබ්බානමෙතං සුගතෙන දෙසිතං.</div>
                <div class="ct_vagga gatha">අබ්‍යාපජ්ඣො 
                    <pb ed="T" n="4.0454"/> විරාගො ච, සුද්ධි මුත්ති අනාලයො;
                </div>
                <div class="gathalast ct_vagga">දීපො ලෙණඤ්ච තාණඤ්ච, සරණඤ්ච පරායනන්ති.</div>
            </div>
        </div>
    </div>
    <div class="centre ct_samyuththa ending">අසඞ්ඛතසංයුත්තං සමත්තං.</div>
</div>