<div class="chapter ct_vagga" node-id="34190">
    <span class="chapter ct_vagga">(10) 5. රාගපෙය්‍යාලං</span>
    <div class="chapter-contents">
        <div class="paragraph" para="93">
            <span class="paranum">93</span>
            <div class="bodytext"> ‘‘රාගස්ස 
                <pb ed="V" n="3.0271"/>
                <pb ed="P" n="4.0465"/>, භික්ඛවෙ, අභිඤ්ඤාය නව ධම්මා භාවෙතබ්බා. කතමෙ නව? අසුභසඤ්ඤා, මරණසඤ්ඤා, ආහාරෙ පටිකූලසඤ්ඤා, සබ්බලොකෙ අනභිරතසඤ්ඤා, අනිච්චසඤ්ඤා, අනිච්චෙ දුක්ඛසඤ්ඤා, දුක්ඛෙ අනත්තසඤ්ඤා, පහානසඤ්ඤා, විරාගසඤ්ඤා - රාගස්ස, භික්ඛවෙ අභිඤ්ඤාය ඉමෙ නව ධම්මා භාවෙතබ්බා’’ති.
            </div>
        </div>
        <div class="paragraph" para="94">
            <span class="paranum">94</span>
            <div class="bodytext"> ‘‘රාගස්ස, භික්ඛවෙ, අභිඤ්ඤාය නව ධම්මා භාවෙතබ්බා. කතමෙ 
                <pb ed="T" n="4.0487"/> නව? පඨමං ඣානං, දුතියං ඣානං, තතියං ඣානං, චතුත්ථං ඣානං, ආකාසානඤ්චායතනං, විඤ්ඤාණඤ්චායතනං, ආකිඤ්චඤ්ඤායතනං, නෙවසඤ්ඤානාසඤ්ඤායතනං, සඤ්ඤාවෙදයිතනිරොධො - රාගස්ස, භික්ඛවෙ, අභිඤ්ඤාය ඉමෙ නව ධම්මා භාවෙතබ්බා’’ති.
            </div>
        </div>
        <div class="paragraph" para="95-112">
            <span class="paranum">95-112</span>
            <div class="bodytext"> ‘‘රාගස්ස, භික්ඛවෙ, පරිඤ්ඤාය...පෙ.... පරික්ඛයාය...පෙ.... පහානාය...පෙ.... ඛයාය...පෙ.... වයාය...පෙ.... විරාගාය...පෙ.... නිරොධාය...පෙ.... චාගාය...පෙ.... පටිනිස්සග්ගාය...පෙ.... ඉමෙ නව ධම්මා භාවෙතබ්බා’’.</div>
        </div>
        <div class="paragraph" para="113-432">
            <span class="paranum">113-432</span>
            <div class="bodytext"> ‘‘දොසස්ස...පෙ.... මොහස්ස... කොධස්ස... උපනාහස්ස... මක්ඛස්ස... පළාසස්ස... ඉස්සාය... මච්ඡරියස්ස... මායාය... සාඨෙය්‍යස්ස... ථම්භස්ස... සාරම්භස්ස... මානස්ස... අතිමානස්ස... මදස්ස... පමාදස්ස අභිඤ්ඤාය...පෙ.... පරිඤ්ඤාය... පරික්ඛයාය... පහානාය... ඛයාය... වයාය... විරාගාය... නිරොධාය 
                <pb ed="P" n="4.0466"/>... චාගාය... පටිනිස්සග්ගාය...පෙ.... ඉමෙ නව ධම්මා භාවෙතබ්බා’’ති.
            </div>
        </div>
    </div>
    <div class="centre ct_vagga ending">රාගපෙය්‍යාලං නිට්ඨිතං.</div>
</div>
<chapter-ending/>
<div class="centre ct_book ending">නවකනිපාතපාළි නිට්ඨිතා.</div>