<div class="chapter ct_vagga" node-id="30370">
    <span class="chapter ct_vagga">2. සික්ඛාපදපෙය්‍යාලං</span>
    <div class="chapter-contents">
        <div class="subhead ct_sutta" node-id="30371">
            <span class="subhead ct_sutta">1. භික්ඛුසුත්තං</span>
            <div class="subhead-contents">
                <div class="paragraph" para="286">
                    <span class="paranum">286</span>
                    <div class="bodytext"> ‘‘පඤ්චහි 
                        <pb ed="V" n="2.0260"/>
                        <pb ed="M" n="2.0243"/>, භික්ඛවෙ, ධම්මෙහි සමන්නාගතො භික්ඛු යථාභතං නික්ඛිත්තො එවං නිරයෙ. කතමෙහි පඤ්චහි? පාණාතිපාතී හොති, අදින්නාදායී හොති, අබ්‍රහ්මචාරී හොති, මුසාවාදී හොති, සුරාමෙරයමජ්ජපමාදට්ඨායී හොති. ඉමෙහි 
                        <pb ed="P" n="3.0276"/> ඛො, භික්ඛවෙ, පඤ්චහි ධම්මෙහි සමන්නාගතො භික්ඛු යථාභතං නික්ඛිත්තො එවං නිරයෙ.
                    </div>
                    <div class="bodytext">‘‘පඤ්චහි, භික්ඛවෙ, ධම්මෙහි සමන්නාගතො භික්ඛු යථාභතං නික්ඛිත්තො එවං සග්ගෙ. කතමෙහි පඤ්චහි 
                        <pb ed="T" n="3.0307"/>? පාණාතිපාතා පටිවිරතො හොති, අදින්නාදානා පටිවිරතො හොති, අබ්‍රහ්මචරියා පටිවිරතො හොති, මුසාවාදා පටිවිරතො හොති, සුරාමෙරයමජ්ජපමාදට්ඨානා පටිවිරතො හොති. ඉමෙහි ඛො, භික්ඛවෙ, පඤ්චහි ධම්මෙහි සමන්නාගතො භික්ඛු යථාභතං නික්ඛිත්තො එවං සග්ගෙ’’ති. පඨමං.
                    </div>
                </div>
            </div>
        </div>
        <div class="subhead ct_sutta" node-id="30372">
            <span class="subhead ct_sutta">2-7. භික්ඛුනීසුත්තාදිඡක්කං</span>
            <div class="subhead-contents">
                <div class="paragraph" para="287-292">
                    <span class="paranum">287-292</span>
                    <div class="bodytext"> ‘‘පඤ්චහි, භික්ඛවෙ, ධම්මෙහි සමන්නාගතා භික්ඛුනී...පෙ.... සික්ඛමානා... සාමණෙරො... සාමණෙරී... උපාසකො... උපාසිකා යථාභතං නික්ඛිත්තා එවං නිරයෙ. කතමෙහි පඤ්චහි? පාණාතිපාතිනී හොති, අදින්නාදායිනී හොති, කාමෙසුමිච්ඡාචාරිනී හොති, මුසාවාදිනී හොති, සුරාමෙරයමජ්ජපමාදට්ඨායිනී හොති. ඉමෙහි ඛො, භික්ඛවෙ, පඤ්චහි ධම්මෙහි සමන්නාගතා උපාසිකා යථාභතං නික්ඛිත්තා එවං නිරයෙ.</div>
                    <div class="bodytext">‘‘පඤ්චහි, භික්ඛවෙ, ධම්මෙහි සමන්නාගතා උපාසිකා යථාභතං නික්ඛිත්තා එවං සග්ගෙ. කතමෙහි පඤ්චහි? පාණාතිපාතා පටිවිරතා හොති, අදින්නාදානා පටිවිරතා හොති, කාමෙසුමිච්ඡාචාරා පටිවිරතා හොති, මුසාවාදා පටිවිරතා 
                        <pb ed="V" n="2.0261"/> හොති, සුරාමෙරයමජ්ජපමාදට්ඨානා පටිවිරතා හොති. ඉමෙහි ඛො, භික්ඛවෙ, පඤ්චහි ධම්මෙහි සමන්නාගතා උපාසිකා යථාභතං නික්ඛිත්තා එවං සග්ගෙ’’ති. සත්තමං.
                    </div>
                </div>
            </div>
        </div>
        <div class="subhead ct_sutta" node-id="30373">
            <span class="subhead ct_sutta">8. ආජීවකසුත්තං</span>
            <div class="subhead-contents">
                <div class="paragraph" para="293">
                    <span class="paranum">293</span>
                    <div class="bodytext"> ‘‘පඤ්චහි 
                        <pb ed="M" n="2.0244"/>, භික්ඛවෙ, ධම්මෙහි සමන්නාගතො ආජීවකො යථාභතං නික්ඛිත්තො එවං නිරයෙ. කතමෙහි පඤ්චහි? පාණාතිපාතී හොති, අදින්නාදායී හොති, අබ්‍රහ්මචාරී හොති, මුසාවාදී හොති, සුරාමෙරයමජ්ජපමාදට්ඨායී හොති. ඉමෙහි ඛො, භික්ඛවෙ, පඤ්චහි ධම්මෙහි සමන්නාගතො 
                        <pb ed="T" n="3.0308"/> ආජීවකො යථාභතං නික්ඛිත්තො එවං නිරයෙ’’ති. අට්ඨමං.
                    </div>
                </div>
            </div>
        </div>
        <div class="subhead ct_sutta" node-id="30374">
            <span class="subhead ct_sutta">9-17. නිගණ්ඨසුත්තාදිනවකං</span>
            <div class="subhead-contents">
                <div class="paragraph" para="294-302">
                    <span class="paranum">294-302</span>
                    <div class="bodytext"> ‘‘පඤ්චහි, භික්ඛවෙ, ධම්මෙහි සමන්නාගතො නිගණ්ඨො...පෙ.... මුණ්ඩසාවකො... ජටිලකො... පරිබ්බාජකො... මාගණ්ඩිකො... තෙදණ්ඩිකො... ආරුද්ධකො... ගොතමකො... දෙවධම්මිකො 
                        <pb ed="P" n="3.0277"/> යථාභතං නික්ඛිත්තො එවං නිරයෙ. කතමෙහි පඤ්චහි? පාණාතිපාතී හොති, අදින්නාදායී හොති...පෙ.... සුරාමෙරයමජ්ජපමාදට්ඨායී හොති. ඉමෙහි ඛො, භික්ඛවෙ, පඤ්චහි ධම්මෙහි සමන්නාගතො දෙවධම්මිකො යථාභතං නික්ඛිත්තො එවං නිරයෙ’’ති. සත්තරසමං.
                    </div>
                </div>
            </div>
        </div>
    </div>
    <div class="centre ct_vagga ending">සික්ඛාපදපෙය්‍යාලං නිට්ඨිතං.</div>
</div>