<div class="chapter ct_vagga" node-id="27170">
    <span class="chapter ct_vagga">(8) 3. සනිමිත්තවග්ගො</span>
    <div class="chapter-contents">
        <div class="paragraph" para="78">
            <span class="paranum">78</span>
            <div class="bodytext"> ‘‘සනිමිත්තා 
                <pb ed="V" n="1.0098"/>, භික්ඛවෙ, උප්පජ්ජන්ති පාපකා අකුසලා ධම්මා, නො අනිමිත්තා. තස්සෙව නිමිත්තස්ස පහානා එවං තෙ පාපකා අකුසලා ධම්මා 
                <pb ed="T" n="1.0103"/> න හොන්තී’’ති.
            </div>
        </div>
        <div class="paragraph" para="79">
            <span class="paranum">79</span>
            <div class="bodytext"> ‘‘සනිදානා, භික්ඛවෙ, උප්පජ්ජන්ති පාපකා අකුසලා ධම්මා, නො අනිදානා. තස්සෙව නිදානස්ස පහානා එවං තෙ පාපකා අකුසලා ධම්මා න හොන්තී’’ති.</div>
        </div>
        <div class="paragraph" para="80">
            <span class="paranum">80</span>
            <div class="bodytext"> ‘‘සහෙතුකා, භික්ඛවෙ, උප්පජ්ජන්ති පාපකා අකුසලා ධම්මා, නො අහෙතුකා. තස්සෙව හෙතුස්ස පහානා එවං තෙ පාපකා අකුසලා ධම්මා න හොන්තී’’ති.</div>
        </div>
        <div class="paragraph" para="81">
            <span class="paranum">81</span>
            <div class="bodytext"> ‘‘සසඞ්ඛාරා, භික්ඛවෙ, උප්පජ්ජන්ති පාපකා අකුසලා ධම්මා, නො අසඞ්ඛාරා. තෙසංයෙව සඞ්ඛාරානං පහානා එවං තෙ පාපකා අකුසලා ධම්මා න හොන්තී’’ති.</div>
        </div>
        <div class="paragraph" para="82">
            <span class="paranum">82</span>
            <div class="bodytext"> ‘‘සප්පච්චයා 
                <pb ed="M" n="1.0081"/>, භික්ඛවෙ, උප්පජ්ජන්ති පාපකා අකුසලා ධම්මා, නො අප්පච්චයා. තස්සෙව පච්චයස්ස පහානා එවං තෙ පාපකා අකුසලා ධම්මා න හොන්තී’’ති.
            </div>
        </div>
        <div class="paragraph" para="83">
            <span class="paranum">83</span>
            <div class="bodytext"> ‘‘සරූපා 
                <pb ed="P" n="1.0083"/>, භික්ඛවෙ, උප්පජ්ජන්ති පාපකා අකුසලා ධම්මා, නො අරූපා. තස්සෙව රූපස්ස පහානා එවං තෙ පාපකා අකුසලා ධම්මා න හොන්තී’’ති.
            </div>
        </div>
        <div class="paragraph" para="84">
            <span class="paranum">84</span>
            <div class="bodytext"> ‘‘සවෙදනා, භික්ඛවෙ, උප්පජ්ජන්ති පාපකා අකුසලා ධම්මා, නො අවෙදනා. තස්සායෙව වෙදනාය පහානා එවං තෙ පාපකා අකුසලා ධම්මා න හොන්තී’’ති.</div>
        </div>
        <div class="paragraph" para="85">
            <span class="paranum">85</span>
            <div class="bodytext"> ‘‘සසඤ්ඤා, භික්ඛවෙ, උප්පජ්ජන්ති පාපකා අකුසලා ධම්මා, නො 
                <pb ed="T" n="1.0104"/> අසඤ්ඤා. තස්සායෙව සඤ්ඤාය පහානා එවං තෙ පාපකා අකුසලා ධම්මා න හොන්තී’’ති.
            </div>
        </div>
        <div class="paragraph" para="86">
            <span class="paranum">86</span>
            <div class="bodytext"> ‘‘සවිඤ්ඤාණා 
                <pb ed="V" n="1.0099"/>, භික්ඛවෙ, උප්පජ්ජන්ති පාපකා අකුසලා ධම්මා, නො අවිඤ්ඤාණා. තස්සෙව විඤ්ඤාණස්ස පහානා එවං තෙ පාපකා අකුසලා ධම්මා න හොන්තී’’ති.
            </div>
        </div>
        <div class="paragraph" para="87">
            <span class="paranum">87</span>
            <div class="bodytext"> ‘‘සඞ්ඛතාරම්මණා, භික්ඛවෙ, උප්පජ්ජන්ති පාපකා අකුසලා ධම්මා, නො අසඞ්ඛතාරම්මණා. තස්සෙව සඞ්ඛතස්ස පහානා එවං තෙ පාපකා අකුසලා ධම්මා න හොන්තී’’ති.</div>
        </div>
    </div>
    <div class="centre ct_vagga ending">සනිමිත්තවග්ගො තතියො.</div>
</div>