<div class="chapter ct_vagga" node-id="32190">
    <span class="chapter ct_vagga">10. ආහුනෙය්‍යවග්ගො</span>
    <div class="chapter-contents">
        <div class="paragraph" para="95">
            <span class="paranum">95</span>
            <div class="bodytext"> ‘‘සත්තිමෙ 
                <pb ed="V" n="2.0274"/>, භික්ඛවෙ, පුග්ගලා ආහුනෙය්‍යා...පෙ.... දක්ඛිණෙය්‍යා අඤ්ජලිකරණීයා අනුත්තරං පුඤ්ඤක්ඛෙත්තං ලොකස්ස. කතමෙ සත්ත? ඉධ, භික්ඛවෙ, එකච්චො පුග්ගලො චක්ඛුස්මිං අනිච්චානුපස්සී විහරති අනිච්චසඤ්ඤී අනිච්චපටිසංවෙදී සතතං සමිතං අබ්බොකිණ්ණං චෙතසා අධිමුච්චමානො පඤ්ඤාය පරියොගාහමානො. සො ආසවානං ඛයා අනාසවං චෙතොවිමුත්තිං පඤ්ඤාවිමුත්තිං දිට්ඨෙව ධම්මෙ සයං අභිඤ්ඤා සච්ඡිකත්වා 
                <pb ed="P" n="4.0146"/> උපසම්පජ්ජ විහරති. අයං ඛො, භික්ඛවෙ, පඨමො පුග්ගලො ආහුනෙය්‍යො පාහුනෙය්‍යො...පෙ.... අනුත්තරං පුඤ්ඤක්ඛෙත්තං ලොකස්ස.
            </div>
            <div class="bodytext">‘‘පුන චපරං, භික්ඛවෙ, ඉධෙකච්චො පුග්ගලො චක්ඛුස්මිං අනිච්චානුපස්සී විහරති අනිච්චසඤ්ඤී 
                <pb ed="T" n="4.0148"/> අනිච්චපටිසංවෙදී සතතං සමිතං අබ්බොකිණ්ණං චෙතසා අධිමුච්චමානො පඤ්ඤාය පරියොගාහමානො. තස්ස අපුබ්බං අචරිමං ආසවපරියාදානඤ්ච හොති ජීවිතපරියාදානඤ්ච. අයං, භික්ඛවෙ, දුතියො පුග්ගලො ආහුනෙය්‍යො...පෙ.... අනුත්තරං පුඤ්ඤක්ඛෙත්තං ලොකස්ස.
            </div>
            <div class="bodytext">‘‘පුන චපරං, භික්ඛවෙ, ඉධෙකච්චො පුග්ගලො චක්ඛුස්මිං අනිච්චානුපස්සී විහරති අනිච්චසඤ්ඤී අනිච්චපටිසංවෙදී සතතං සමිතං අබ්බොකිණ්ණං චෙතසා අධිමුච්චමානො පඤ්ඤාය පරියොගාහමානො. සො පඤ්චන්නං ඔරම්භාගියානං සංයොජනානං පරික්ඛයා අන්තරාපරිනිබ්බායී හොති...පෙ.... උපහච්චපරිනිබ්බායී හොති...පෙ.... අසඞ්ඛාරපරිනිබ්බායී හොති...පෙ.... සසඞ්ඛාරපරිනිබ්බායී හොති...පෙ.... උද්ධංසොතො හොති අකනිට්ඨගාමී. අයං, භික්ඛවෙ, සත්තමො පුග්ගලො ආහුනෙය්‍යො...පෙ.... අනුත්තරං පුඤ්ඤක්ඛෙත්තං ලොකස්ස. ඉමෙ ඛො, භික්ඛවෙ, සත්ත පුග්ගලා ආහුනෙය්‍යා පාහුනෙය්‍යා දක්ඛිණෙය්‍යා අඤ්ජලිකරණීයා අනුත්තරං පුඤ්ඤක්ඛෙත්තං ලොකස්සා’’ති.</div>
        </div>
        <div class="paragraph" para="96-622">
            <span class="paranum">96-622</span>
            <div class="bodytext"> සත්තිමෙ 
                <pb ed="M" n="2.0511"/>, භික්ඛවෙ, පුග්ගලා ආහුනෙය්‍යා පාහුනෙය්‍යා...පෙ.... අනුත්තරං පුඤ්ඤක්ඛෙත්තං ලොකස්ස. කතමෙ සත්ත? ඉධ, භික්ඛවෙ, එකච්චො පුග්ගලො චක්ඛුස්මිං දුක්ඛානුපස්සී විහරති...පෙ.... චක්ඛුස්මිං අනත්තානුපස්සී විහරති...පෙ.... චක්ඛුස්මිං ඛයානුපස්සී 
                <pb ed="V" n="2.0275"/> විහරති...පෙ.... චක්ඛුස්මිං වයානුපස්සී විහරති...පෙ.... චක්ඛුස්මිං විරාගානුපස්සී විහරති...පෙ.... චක්ඛුස්මිං නිරොධානුපස්සී විහරති...පෙ.... චක්ඛුස්මිං පටිනිස්සග්ගානුපස්සී විහරති...පෙ.....
            </div>
            <div class="bodytext">සොතස්මිං...පෙ.... ඝානස්මිං... ජිව්හාය... කායස්මිං... මනස්මිං...පෙ.....</div>
            <div class="bodytext">රූපෙසු...පෙ.... සද්දෙසු... ගන්ධෙසු... රසෙසු... ඵොට්ඨබ්බෙසු 
                <pb ed="P" n="4.0147"/>... ධම්මෙසු 
                <pb ed="T" n="4.0149"/> ...පෙ.....
            </div>
            <div class="bodytext">චක්ඛුවිඤ්ඤාණෙ...පෙ.... සොතවිඤ්ඤාණෙ... ඝානවිඤ්ඤාණෙ... ජිව්හාවිඤ්ඤාණෙ... කායවිඤ්ඤාණෙ... මනොවිඤ්ඤාණෙ...පෙ.....</div>
            <div class="bodytext">චක්ඛුසම්ඵස්සෙ...පෙ.... සොතසම්ඵස්සෙ... ඝානසම්ඵස්සෙ... ජිව්හාසම්ඵස්සෙ... කායසම්ඵස්සෙ... මනොසම්ඵස්සෙ...පෙ.....</div>
            <div class="bodytext">චක්ඛුසම්ඵස්සජාය වෙදනාය...පෙ.... සොතසම්ඵස්සජාය වෙදනාය... ඝානසම්ඵස්සජාය වෙදනාය... ජිව්හාසම්ඵස්සජාය වෙදනාය... කායසම්ඵස්සජාය වෙදනාය... මනොසම්ඵස්සජාය වෙදනාය...පෙ.....</div>
            <div class="bodytext">රූපසඤ්ඤාය...පෙ.... සද්දසඤ්ඤාය... ගන්ධසඤ්ඤාය... රසසඤ්ඤාය... ඵොට්ඨබ්බසඤ්ඤාය... ධම්මසඤ්ඤාය...පෙ.....</div>
            <div class="bodytext">රූපසඤ්චෙතනාය...පෙ.... සද්දසඤ්චෙතනාය... ගන්ධසඤ්චෙතනාය... රසසඤ්චෙතනාය... ඵොට්ඨබ්බසඤ්චෙතනාය... ධම්මසඤ්චෙතනාය...පෙ.....</div>
            <div class="bodytext">රූපතණ්හාය...පෙ.... සද්දතණ්හාය... ගන්ධතණ්හාය... රසතණ්හාය... ඵොට්ඨබ්බතණ්හාය... ධම්මතණ්හාය...පෙ.....</div>
            <div class="bodytext">රූපවිතක්කෙ 
                <pb ed="V" n="2.0276"/> ...පෙ.... සද්දවිතක්කෙ... ගන්ධවිතක්කෙ... රසවිතක්කෙ... ඵොට්ඨබ්බවිතක්කෙ... ධම්මවිතක්කෙ...පෙ.....
            </div>
            <div class="bodytext">රූපවිචාරෙ...පෙ.... සද්දවිචාරෙ... ගන්ධවිචාරෙ... රසවිචාරෙ... ඵොට්ඨබ්බවිචාරෙ... ධම්මවිචාරෙ...පෙ.....</div>
            <div class="bodytext">‘‘පඤ්චක්ඛන්ධෙ 
                <pb ed="M" n="2.0512"/>
                <span class="note">(( ) සී. ස්‍යා. පොත්ථකෙසු නත්ථි)</span> ...පෙ.... රූපක්ඛන්ධෙ... වෙදනාක්ඛන්ධෙ... සඤ්ඤාක්ඛන්ධෙ... සඞ්ඛාරක්ඛන්ධෙ... විඤ්ඤාණක්ඛන්ධෙ අනිච්චානුපස්සී විහරති...පෙ.... දුක්ඛානුපස්සී විහරති... අනත්තානුපස්සී විහරති... ඛයානුපස්සී විහරති... වයානුපස්සී විහරති... විරාගානුපස්සී විහරති... නිරොධානුපස්සී විහරති... පටිනිස්සග්ගානුපස්සී විහරති...පෙ.... ලොකස්සා’’ති.
            </div>
            <div class="gatha">‘‘ඡද්වාරාරම්මණෙස්වෙත්ථ, විඤ්ඤාණෙසු ච ඵස්සෙසු;</div>
            <div class="gathalast">වෙදනාසු ච ද්වාරස්ස, සුත්තා හොන්ති විසුං අට්ඨ.</div>
            <div class="gatha">‘‘සඤ්ඤා සඤ්චෙතනා තණ්හා, විතක්කෙසු විචාරෙ ච;</div>
            <div class="gathalast">ගොචරස්ස විසුං අට්ඨ, පඤ්චක්ඛන්ධෙ ච පච්චෙකෙ.</div>
            <div class="gatha">‘‘සොළසස්වෙත්ථ මූලෙසු, අනිච්චං දුක්ඛමනත්තා;</div>
            <div class="gathalast">ඛයා වයා විරාගා ච, නිරොධා පටිනිස්සග්ගා.</div>
            <div class="gatha">‘‘කමං අට්ඨානුපස්සනා, යොජෙත්වාන විසුං විසුං;</div>
            <div class="gatha">සම්පිණ්ඩිතෙසු සබ්බෙසු, හොන්ති පඤ්ච සතානි ච;</div>
            <div class="gathalast">අට්ඨවීසති සුත්තානි, ආහුනෙය්‍යෙ ච වග්ගිකෙ’’ 
                <span class="note">(ඉමා උද්දානගාථායො සී. ස්‍යා. පොත්ථකෙසු නත්ථි)</span>.
            </div>
        </div>
    </div>
    <div class="centre ct_vagga ending">ආහුනෙය්‍යවග්ගො දසමො.</div>
</div>