<div class="chapter ct_vagga" node-id="46390">
    <span class="chapter ct_vagga">30. චිතකපූජකවග්ගො</span>
    <div class="chapter-contents">
        <div class="subhead ct_sutta" node-id="46391">
            <span class="subhead ct_sutta">1. චිතකපූජකත්ථෙරඅපදානං</span>
            <div class="subhead-contents">
                <div class="paragraph" para="1">
                    <span class="paranum">1</span>
                    <div class="gatha"> ‘‘අජිතො 
                        <pb ed="M" n="1.0276"/>
                        <pb ed="V" n="1.0260"/> නාම නාමෙන, අහොසිං බ්‍රාහ්මණො තදා;
                    </div>
                    <div class="gathalast">ආහුතිං යිට්ඨුකාමොහං, නානාපුප්ඵං සමානයිං.</div>
                </div>
                <div class="paragraph" para="2">
                    <span class="paranum">2</span>
                    <div class="gatha"> ‘‘ජලන්තං චිතකං දිස්වා, සිඛිනො ලොකබන්ධුනො;</div>
                    <div class="gathalast">තඤ්ච පුප්ඵං සමානෙත්වා, චිතකෙ ඔකිරිං අහං.</div>
                </div>
                <div class="paragraph" para="3">
                    <span class="paranum">3</span>
                    <div class="gatha"> ‘‘එකත්තිංසෙ 
                        <pb ed="P" n="1.0244"/> ඉතො කප්පෙ, යං පුප්ඵමභිපූජයිං;
                    </div>
                    <div class="gathalast">දුග්ගතිං නාභිජානාමි, බුද්ධපූජායිදං ඵලං.</div>
                </div>
                <div class="paragraph" para="4">
                    <span class="paranum">4</span>
                    <div class="gatha"> ‘‘සත්තවීසෙ 
                        <span class="note">(සත්තතිංසෙ (ක.))</span> ඉතො කප්පෙ, සත්තාසුං මනුජාධිපා;
                    </div>
                    <div class="gathalast">සුපජ්ජලිතනාමා තෙ, චක්කවත්තී මහබ්බලා.</div>
                </div>
                <div class="paragraph" para="5">
                    <span class="paranum">5</span>
                    <div class="gatha"> ‘‘පටිසම්භිදා චතස්සො, විමොක්ඛාපි ච අට්ඨිමෙ;</div>
                    <div class="gathalast">ඡළභිඤ්ඤා සච්ඡිකතා, කතං බුද්ධස්ස සාසනං’’.</div>
                    <div class="bodytext">ඉත්ථං සුදං ආයස්මා චිතකපූජකො ථෙරො ඉමා ගාථායො අභාසිත්ථාති.</div>
                </div>
            </div>
            <div class="centre ct_sutta ending">චිතකපූජකත්ථෙරස්සාපදානං පඨමං.</div>
        </div>
        <div class="subhead ct_sutta" node-id="46392">
            <span class="subhead ct_sutta">2. පුප්ඵධාරකත්ථෙරඅපදානං</span>
            <div class="subhead-contents">
                <div class="paragraph" para="6">
                    <span class="paranum">6</span>
                    <div class="gatha"> ‘‘වාකචීරධරො 
                        <pb ed="T" n="1.0372"/> ආසිං, අජිනුත්තරවාසනො;
                    </div>
                    <div class="gathalast">අභිඤ්ඤා පඤ්ච නිබ්බත්තා, චන්දස්ස පරිමජ්ජකො.</div>
                </div>
                <div class="paragraph" para="7">
                    <span class="paranum">7</span>
                    <div class="gatha"> ‘‘විපස්සිං ලොකපජ්ජොතං, දිස්වා අභිගතං මමං;</div>
                    <div class="gathalast">පාරිච්ඡත්තකපුප්ඵානි, ධාරෙසිං සත්ථුනො අහං.</div>
                </div>
                <div class="paragraph" para="8">
                    <span class="paranum">8</span>
                    <div class="gatha"> ‘‘එකනවුතිතො කප්පෙ, යං පුප්ඵමභිපූජයිං;</div>
                    <div class="gathalast">දුග්ගතිං නාභිජානාමි, ධාරණාය ඉදං ඵලං.</div>
                </div>
                <div class="paragraph" para="9">
                    <span class="paranum">9</span>
                    <div class="gatha"> ‘‘සත්තාසීතිම්හිතො 
                        <pb ed="V" n="1.0261"/> කප්පෙ, එකො ආසිං මහීපති;
                    </div>
                    <div class="gathalast">සමන්තධාරණො නාම, චක්කවත්තී මහබ්බලො.</div>
                </div>
                <div class="paragraph" para="10">
                    <span class="paranum">10</span>
                    <div class="gatha"> ‘‘පටිසම්භිදා 
                        <pb ed="M" n="1.0277"/> චතස්සො...පෙ.... කතං බුද්ධස්ස සාසනං’’.
                    </div>
                    <div class="bodytext">ඉත්ථං සුදං ආයස්මා පුප්ඵධාරකො ථෙරො ඉමා ගාථායො අභාසිත්ථාති.</div>
                </div>
            </div>
            <div class="centre ct_sutta ending">පුප්ඵධාරකත්ථෙරස්සාපදානං දුතියං.</div>
        </div>
        <div class="subhead ct_sutta" node-id="46393">
            <span class="subhead ct_sutta">3. ඡත්තදායකත්ථෙරඅපදානං</span>
            <div class="subhead-contents">
                <div class="paragraph" para="11">
                    <span class="paranum">11</span>
                    <div class="gatha"> ‘‘පුත්තො මම පබ්බජිතො, කාසායවසනො තදා;</div>
                    <div class="gathalast">සො ච බුද්ධත්තං සම්පත්තො, නිබ්බුතො ලොකපූජිතො.</div>
                </div>
                <div class="paragraph" para="12">
                    <span class="paranum">12</span>
                    <div class="gatha"> ‘‘විචිනන්තො 
                        <pb ed="T" n="1.0373"/> සකං පුත්තං, අගමං පච්ඡතො අහං;
                    </div>
                    <div class="gathalast">නිබ්බුතස්ස මහන්තස්ස, චිතකං අගමාසහං.</div>
                </div>
                <div class="paragraph" para="13">
                    <span class="paranum">13</span>
                    <div class="gatha"> ‘‘පග්ගය්හ අඤ්ජලිං තත්ථ, වන්දිත්වා චිතකං අහං;</div>
                    <div class="gathalast">සෙතච්ඡත්තඤ්ච පග්ගය්හ, ආරොපෙසිං අහං තදා.</div>
                </div>
                <div class="paragraph" para="14">
                    <span class="paranum">14</span>
                    <div class="gatha"> ‘‘චතුන්නවුතිතො කප්පෙ, යං ඡත්තමභිරොපයිං;</div>
                    <div class="gathalast">දුග්ගතිං නාභිජානාමි, ඡත්තදානස්සිදං ඵලං.</div>
                </div>
                <div class="paragraph" para="15">
                    <span class="paranum">15</span>
                    <div class="gatha"> ‘‘පඤ්චවීසෙ 
                        <pb ed="P" n="1.0245"/> ඉතො කප්පෙ, සත්ත ආසුං ජනාධිපා;
                    </div>
                    <div class="gathalast">මහාරහසනාමා තෙ, චක්කවත්තී මහබ්බලා.</div>
                </div>
                <div class="paragraph" para="16">
                    <span class="paranum">16</span>
                    <div class="gatha"> ‘‘පටිසම්භිදා චතස්සො...පෙ.... කතං බුද්ධස්ස සාසනං’’.</div>
                    <div class="bodytext">ඉත්ථං සුදං ආයස්මා ඡත්තදායකො ථෙරො ඉමා ගාථායො අභාසිත්ථාති.</div>
                </div>
            </div>
            <div class="centre ct_sutta ending">ඡත්තදායකත්ථෙරස්සාපදානං තතියං.</div>
        </div>
        <div class="subhead ct_sutta" node-id="46394">
            <span class="subhead ct_sutta">4. සද්දසඤ්ඤකත්ථෙරඅපදානං</span>
            <div class="subhead-contents">
                <div class="paragraph" para="17">
                    <span class="paranum">17</span>
                    <div class="gatha"> ‘‘අනුග්ගතම්හි ආදිච්චෙ, පනාදො 
                        <span class="note">(පසාදො (ස්‍යා. අට්ඨ.))</span> විපුලො අහු;
                    </div>
                    <div class="gathalast">බුද්ධසෙට්ඨස්ස ලොකම්හි, පාතුභාවො මහෙසිනො.</div>
                </div>
                <div class="paragraph" para="18">
                    <span class="paranum">18</span>
                    <div class="gatha"> ‘‘ඝොස 
                        <span class="note">(සද්ද (සී. ස්‍යා.))</span> මස්සොසහං 
                        <pb ed="M" n="1.0278"/> තත්ථ, න ච පස්සාමි තං ජිනං;
                    </div>
                    <div class="gathalast">මරණඤ්ච අනුප්පත්තො, බුද්ධසඤ්ඤමනුස්සරිං.</div>
                </div>
                <div class="paragraph" para="19">
                    <span class="paranum">19</span>
                    <div class="gatha"> ‘‘චතුන්නවුතිතො 
                        <pb ed="T" n="1.0374"/>
                        <pb ed="V" n="1.0262"/> කප්පෙ, යං සඤ්ඤමලභිං තදා;
                    </div>
                    <div class="gathalast">දුග්ගතිං නාභිජානාමි, බුද්ධපූජායිදං ඵලං.</div>
                </div>
                <div class="paragraph" para="20">
                    <span class="paranum">20</span>
                    <div class="gatha"> ‘‘පටිසම්භිදා චතස්සො...පෙ.... කතං බුද්ධස්ස සාසනං’’.</div>
                    <div class="bodytext">ඉත්ථං සුදං ආයස්මා සද්දසඤ්ඤකො ථෙරො ඉමා ගාථායො අභාසිත්ථාති.</div>
                </div>
            </div>
            <div class="centre ct_sutta ending">සද්දසඤ්ඤකත්ථෙරස්සාපදානං චතුත්ථං.</div>
        </div>
        <div class="subhead ct_sutta" node-id="46395">
            <span class="subhead ct_sutta">5. ගොසීසනික්ඛෙපකත්ථෙරඅපදානං</span>
            <div class="subhead-contents">
                <div class="paragraph" para="21">
                    <span class="paranum">21</span>
                    <div class="gatha"> ‘‘ආරාමද්වාරා නික්ඛම්ම, ගොසීසං සන්ථතං මයා;</div>
                    <div class="gathalast">අනුභොමි සකං කම්මං, පුබ්බකම්මස්සිදං ඵලං.</div>
                </div>
                <div class="paragraph" para="22">
                    <span class="paranum">22</span>
                    <div class="gatha"> ‘‘ආජානියා වාතජවා, සින්ධවා සීඝවාහනා;</div>
                    <div class="gathalast">අනුභොමි සබ්බමෙතං, ගොසීසස්ස ඉදං ඵලං.</div>
                </div>
                <div class="paragraph" para="23">
                    <span class="paranum">23</span>
                    <div class="gatha"> ‘‘අහො කාරං පරමකාරං, සුඛත්තෙ සුකතං මයා;</div>
                    <div class="gathalast">සඞ්ඝෙ කතස්ස කාරස්ස, න අඤ්ඤං කලමග්ඝති.</div>
                </div>
                <div class="paragraph" para="24">
                    <span class="paranum">24</span>
                    <div class="gatha"> ‘‘චතුන්නවුතිතො කප්පෙ, යං සීසං සන්ථරිං අහං;</div>
                    <div class="gathalast">දුග්ගතිං නාභිජානාමි, සන්ථරස්ස ඉදං ඵලං.</div>
                </div>
                <div class="paragraph" para="25">
                    <span class="paranum">25</span>
                    <div class="gatha"> ‘‘පඤ්චසත්තතිකප්පම්හි, සුප්පතිට්ඨිතනාමකො;</div>
                    <div class="gathalast">එකො ආසිං මහාතෙජො, චක්කවත්තී මහබ්බලො.</div>
                </div>
                <div class="paragraph" para="26">
                    <span class="paranum">26</span>
                    <div class="gatha"> ‘‘පටිසම්භිදා 
                        <pb ed="T" n="1.0375"/> චතස්සො...පෙ.... කතං බුද්ධස්ස සාසනං’’.
                    </div>
                    <div class="bodytext">ඉත්ථං සුදං ආයස්මා ගොසීසනික්ඛෙපකො ථෙරො ඉමා ගාථායො අභාසිත්ථාති.</div>
                </div>
            </div>
            <div class="centre ct_sutta ending">ගොසීසනික්ඛෙපකත්ථෙරස්සාපදානං පඤ්චමං.</div>
        </div>
        <div class="subhead ct_sutta" node-id="46396">
            <span class="subhead ct_sutta">6. පාදපූජකත්ථෙරඅපදානං</span>
            <div class="subhead-contents">
                <div class="paragraph" para="27">
                    <span class="paranum">27</span>
                    <div class="gatha"> ‘‘පබ්බතෙ 
                        <pb ed="M" n="1.0279"/>
                        <pb ed="P" n="1.0246"/> හිමවන්තම්හි, අහොසිං කින්නරො තදා;
                    </div>
                    <div class="gathalast">අද්දසං විරජං බුද්ධං, පීතරංසිංව භාණුමං.</div>
                </div>
                <div class="paragraph" para="28">
                    <span class="paranum">28</span>
                    <div class="gatha"> ‘‘උපෙතං තමහං 
                        <span class="note">(උපෙතොපි තදා (ස්‍යා.), උපෙසිං තමහං (?))</span> බුද්ධං, විපස්සිං ලොකනායකං;
                    </div>
                    <div class="gathalast">චන්දනං තගරඤ්චාපි, පාදෙ ඔසිඤ්චහං තදා.</div>
                </div>
                <div class="paragraph" para="29">
                    <span class="paranum">29</span>
                    <div class="gatha"> ‘‘එකනවුතිතො 
                        <pb ed="V" n="1.0263"/> කප්පෙ, යං පාදං අභිපූජයිං;
                    </div>
                    <div class="gathalast">දුග්ගතිං නාභිජානාමි, පාදපූජායිදං ඵලං.</div>
                </div>
                <div class="paragraph" para="30">
                    <span class="paranum">30</span>
                    <div class="gatha"> ‘‘පටිසම්භිදා චතස්සො...පෙ.... කතං බුද්ධස්ස සාසනං’’.</div>
                    <div class="bodytext">ඉත්ථං සුදං ආයස්මා පාදපූජකො ථෙරො ඉමා ගාථායො අභාසිත්ථාති.</div>
                </div>
            </div>
            <div class="centre ct_sutta ending">පාදපූජකත්ථෙරස්සාපදානං ඡට්ඨං.</div>
        </div>
        <div class="subhead ct_sutta" node-id="46397">
            <span class="subhead ct_sutta">7. දෙසකිත්තකත්ථෙරඅපදානං</span>
            <div class="subhead-contents">
                <div class="paragraph" para="31">
                    <span class="paranum">31</span>
                    <div class="gatha"> ‘‘උපසාලකනාමොහං 
                        <pb ed="T" n="1.0376"/>, අහොසිං බ්‍රාහ්මණො තදා;
                    </div>
                    <div class="gathalast">කානනං වනමොගාළ්හං, ලොකජෙට්ඨං නරාසභං.</div>
                </div>
                <div class="paragraph" para="32">
                    <span class="paranum">32</span>
                    <div class="gatha"> ‘‘දිස්වාන වන්දිං පාදෙසු, ලොකාහුතිපටිග්ගහං;</div>
                    <div class="gathalast">පසන්නචිත්තං මං ඤත්වා, බුද්ධො අන්තරධායථ.</div>
                </div>
                <div class="paragraph" para="33">
                    <span class="paranum">33</span>
                    <div class="gatha"> ‘‘කානනා අභිනික්ඛම්ම, බුද්ධසෙට්ඨමනුස්සරිං;</div>
                    <div class="gathalast">තං දෙසං කිත්තයිත්වාන, කප්පං සග්ගම්හි මොදහං.</div>
                </div>
                <div class="paragraph" para="34">
                    <span class="paranum">34</span>
                    <div class="gatha"> ‘‘ද්වෙනවුතෙ ඉතො කප්පෙ, යං දෙසමභිකිත්තයිං;</div>
                    <div class="gathalast">දුග්ගතිං නාභිජානාමි, කිත්තනාය ඉදං ඵලං.</div>
                </div>
                <div class="paragraph" para="35">
                    <span class="paranum">35</span>
                    <div class="gatha"> ‘‘පටිසම්භිදා චතස්සො...පෙ.... කතං බුද්ධස්ස සාසනං’’.</div>
                    <div class="bodytext">ඉත්ථං සුදං ආයස්මා දෙසකිත්තකො ථෙරො ඉමා ගාථායො අභාසිත්ථාති.</div>
                </div>
            </div>
            <div class="centre ct_sutta ending">දෙසකිත්තකත්ථෙරස්සාපදානං සත්තමං.</div>
        </div>
        <div class="subhead ct_sutta" node-id="46398">
            <span class="subhead ct_sutta">8. සරණගමනියත්ථෙරඅපදානං</span>
            <div class="subhead-contents">
                <div class="paragraph" para="36">
                    <span class="paranum">36</span>
                    <div class="gatha"> ‘‘පබ්බතෙ 
                        <pb ed="M" n="1.0280"/> හිමවන්තම්හි, අහොසිං ලුද්දකො තදා;
                    </div>
                    <div class="gathalast">විපස්සිං අද්දසං බුද්ධං, ලොකජෙට්ඨං නරාසභං.</div>
                </div>
                <div class="paragraph" para="37">
                    <span class="paranum">37</span>
                    <div class="gatha"> ‘‘උපාසිත්වාන 
                        <pb ed="T" n="1.0377"/> සම්බුද්ධං, වෙය්‍යාවච්චමකාසහං;
                    </div>
                    <div class="gathalast">සරණඤ්ච උපාගච්ඡිං, ද්විපදින්දස්ස තාදිනො.</div>
                </div>
                <div class="paragraph" para="38">
                    <span class="paranum">38</span>
                    <div class="gatha"> ‘‘එකනවුතිතො 
                        <pb ed="P" n="1.0247"/> කප්පෙ, සරණං උපගච්ඡහං;
                    </div>
                    <div class="gathalast">දුග්ගතිං නාභිජානාමි, සරණාගමනප්ඵලං.</div>
                </div>
                <div class="paragraph" para="39">
                    <span class="paranum">39</span>
                    <div class="gatha"> ‘‘පටිසම්භිදා 
                        <pb ed="V" n="1.0264"/> චතස්සො...පෙ.... කතං බුද්ධස්ස සාසනං’’.
                    </div>
                    <div class="bodytext">ඉත්ථං සුදං ආයස්මා සරණගමනියො ථෙරො ඉමා ගාථායො අභාසිත්ථාති.</div>
                </div>
            </div>
            <div class="centre ct_sutta ending">සරණගමනියත්ථෙරස්සාපදානං අට්ඨමං.</div>
        </div>
        <div class="subhead ct_sutta" node-id="46399">
            <span class="subhead ct_sutta">9. අම්බපිණ්ඩියත්ථෙරඅපදානං</span>
            <div class="subhead-contents">
                <div class="paragraph" para="40">
                    <span class="paranum">40</span>
                    <div class="gatha"> ‘‘රොමසො නාම නාමෙන, දානවො ඉති විස්සුතො;</div>
                    <div class="gathalast">අම්බපිණ්ඩී මයා දින්නා 
                        <span class="note">(අම්බපිණ්ඩො මයා දින්නො (ස්‍යා.))</span>, විපස්සිස්ස මහෙසිනො.
                    </div>
                </div>
                <div class="paragraph" para="41">
                    <span class="paranum">41</span>
                    <div class="gatha"> ‘‘එකනවුතිතො කප්පෙ, යමම්බමදදිං තදා;</div>
                    <div class="gathalast">දුග්ගතිං නාභිජානාමි, අම්බදානස්සිදං ඵලං.</div>
                </div>
                <div class="paragraph" para="42">
                    <span class="paranum">42</span>
                    <div class="gatha"> ‘‘පටිසම්භිදා චතස්සො...පෙ.... කතං බුද්ධස්ස සාසනං’’.</div>
                    <div class="bodytext">ඉත්ථං සුදං ආයස්මා අම්බපිණ්ඩියො ථෙරො ඉමා ගාථායො අභාසිත්ථාති.</div>
                </div>
            </div>
            <div class="centre ct_sutta ending">අම්බපිණ්ඩියත්ථෙරස්සාපදානං නවමං.</div>
        </div>
        <div class="subhead ct_sutta" node-id="463910">
            <span class="subhead ct_sutta">10. අනුසංසාවකත්ථෙරඅපදානං</span>
            <div class="subhead-contents">
                <div class="paragraph" para="43">
                    <span class="paranum">43</span>
                    <div class="gatha"> ‘‘පිණ්ඩාය 
                        <pb ed="T" n="1.0378"/> චරමානාහං, විපස්සිමද්දසං ජිනං;
                    </div>
                    <div class="gathalast">උළුඞ්ගභික්ඛං පාදාසිං, ද්විපදින්දස්ස තාදිනො.</div>
                </div>
                <div class="paragraph" para="44">
                    <span class="paranum">44</span>
                    <div class="gatha"> ‘‘පසන්නචිත්තො 
                        <pb ed="M" n="1.0281"/> සුමනො, අභිවාදෙසහං තදා;
                    </div>
                    <div class="gathalast">අනුසංසාවයිං බුද්ධං, උත්තමත්ථස්ස පත්තියා.</div>
                </div>
                <div class="paragraph" para="45">
                    <span class="paranum">45</span>
                    <div class="gatha"> ‘‘එකනවුතිතො කප්පෙ, අනුසංසාවයිං අහං;</div>
                    <div class="gathalast">දුග්ගතිං නාභිජානාමි, අනුසංසාවනා ඵලං.</div>
                </div>
                <div class="paragraph" para="46">
                    <span class="paranum">46</span>
                    <div class="gatha"> ‘‘පටිසම්භිදා චතස්සො...පෙ.... කතං බුද්ධස්ස සාසනං’’.</div>
                    <div class="bodytext">ඉත්ථං සුදං ආයස්මා අනුසංසාවකො ථෙරො ඉමා ගාථායො අභාසිත්ථාති.</div>
                </div>
            </div>
            <div class="centre ct_sutta ending">අනුසංසාවකත්ථෙරස්සාපදානං දසමං.</div>
        </div>
    </div>
    <div class="centre ct_vagga ending">චිතකපූජකවග්ගො තිංසතිමො.</div>
    <div class="paragraph udana" para="udana">
        <div class="bodytext ct_vagga">තස්සුද්දානං -</div>
        <div class="ct_vagga gatha">චිතකං 
            <pb ed="V" n="1.0265"/> පාරිඡත්තො ච, සද්දගොසීසසන්ථරං;
        </div>
        <div class="ct_vagga gatha">පාදො පදෙසං සරණං, අම්බො සංසාවකොපි ච;</div>
        <div class="gathalast ct_vagga">අට්ඨතාලීස ගාථායො, ගණිතායො විභාවිභි.</div>
    </div>
</div>
<chapter-ending/>
<div class="paragraph udana" para="udana">
    <div class="bodytext">අථ 
        <pb ed="P" n="1.0248"/> වග්ගුද්දානං -
    </div>
    <div class="gatha">කණිකාරො 
        <pb ed="T" n="1.0379"/> හත්ථිදදො, ආලම්බණුදකාසනං;
    </div>
    <div class="gathalast">තුවරං ථොමකො චෙව, උක්ඛෙපං සීසුපධානං.</div>
    <div class="gatha">පණ්ණදො චිතපූජී ච, ගාථායො චෙව සබ්බසො;</div>
    <div class="gathalast">චත්තාරි ච සතානීහ, එකපඤ්ඤාසමෙව ච.</div>
    <div class="gatha">පඤ්චවීසසතා සබ්බා, ද්වාසත්තති තදුත්තරි;</div>
    <div class="gathalast">තිසතං අපදානානං, ගණිතා අත්ථදස්සිභි.</div>
</div>
<div class="centre ending">කණිකාරවග්ගදසකං.</div>
<div class="centre ending">තතියසතකං සමත්තං.</div>