<div class="chapter ct_vagga" node-id="46160">
    <span class="chapter ct_vagga">7. සකචින්තනියවග්ගො</span>
    <div class="chapter-contents">
        <div class="subhead ct_sutta" node-id="46161">
            <span class="subhead ct_sutta">1. සකචින්තනියත්ථෙරඅපදානං</span>
            <div class="subhead-contents">
                <div class="paragraph" para="1">
                    <span class="paranum">1</span>
                    <div class="gatha"> ‘‘පවනං 
                        <pb ed="T" n="1.0161"/>
                        <pb ed="M" n="1.0124"/>
                        <pb ed="V" n="1.0111"/> කානනං දිස්වා, අප්පසද්දමන්නාවිලං;
                    </div>
                    <div class="gathalast">ඉසීනං අනුචිණ්ණංව, ආහුතීනං පටිග්ගහං.</div>
                </div>
                <div class="paragraph" para="2">
                    <span class="paranum">2</span>
                    <div class="gatha"> ‘‘ථූපං කත්වාන පුලිනං 
                        <span class="note">(වෙළුනා (අට්ඨ.), වෙළිනං (ස්‍යා.))</span>, නානාපුප්ඵං සමොකිරිං;
                    </div>
                    <div class="gathalast">සම්මුඛා විය සම්බුද්ධං, නිම්මිතං අභිවන්දහං.</div>
                </div>
                <div class="paragraph" para="3">
                    <span class="paranum">3</span>
                    <div class="gatha"> ‘‘සත්තරතනසම්පන්නො 
                        <pb ed="P" n="1.0112"/>, රාජා රට්ඨම්හි ඉස්සරො;
                    </div>
                    <div class="gathalast">සකකම්මාභිරද්ධොහං, පුප්ඵපූජායිදං 
                        <span class="note">(ථූපපූජායිදං (සී.))</span> ඵලං.
                    </div>
                </div>
                <div class="paragraph" para="4">
                    <span class="paranum">4</span>
                    <div class="gatha"> ‘‘එකනවුතිතො කප්පෙ, යං පුප්ඵමභිරොපයිං;</div>
                    <div class="gathalast">දුග්ගතිං නාභිජානාමි, පුප්ඵපූජායිදං 
                        <span class="note">(ථූපපූජායිදං (සී.))</span> ඵලං.
                    </div>
                </div>
                <div class="paragraph" para="5">
                    <span class="paranum">5</span>
                    <div class="gatha"> ‘‘අසීතිකප්පෙනන්තයසො, චක්කවත්තී අහොසහං;</div>
                    <div class="gathalast">සත්තරතනසම්පන්නො, චතුදීපම්හි ඉස්සරො.</div>
                </div>
                <div class="paragraph" para="6">
                    <span class="paranum">6</span>
                    <div class="gatha"> ‘‘පටිසම්භිදා චතස්සො, විමොක්ඛාපි ච අට්ඨිමෙ;</div>
                    <div class="gathalast">ඡළභිඤ්ඤා සච්ඡිකතා, කතං බුද්ධස්ස සාසනං’’.</div>
                    <div class="bodytext">ඉත්ථං සුදං ආයස්මා සකචින්තනියො ථෙරො ඉමා ගාථායො අභාසිත්ථාති.</div>
                </div>
            </div>
            <div class="centre ct_sutta ending">සකචින්තනියත්ථෙරස්සාපදානං පඨමං.</div>
        </div>
        <div class="subhead ct_sutta" node-id="46162">
            <span class="subhead ct_sutta">2. අවොපුප්ඵියත්ථෙරඅපදානං</span>
            <div class="subhead-contents">
                <div class="paragraph" para="7">
                    <span class="paranum">7</span>
                    <div class="gatha"> ‘‘විහාරා අභිනික්ඛම්ම, අබ්භුට්ඨහිය 
                        <span class="note">(අබ්භුට්ඨාසි ච (ස්‍යා. ක.))</span> චඞ්කමෙ;
                    </div>
                    <div class="gathalast">චතුසච්චං පකාසන්තො, දෙසෙති 
                        <span class="note">(දෙසෙන්තො (ස්‍යා. ක.))</span> අමතං පදං.
                    </div>
                </div>
                <div class="paragraph" para="8">
                    <span class="paranum">8</span>
                    <div class="gatha"> ‘‘සිඛිස්ස 
                        <pb ed="T" n="1.0162"/> ගිරමඤ්ඤාය, බුද්ධසෙට්ඨස්ස තාදිනො;
                    </div>
                    <div class="gathalast">නානාපුප්ඵං ගහෙත්වාන, ආකාසම්හි සමොකිරිං.</div>
                </div>
                <div class="paragraph" para="9">
                    <span class="paranum">9</span>
                    <div class="gatha"> ‘‘තෙන 
                        <pb ed="V" n="1.0112"/> කම්මෙන ද්විපදින්ද, ලොකජෙට්ඨ නරාසභ;
                    </div>
                    <div class="gathalast">පත්තොම්හි අචලං ඨානං, හිත්වා ජයපරාජයං.</div>
                </div>
                <div class="paragraph" para="10">
                    <span class="paranum">10</span>
                    <div class="gatha"> ‘‘එකත්තිංසෙ 
                        <pb ed="M" n="1.0125"/> ඉතො කප්පෙ, යං පුප්ඵමභිරොපයිං;
                    </div>
                    <div class="gathalast">දුග්ගතිං නාභිජානාමි, පුප්ඵපූජායිදං ඵලං.</div>
                </div>
                <div class="paragraph" para="11">
                    <span class="paranum">11</span>
                    <div class="gatha"> ‘‘ඉතො වීසතිකප්පම්හි, සුමෙධො නාම ඛත්තියො;</div>
                    <div class="gathalast">සත්තරතනසම්පන්නො, චක්කවත්තී මහබ්බලො.</div>
                </div>
                <div class="paragraph" para="12">
                    <span class="paranum">12</span>
                    <div class="gatha"> ‘‘පටිසම්භිදා චතස්සො...පෙ.... කතං බුද්ධස්ස සාසනං’’.</div>
                    <div class="bodytext">ඉත්ථං සුදං ආයස්මා අවොපුප්ඵියො ථෙරො ඉමා ගාථායො අභාසිත්ථාති.</div>
                </div>
            </div>
            <div class="centre ct_sutta ending">අවොපුප්ඵියත්ථෙරස්සාපදානං දුතියං.</div>
        </div>
        <div class="subhead ct_sutta" node-id="46163">
            <span class="subhead ct_sutta">3. පච්චාගමනියත්ථෙරඅපදානං</span>
            <div class="subhead-contents">
                <div class="paragraph" para="13">
                    <span class="paranum">13</span>
                    <div class="gatha"> ‘‘සින්ධුයා 
                        <pb ed="P" n="1.0113"/> නදියා තීරෙ, චක්කවාකො අහං තදා;
                    </div>
                    <div class="gathalast">සුද්ධසෙවාලභක්ඛොහං, පාපෙසු ච සුසඤ්ඤතො.</div>
                </div>
                <div class="paragraph" para="14">
                    <span class="paranum">14</span>
                    <div class="gatha"> ‘‘අද්දසං විරජං බුද්ධං, ගච්ඡන්තං අනිලඤ්ජසෙ;</div>
                    <div class="gathalast">තුණ්ඩෙන සාලං පග්ගය්හ, විපස්සිස්සාභිරොපයිං.</div>
                </div>
                <div class="paragraph" para="15">
                    <span class="paranum">15</span>
                    <div class="gatha"> ‘‘යස්ස 
                        <pb ed="T" n="1.0163"/> සද්ධා තථාගතෙ, අචලා සුපතිට්ඨිතා;
                    </div>
                    <div class="gathalast">තෙන චිත්තප්පසාදෙන, දුග්ගතිං සො න ගච්ඡති.</div>
                </div>
                <div class="paragraph" para="16">
                    <span class="paranum">16</span>
                    <div class="gatha"> ‘‘ස්වාගතං වත මෙ ආසි, බුද්ධසෙට්ඨස්ස සන්තිකෙ;</div>
                    <div class="gathalast">විහඞ්ගමෙන සන්තෙන, සුබීජං රොපිතං මයා.</div>
                </div>
                <div class="paragraph" para="17">
                    <span class="paranum">17</span>
                    <div class="gatha"> ‘‘එකනවුතිතො කප්පෙ, යං පුප්ඵමභිරොපයිං;</div>
                    <div class="gathalast">දුග්ගතිං නාභිජානාමි, බුද්ධපූජායිදං 
                        <span class="note">(පුප්ඵපූජායිදං (සී.))</span> ඵලං.
                    </div>
                </div>
                <div class="paragraph" para="18">
                    <span class="paranum">18</span>
                    <div class="gatha"> ‘‘සුචාරුදස්සනා නාම, අට්ඨෙතෙ එකනාමකා;</div>
                    <div class="gathalast">කප්පෙ සත්තරසෙ ආසුං, චක්කවත්තී මහබ්බලා.</div>
                </div>
                <div class="paragraph" para="19">
                    <span class="paranum">19</span>
                    <div class="gatha"> ‘‘පටිසම්භිදා චතස්සො...පෙ.... කතං බුද්ධස්ස සාසනං’’.</div>
                    <div class="bodytext">ඉත්ථං සුදං ආයස්මා පච්චාගමනියො ථෙරො ඉමා ගාථායො අභාසිත්ථාති.</div>
                </div>
            </div>
            <div class="centre ct_sutta ending">පච්චාගමනියත්ථෙරස්සාපදානං තතියං.</div>
        </div>
        <div class="subhead ct_sutta" node-id="46164">
            <span class="subhead ct_sutta">4. පරප්පසාදකත්ථෙරඅපදානං</span>
            <div class="subhead-contents">
                <div class="paragraph" para="20">
                    <span class="paranum">20</span>
                    <div class="gatha"> ‘‘උසභං 
                        <pb ed="M" n="1.0126"/>
                        <pb ed="V" n="1.0113"/> පවරං වීරං, මහෙසිං විජිතාවිනං;
                    </div>
                    <div class="gathalast">සුවණ්ණවණ්ණං සම්බුද්ධං, කො දිස්වා නප්පසීදති.</div>
                </div>
                <div class="paragraph" para="21">
                    <span class="paranum">21</span>
                    <div class="gatha"> ‘‘හිමවාවාපරිමෙය්‍යො, සාගරොව දුරුත්තරො;</div>
                    <div class="gathalast">තථෙව ඣානං බුද්ධස්ස, කො දිස්වා නප්පසීදති.</div>
                </div>
                <div class="paragraph" para="22">
                    <span class="paranum">22</span>
                    <div class="gatha"> ‘‘වසුධා යථාප්පමෙය්‍යා, චිත්තා වනවටංසකා;</div>
                    <div class="gathalast">තථෙව 
                        <pb ed="T" n="1.0164"/> සීලං බුද්ධස්ස, කො දිස්වා නප්පසීදති.
                    </div>
                </div>
                <div class="paragraph" para="23">
                    <span class="paranum">23</span>
                    <div class="gatha"> ‘‘අනිලඤ්ජසාසඞ්ඛුබ්භො 
                        <span class="note">(අනිලජොව අසඞ්ඛොභො (සී.))</span>, යථාකාසො අසඞ්ඛියො;
                    </div>
                    <div class="gathalast">තථෙව ඤාණං බුද්ධස්ස, කො දිස්වා නප්පසීදති.</div>
                </div>
                <div class="paragraph" para="24">
                    <span class="paranum">24</span>
                    <div class="gatha"> ‘‘ඉමාහි 
                        <pb ed="P" n="1.0114"/> චතුගාථාහි, බ්‍රාහ්මණො සෙනසව්හයො;
                    </div>
                    <div class="gathalast">බුද්ධසෙට්ඨං ථවිත්වාන, සිද්ධත්ථං අපරාජිතං.</div>
                </div>
                <div class="paragraph" para="25">
                    <span class="paranum">25</span>
                    <div class="gatha"> ‘‘චතුන්නවුතිකප්පානි, දුග්ගතිං නුපපජ්ජථ;</div>
                    <div class="gathalast">සුගතිං සුඛසම්පත්තිං 
                        <span class="note">(සුගතීසු සුසුම්පත්තිං (සී. ස්‍යා.))</span>, අනුභොසිමනප්පකං.
                    </div>
                </div>
                <div class="paragraph" para="26">
                    <span class="paranum">26</span>
                    <div class="gatha"> ‘‘චතුන්නවුතිතො කප්පෙ, ථවිත්වා ලොකනායකං;</div>
                    <div class="gathalast">දුග්ගතිං නාභිජානාමි, ථොමනාය 
                        <span class="note">(ථොමනස්ස (ස්‍යා.))</span> ඉදං ඵලං.
                    </div>
                </div>
                <div class="paragraph" para="27">
                    <span class="paranum">27</span>
                    <div class="gatha"> ‘‘චාතුද්දසම්හි කප්පම්හි, චතුරො ආසුමුග්ගතා;</div>
                    <div class="gathalast">සත්තරතනසම්පන්නා, චක්කවත්තී මහබ්බලා.</div>
                </div>
                <div class="paragraph" para="28">
                    <span class="paranum">28</span>
                    <div class="gatha"> ‘‘පටිසම්භිදා චතස්සො...පෙ.... කතං බුද්ධස්ස සාසනං’’.</div>
                    <div class="bodytext">ඉත්ථං සුදං ආයස්මා පරප්පසාදකො ථෙරො ඉමා ගාථායො අභාසිත්ථාති.</div>
                </div>
            </div>
            <div class="centre ct_sutta ending">පරප්පසාදකත්ථෙරස්සාපදානං චතුත්ථං.</div>
        </div>
        <div class="subhead ct_sutta" node-id="46165">
            <span class="subhead ct_sutta">5. භිසදායකත්ථෙරඅපදානං</span>
            <div class="subhead-contents">
                <div class="paragraph" para="29">
                    <span class="paranum">29</span>
                    <div class="gatha"> ‘‘වෙස්සභූ නාම නාමෙන, ඉසීනං තතියො අහු;</div>
                    <div class="gathalast">කානනං වනමොගය්හ, විහාසි පුරිසුත්තමො.</div>
                </div>
                <div class="paragraph" para="30">
                    <span class="paranum">30</span>
                    <div class="gatha"> ‘‘භිසමුළාලං 
                        <pb ed="T" n="1.0165"/>
                        <pb ed="M" n="1.0127"/>
                        <pb ed="V" n="1.0114"/> ගණ්හිත්වා, අගමං බුද්ධසන්තිකං;
                    </div>
                    <div class="gathalast">තඤ්ච බුද්ධස්ස පාදාසිං, පසන්නො සෙහි පාණිභි.</div>
                </div>
                <div class="paragraph" para="31">
                    <span class="paranum">31</span>
                    <div class="gatha"> ‘‘කරෙන ච පරාමට්ඨො, වෙස්සභූවරබුද්ධිනා;</div>
                    <div class="gathalast">සුඛාහං නාභිජානාමි, සමං තෙන කුතොත්තරිං.</div>
                </div>
                <div class="paragraph" para="32">
                    <span class="paranum">32</span>
                    <div class="gatha"> ‘‘චරිමො වත්තතෙ මය්හං, භවා සබ්බෙ සමූහතා;</div>
                    <div class="gathalast">හත්ථිනාගෙන සන්තෙන, කුසලං රොපිතං මයා 
                        <span class="note">(නාගොව බන්ධනං ඡෙත්වා, විහරාමි අනාසවො (ස්‍යා.))</span>.
                    </div>
                </div>
                <div class="paragraph" para="33">
                    <span class="paranum">33</span>
                    <div class="gatha"> ‘‘එකත්තිංසෙ ඉතො කප්පෙ, යං කම්මමකරිං තදා;</div>
                    <div class="gathalast">දුග්ගතිං නාභිජානාමි, භිසදානස්සිදං ඵලං.</div>
                </div>
                <div class="paragraph" para="34">
                    <span class="paranum">34</span>
                    <div class="gatha"> ‘‘සමොධානා ච රාජානො, සොළස මනුජාධිපා;</div>
                    <div class="gathalast">කප්පම්හි චුද්දසෙ 
                        <span class="note">(තෙරසෙ (සී. ස්‍යා.))</span> ආසුං, චක්කවත්තී මහබ්බලා.
                    </div>
                </div>
                <div class="paragraph" para="35">
                    <span class="paranum">35</span>
                    <div class="gatha"> ‘‘පටිසම්භිදා චතස්සො...පෙ.... කතං බුද්ධස්ස සාසනං’’.</div>
                    <div class="bodytext">ඉත්ථං සුදං ආයස්මා භිසදායකො ථෙරො ඉමා ගාථායො අභාසිත්ථාති.</div>
                </div>
            </div>
            <div class="centre ct_sutta ending">භිසදායකත්ථෙරස්සාපදානං පඤ්චමං.</div>
        </div>
        <div class="subhead ct_sutta" node-id="46166">
            <span class="subhead ct_sutta">6. සුචින්තිතත්ථෙරඅපදානං</span>
            <div class="subhead-contents">
                <div class="paragraph" para="36">
                    <span class="paranum">36</span>
                    <div class="gatha"> ‘‘ගිරිදුග්ගචරො 
                        <pb ed="P" n="1.0115"/> ආසිං, අභිජාතොව කෙසරී;
                    </div>
                    <div class="gathalast">මිගසඞ්ඝං වධිත්වාන, ජීවාමි පබ්බතන්තරෙ.</div>
                </div>
                <div class="paragraph" para="37">
                    <span class="paranum">37</span>
                    <div class="gatha"> ‘‘අත්ථදස්සී 
                        <pb ed="T" n="1.0166"/> තු භගවා, සබ්බඤ්ඤූ වදතං වරො;
                    </div>
                    <div class="gathalast">මමුද්ධරිතුකාමො සො, ආගච්ඡි පබ්බතුත්තමං.</div>
                </div>
                <div class="paragraph" para="38">
                    <span class="paranum">38</span>
                    <div class="gatha"> ‘‘පසදඤ්ච මිගං හන්ත්වා, භක්ඛිතුං සමුපාගමිං;</div>
                    <div class="gathalast">භගවා තම්හි සමයෙ, භික්ඛමානො 
                        <span class="note">(සික්ඛාචාරො (ස්‍යා.))</span> උපාගමි.
                    </div>
                </div>
                <div class="paragraph" para="39">
                    <span class="paranum">39</span>
                    <div class="gatha"> ‘‘වරමංසානි පග්ගය්හ, අදාසිං තස්ස සත්ථුනො;</div>
                    <div class="gathalast">අනුමොදි මහාවීරො, නිබ්බාපෙන්තො මමං තදා.</div>
                </div>
                <div class="paragraph" para="40">
                    <span class="paranum">40</span>
                    <div class="gatha"> ‘‘තෙන 
                        <pb ed="V" n="1.0115"/> චිත්තප්පසාදෙන, ගිරිදුග්ගං පවිසිං අහං;
                    </div>
                    <div class="gathalast">පීතිං උප්පාදයිත්වාන, තත්ථ කාලඞ්කතො අහං.</div>
                </div>
                <div class="paragraph" para="41">
                    <span class="paranum">41</span>
                    <div class="gatha"> ‘‘එතෙන 
                        <pb ed="M" n="1.0128"/> මංසදානෙන, චිත්තස්ස පණිධීහි ච;
                    </div>
                    <div class="gathalast">පන්නරසෙ කප්පසතෙ, දෙවලොකෙ රමිං අහං.</div>
                </div>
                <div class="paragraph" para="42">
                    <span class="paranum">42</span>
                    <div class="gatha"> ‘‘අවසෙසෙසු කප්පෙසු, කුසලං චින්තිතං 
                        <span class="note">(නිචිතං (සී.), කරිතං (ස්‍යා.))</span> මයා;
                    </div>
                    <div class="gathalast">තෙනෙව මංසදානෙන, බුද්ධානුස්සරණෙන ච.</div>
                </div>
                <div class="paragraph" para="43">
                    <span class="paranum">43</span>
                    <div class="gatha"> ‘‘අට්ඨත්තිංසම්හි කප්පම්හි, අට්ඨ දීඝායුනාමකා;</div>
                    <div class="gathalast">සට්ඨිම්හිතො කප්පසතෙ, දුවෙ වරුණනාමකා 
                        <span class="note">(සරණනාමකා (ස්‍යා.))</span>.
                    </div>
                </div>
                <div class="paragraph" para="44">
                    <span class="paranum">44</span>
                    <div class="gatha"> ‘‘පටිසම්භිදා චතස්සො...පෙ.... කතං බුද්ධස්ස සාසනං’’.</div>
                    <div class="bodytext">ඉත්ථං සුදං ආයස්මා සුචින්තිතො ථෙරො ඉමා ගාථායො අභාසිත්ථාති.</div>
                </div>
            </div>
            <div class="centre ct_sutta ending">සුචින්තිතත්ථෙරස්සාපදානං ඡට්ඨං.</div>
        </div>
        <div class="subhead ct_sutta" node-id="46167">
            <span class="subhead ct_sutta">7. වත්ථදායකත්ථෙරඅපදානං</span>
            <div class="subhead-contents">
                <div class="paragraph" para="45">
                    <span class="paranum">45</span>
                    <div class="gatha"> ‘‘පක්ඛිජාතො 
                        <pb ed="T" n="1.0167"/>
                        <pb ed="P" n="1.0116"/> තදා ආසිං, සුපණ්ණො ගරුළාධිපො;
                    </div>
                    <div class="gathalast">අද්දසං විරජං බුද්ධං, ගච්ඡන්තං ගන්ධමාදනං.</div>
                </div>
                <div class="paragraph" para="46">
                    <span class="paranum">46</span>
                    <div class="gatha"> ‘‘ජහිත්වා ගරුළවණ්ණං, මාණවකං අධාරයිං;</div>
                    <div class="gathalast">එකං වත්ථං මයා දින්නං, ද්විපදින්දස්ස තාදිනො.</div>
                </div>
                <div class="paragraph" para="47">
                    <span class="paranum">47</span>
                    <div class="gatha"> ‘‘තඤ්ච දුස්සං පටිග්ගය්හ, බුද්ධො ලොකග්ගනායකො;</div>
                    <div class="gathalast">අන්තලික්ඛෙ ඨිතො සත්ථා, ඉමා ගාථා අභාසථ.</div>
                </div>
                <div class="paragraph" para="48">
                    <span class="paranum">48</span>
                    <div class="gatha"> ‘‘‘ඉමිනා වත්ථදානෙන, චිත්තස්ස පණිධීහි ච;</div>
                    <div class="gathalast">පහාය ගරුළං යොනිං, දෙවලොකෙ රමිස්සති’.</div>
                </div>
                <div class="paragraph" para="49">
                    <span class="paranum">49</span>
                    <div class="gatha"> ‘‘අත්ථදස්සී තු භගවා, ලොකජෙට්ඨො නරාසභො;</div>
                    <div class="gathalast">වත්ථදානං පසංසිත්වා, පක්කාමි උත්තරාමුඛො.</div>
                </div>
                <div class="paragraph" para="50">
                    <span class="paranum">50</span>
                    <div class="gatha"> ‘‘භවෙ නිබ්බත්තමානම්හි, හොන්ති මෙ වත්ථසම්පදා;</div>
                    <div class="gathalast">ආකාසෙ ඡදනං හොති, වත්ථදානස්සිදං ඵලං.</div>
                </div>
                <div class="paragraph" para="51">
                    <span class="paranum">51</span>
                    <div class="gatha"> ‘‘අරුණවා 
                        <pb ed="M" n="1.0129"/>
                        <span class="note">(අරුණකා (සී.), අරුණසා (ස්‍යා.))</span> සත්ත ජනා, චක්කවත්තී මහබ්බලා;
                    </div>
                    <div class="gathalast">ඡත්තිංසතිම්හි ආසිංසු, කප්පම්හි මනුජාධිපා.</div>
                </div>
                <div class="paragraph" para="52">
                    <span class="paranum">52</span>
                    <div class="gatha"> ‘‘පටිසම්භිදා 
                        <pb ed="V" n="1.0116"/> චතස්සො...පෙ.... කතං බුද්ධස්ස සාසනං’’.
                    </div>
                    <div class="bodytext">ඉත්ථං සුදං ආයස්මා වත්ථදායකො ථෙරො ඉමා ගාථායො අභාසිත්ථාති.</div>
                </div>
            </div>
            <div class="centre ct_sutta ending">වත්ථදායකත්ථෙරස්සාපදානං සත්තමං.</div>
        </div>
        <div class="subhead ct_sutta" node-id="46168">
            <span class="subhead ct_sutta">8. අම්බදායකත්ථෙරඅපදානං</span>
            <div class="subhead-contents">
                <div class="paragraph" para="53">
                    <span class="paranum">53</span>
                    <div class="gatha"> ‘‘අනොමදස්සී 
                        <pb ed="T" n="1.0168"/> භගවා, නිසින්නො පබ්බතන්තරෙ;
                    </div>
                    <div class="gathalast">මෙත්තාය අඵරි ලොකෙ, අප්පමාණෙ නිරූපධි.</div>
                </div>
                <div class="paragraph" para="54">
                    <span class="paranum">54</span>
                    <div class="gatha"> ‘‘කපි අහං තදා ආසිං, හිමවන්තෙ නගුත්තමෙ;</div>
                    <div class="gathalast">දිස්වා අනොමදස්සිං තං 
                        <span class="note">(අනොමං අමිතං (සී.), අනොමමධිතං (ස්‍යා.))</span>, බුද්ධෙ චිත්තං පසාදයිං.
                    </div>
                </div>
                <div class="paragraph" para="55">
                    <span class="paranum">55</span>
                    <div class="gatha"> ‘‘අවිදූරෙ හිමවන්තස්ස, අම්බාසුං ඵලිනො තදා;</div>
                    <div class="gathalast">තතො පක්කං ගහෙත්වාන, අම්බං සමධුකං අදං.</div>
                </div>
                <div class="paragraph" para="56">
                    <span class="paranum">56</span>
                    <div class="gatha"> ‘‘තං 
                        <pb ed="P" n="1.0117"/> මෙ බුද්ධො වියාකාසි, අනොමදස්සී මහාමුනි;
                    </div>
                    <div class="gathalast">ඉමිනා මධුදානෙන, අම්බදානෙන චූභයං.</div>
                </div>
                <div class="paragraph" para="57">
                    <span class="paranum">57</span>
                    <div class="gatha"> ‘‘සත්තපඤ්ඤාසකප්පම්හි, දෙවලොකෙ රමිස්සති;</div>
                    <div class="gathalast">අවසෙසෙසු කප්පෙසු, වොකිණ්ණං සංසරිස්සති.</div>
                </div>
                <div class="paragraph" para="58">
                    <span class="paranum">58</span>
                    <div class="gatha"> ‘‘ඛෙපෙත්වා පාපකං කම්මං, පරිපක්කාය බුද්ධියා;</div>
                    <div class="gathalast">විනිපාතමගන්ත්වාන, කිලෙසෙ ඣාපයිස්සති.</div>
                </div>
                <div class="paragraph" para="59">
                    <span class="paranum">59</span>
                    <div class="gatha"> ‘‘දමෙන උත්තමෙනාහං, දමිතොම්හි මහෙසිනා;</div>
                    <div class="gathalast">පත්තොම්හි අචලං ඨානං, හිත්වා ජයපරාජයං.</div>
                </div>
                <div class="paragraph" para="60">
                    <span class="paranum">60</span>
                    <div class="gatha"> ‘‘සත්තසත්තතිකප්පසතෙ, අම්බට්ඨජසනාමකා;</div>
                    <div class="gathalast">චතුද්දස තෙ රාජානො, චක්කවත්තී මහබ්බලා.</div>
                </div>
                <div class="paragraph" para="61">
                    <span class="paranum">61</span>
                    <div class="gatha"> ‘‘පටිසම්භිදා චතස්සො...පෙ.... කතං බුද්ධස්ස සාසනං’’.</div>
                    <div class="bodytext">ඉත්ථං 
                        <pb ed="T" n="1.0169"/> සුදං ආයස්මා අම්බදායකො ථෙරො ඉමා ගාථායො අභාසිත්ථාති.
                    </div>
                </div>
            </div>
            <div class="centre ct_sutta ending">අම්බදායකත්ථෙරස්සාපදානං අට්ඨමං.</div>
        </div>
        <div class="subhead ct_sutta" node-id="46169">
            <span class="subhead ct_sutta">9. සුමනත්ථෙරඅපදානං</span>
            <div class="subhead-contents">
                <div class="paragraph" para="62">
                    <span class="paranum">62</span>
                    <div class="gatha"> ‘‘සුමනො 
                        <pb ed="M" n="1.0130"/>
                        <pb ed="V" n="1.0117"/> නාම නාමෙන, මාලාකාරො අහං තදා;
                    </div>
                    <div class="gathalast">අද්දසං විරජං බුද්ධං, ලොකාහුතිපටිග්ගහං.</div>
                </div>
                <div class="paragraph" para="63">
                    <span class="paranum">63</span>
                    <div class="gatha"> ‘‘උභො හත්ථෙහි පග්ගය්හ, සුමනං පුප්ඵමුත්තමං;</div>
                    <div class="gathalast">බුද්ධස්ස අභිරොපෙසිං, සිඛිනො ලොකබන්ධුනො.</div>
                </div>
                <div class="paragraph" para="64">
                    <span class="paranum">64</span>
                    <div class="gatha"> ‘‘ඉමාය පුප්ඵපූජාය, චෙතනාපණිධීහි ච;</div>
                    <div class="gathalast">දුග්ගතිං නාභිජානාමි, බුද්ධපූජායිදං ඵලං.</div>
                </div>
                <div class="paragraph" para="65">
                    <span class="paranum">65</span>
                    <div class="gatha"> ‘‘එකත්තිංසෙ ඉතො කප්පෙ, යං පුප්ඵමභිරොපයිං;</div>
                    <div class="gathalast">දුග්ගතිං නාභිජානාමි, බුද්ධපූජායිදං 
                        <span class="note">(පුප්ඵපූජායිදං (සී.))</span> ඵලං.
                    </div>
                </div>
                <div class="paragraph" para="66">
                    <span class="paranum">66</span>
                    <div class="gatha"> ‘‘ඡබ්බීසතිම්හි කප්පම්හි, චත්තාරොසුං මහායසා;</div>
                    <div class="gathalast">සත්තරතනසම්පන්නා, රාජානො චක්කවත්තිනො.</div>
                </div>
                <div class="paragraph" para="67">
                    <span class="paranum">67</span>
                    <div class="gatha"> ‘‘පටිසම්භිදා චතස්සො...පෙ.... කතං බුද්ධස්ස සාසනං’’.</div>
                    <div class="bodytext">ඉත්ථං සුදං ආයස්මා සුමනො ථෙරො ඉමා ගාථායො අභාසිත්ථාති.</div>
                </div>
            </div>
            <div class="centre ct_sutta ending">සුමනත්ථෙරස්සාපදානං නවමං.</div>
        </div>
        <div class="subhead ct_sutta" node-id="461610">
            <span class="subhead ct_sutta">10. පුප්ඵචඞ්කොටියත්ථෙරඅපදානං</span>
            <div class="subhead-contents">
                <div class="paragraph" para="68">
                    <span class="paranum">68</span>
                    <div class="gatha"> ‘‘අභීතරූපං 
                        <pb ed="T" n="1.0170"/>
                        <pb ed="P" n="1.0118"/> සීහංව, ගරුළග්ගංව පක්ඛිනං;
                    </div>
                    <div class="gathalast">බ්‍යග්ඝූසභංව පවරං, අභිජාතංව කෙසරිං.</div>
                </div>
                <div class="paragraph" para="69">
                    <span class="paranum">69</span>
                    <div class="gatha"> ‘‘සිඛිං තිලොකසරණං, අනෙජං අපරාජිතං;</div>
                    <div class="gathalast">නිසින්නං සමණානග්ගං, භික්ඛුසඞ්ඝපුරක්ඛතං.</div>
                </div>
                <div class="paragraph" para="70">
                    <span class="paranum">70</span>
                    <div class="gatha"> ‘‘චඞ්කොටකෙ 
                        <span class="note">(චඞ්ගොටකෙ (සී.))</span> ඨපෙත්වාන, අනොජං පුප්ඵමුත්තමං;
                    </div>
                    <div class="gathalast">සහ චඞ්කොටකෙනෙව, බුද්ධසෙට්ඨං සමොකිරිං.</div>
                </div>
                <div class="paragraph" para="71">
                    <span class="paranum">71</span>
                    <div class="gatha"> ‘‘තෙන චිත්තප්පසාදෙන, ද්විපදින්ද නරාසභ;</div>
                    <div class="gathalast">පත්තොම්හි අචලං ඨානං, හිත්වා ජයපරාජයං.</div>
                </div>
                <div class="paragraph" para="72">
                    <span class="paranum">72</span>
                    <div class="gatha"> ‘‘එකත්තිංසෙ ඉතො කප්පෙ, යං කම්මමකරිං තදා;</div>
                    <div class="gathalast">දුග්ගතිං නාභිජානාමි, බුද්ධපූජායිදං ඵලං.</div>
                </div>
                <div class="paragraph" para="73">
                    <span class="paranum">73</span>
                    <div class="gatha"> ‘‘සම්පුණ්ණෙ 
                        <pb ed="M" n="1.0131"/>
                        <pb ed="V" n="1.0118"/> තිංසකප්පම්හි, දෙවභූතිසනාමකා;
                    </div>
                    <div class="gathalast">සත්තරතනසම්පන්නා, පඤ්චාසුං චක්කවත්තිනො.</div>
                </div>
                <div class="paragraph" para="74">
                    <span class="paranum">74</span>
                    <div class="gatha"> ‘‘පටිසම්භිදා චතස්සො...පෙ.... කතං බුද්ධස්ස සාසනං’’.</div>
                    <div class="bodytext">ඉත්ථං සුදං ආයස්මා පුප්ඵචඞ්කොටියො ථෙරො ඉමා ගාථායො අභාසිත්ථාති.</div>
                </div>
            </div>
            <div class="centre ct_sutta ending">පුප්ඵචඞ්කොටියත්ථෙරස්සාපදානං දසමං.</div>
        </div>
    </div>
    <div class="centre ct_vagga ending">සකචින්තනියවග්ගො සත්තමො.</div>
    <div class="paragraph udana" para="udana">
        <div class="bodytext ct_vagga">තස්සුද්දානං -</div>
        <div class="ct_vagga gatha">සකචින්තී 
            <pb ed="T" n="1.0171"/> අවොපුප්ඵී, සපච්චාගමනෙන ච;
        </div>
        <div class="gathalast ct_vagga">පරප්පසාදී භිසදො, සුචින්ති වත්ථදායකො.</div>
        <div class="ct_vagga gatha">අම්බදායී ච සුමනො, පුප්ඵචඞ්කොටකීපි ච;</div>
        <div class="gathalast ct_vagga">ගාථෙකසත්තති වුත්තා, ගණිතා අත්ථදස්සිභි.</div>
    </div>
</div>