<div class="chapter ct_vagga" node-id="47110">
    <span class="chapter ct_vagga">44. එකවිහාරිවග්ගො</span>
    <div class="chapter-contents">
        <div class="subhead ct_sutta" node-id="47111">
            <span class="subhead ct_sutta">1. එකවිහාරිකත්ථෙරඅපදානං</span>
            <div class="subhead-contents">
                <div class="paragraph" para="1">
                    <span class="paranum">1</span>
                    <div class="gatha"> ‘‘ඉමම්හි 
                        <pb ed="T" n="2.0044"/>
                        <pb ed="M" n="2.0016"/>
                        <pb ed="V" n="2.0016"/> භද්දකෙ කප්පෙ, බ්‍රහ්මබන්ධු මහායසො;
                    </div>
                    <div class="gathalast">කස්සපො නාම ගොත්තෙන, උප්පජ්ජි වදතං වරො.</div>
                </div>
                <div class="paragraph" para="2">
                    <span class="paranum">2</span>
                    <div class="gatha"> ‘‘නිප්පපඤ්චො නිරාලම්බො, ආකාසසමමානසො;</div>
                    <div class="gathalast">සුඤ්ඤතාබහුලො තාදී, අනිමිත්තරතො වසී.</div>
                </div>
                <div class="paragraph" para="3">
                    <span class="paranum">3</span>
                    <div class="gatha"> ‘‘අසඞ්ගචිත්තො නික්ලෙසො 
                        <span class="note">(නිල්ලෙපො (ස්‍යා. ක.))</span>, අසංසට්ඨො කුලෙ ගණෙ;
                    </div>
                    <div class="gathalast">මහාකාරුණිකො වීරො, විනයොපායකොවිදො.</div>
                </div>
                <div class="paragraph" para="4">
                    <span class="paranum">4</span>
                    <div class="gatha"> ‘‘උය්‍යුත්තො පරකිච්චෙසු, විනයන්තො සදෙවකෙ;</div>
                    <div class="gathalast">නිබ්බානගමනං මග්ගං, ගතිං පඞ්කවිසොසනං.</div>
                </div>
                <div class="paragraph" para="5">
                    <span class="paranum">5</span>
                    <div class="gatha"> ‘‘අමතං පරමස්සාදං, ජරාමච්චුනිවාරණං;</div>
                    <div class="gathalast">මහාපරිසමජ්ඣෙ සො, නිසින්නො ලොකතාරකො.</div>
                </div>
                <div class="paragraph" para="6">
                    <span class="paranum">6</span>
                    <div class="gatha"> ‘‘කරවීකරුතො 
                        <span class="note">(කරවීකරුදො (ස්‍යා. පී. ක.))</span> නාථො, බ්‍රහ්මඝොසො තථාගතො;
                    </div>
                    <div class="gathalast">උද්ධරන්තො මහාදුග්ගා, විප්පනට්ඨෙ අනායකෙ.</div>
                </div>
                <div class="paragraph" para="7">
                    <span class="paranum">7</span>
                    <div class="gatha"> ‘‘දෙසෙන්තො විරජං ධම්මං, දිට්ඨො මෙ ලොකනායකො;</div>
                    <div class="gathalast">තස්ස ධම්මං සුණිත්වාන, පබ්බජිං අනගාරියං.</div>
                </div>
                <div class="paragraph" para="8">
                    <span class="paranum">8</span>
                    <div class="gatha"> ‘‘පබ්බජිත්වා තදාපාහං, චින්තෙන්තො ජිනසාසනං;</div>
                    <div class="gathalast">එකකොව වනෙ රම්මෙ, වසිං සංසග්ගපීළිතො.</div>
                </div>
                <div class="paragraph" para="9">
                    <span class="paranum">9</span>
                    <div class="gatha"> ‘‘සක්කායවූපකාසො 
                        <pb ed="T" n="2.0045"/> මෙ, හෙතුභූතො මමාභවී 
                        <span class="note">(මමාගමී (ස්‍යා. පී.))</span>;
                    </div>
                    <div class="gathalast">මනසො වූපකාසස්ස, සංසග්ගභයදස්සිනො.</div>
                </div>
                <div class="paragraph" para="10">
                    <span class="paranum">10</span>
                    <div class="gatha"> ‘‘කිලෙසා 
                        <pb ed="P" n="2.0391"/> ඣාපිතා මය්හං, භවා සබ්බෙ සමූහතා;
                    </div>
                    <div class="gathalast">නාගොව බන්ධනං ඡෙත්වා, විහරාමි අනාසවො.</div>
                </div>
                <div class="paragraph" para="11">
                    <span class="paranum">11</span>
                    <div class="gatha"> ‘‘ස්වාගතං වත මෙ ආසි, මම බුද්ධස්ස සන්තිකෙ;</div>
                    <div class="gathalast">තිස්සො විජ්ජා අනුප්පත්තා, කතං බුද්ධස්ස සාසනං.</div>
                </div>
                <div class="paragraph" para="12">
                    <span class="paranum">12</span>
                    <div class="gatha"> ‘‘පටිසම්භිදා 
                        <pb ed="M" n="2.0017"/>
                        <pb ed="V" n="2.0017"/> චතස්සො, විමොක්ඛාපි ච අට්ඨිමෙ;
                    </div>
                    <div class="gathalast">ඡළභිඤ්ඤා සච්ඡිකතා, කතං බුද්ධස්ස සාසනං’’.</div>
                </div>
                <div class="centre ending">ඉත්ථං සුදං ආයස්මා එකවිහාරිකො ථෙරො ඉමා ගාථායො අභාසිත්ථාති.</div>
            </div>
            <div class="centre ct_sutta ending">එකවිහාරිකත්ථෙරස්සාපදානං පඨමං.</div>
        </div>
        <div class="subhead ct_sutta" node-id="47112">
            <span class="subhead ct_sutta">2. එකසඞ්ඛියත්ථෙරඅපදානං</span>
            <div class="subhead-contents">
                <div class="paragraph" para="13">
                    <span class="paranum">13</span>
                    <div class="gatha"> ‘‘විපස්සිනො භගවතො, මහාබොධිමහො අහු;</div>
                    <div class="gathalast">මහාජනා සමාගම්ම, පූජෙන්ති බොධිමුත්තමං.</div>
                </div>
                <div class="paragraph" para="14">
                    <span class="paranum">14</span>
                    <div class="gatha"> ‘‘න හි තං ඔරකං මඤ්ඤෙ, බුද්ධසෙට්ඨො භවිස්සති;</div>
                    <div class="gathalast">යස්සායං ඊදිසා බොධි, පූජනීයා 
                        <span class="note">(ඊදිසො බොධි, පූජනීයො (ස්‍යා.))</span> ච සත්ථුනො.
                    </div>
                </div>
                <div class="paragraph" para="15">
                    <span class="paranum">15</span>
                    <div class="gatha"> ‘‘තතො සඞ්ඛං ගහෙත්වාන, බොධිරුක්ඛමුපට්ඨහිං;</div>
                    <div class="gathalast">ධමන්තො සබ්බදිවසං, අවන්දිං බොධිමුත්තමං.</div>
                </div>
                <div class="paragraph" para="16">
                    <span class="paranum">16</span>
                    <div class="gatha"> ‘‘ආසන්නකෙ කතං කම්මං, දෙවලොකං අපාපයී;</div>
                    <div class="gathalast">කළෙවරං මෙ පතිතං, දෙවලොකෙ රමාමහං.</div>
                </div>
                <div class="paragraph" para="17">
                    <span class="paranum">17</span>
                    <div class="gatha"> ‘‘සට්ඨිතුරියසහස්සානි 
                        <pb ed="T" n="2.0046"/>, තුට්ඨහට්ඨා පමොදිතා;
                    </div>
                    <div class="gathalast">සදා මය්හං උපට්ඨන්ති, බුද්ධපූජායිදං ඵලං.</div>
                </div>
                <div class="paragraph" para="18">
                    <span class="paranum">18</span>
                    <div class="gatha"> ‘‘එකසත්තතිමෙ කප්පෙ, රාජා ආසිං සුදස්සනො;</div>
                    <div class="gathalast">චාතුරන්තො විජිතාවී, ජම්බුමණ්ඩස්ස ඉස්සරො.</div>
                </div>
                <div class="paragraph" para="19">
                    <span class="paranum">19</span>
                    <div class="gatha"> ‘‘තතො අඞ්ගසතා තුරියා 
                        <span class="note">(තූරා (සී. ක.))</span>, පරිවාරෙන්ති මං සදා;
                    </div>
                    <div class="gathalast">අනුභොමි සකං කම්මං, උපට්ඨානස්සිදං ඵලං.</div>
                </div>
                <div class="paragraph" para="20">
                    <span class="paranum">20</span>
                    <div class="gatha"> ‘‘යං යං යොනුපපජ්ජාමි, දෙවත්තං අථ මානුසං;</div>
                    <div class="gathalast">මාතුකුච්ඡිගතස්සාපි, වජ්ජරෙ භෙරියො සදා.</div>
                </div>
                <div class="paragraph" para="21">
                    <span class="paranum">21</span>
                    <div class="gatha"> ‘‘උපට්ඨිත්වාන සම්බුද්ධං, අනුභුත්වාන සම්පදා;</div>
                    <div class="gathalast">සිවං සුඛෙමං අමතං, පත්තොම්හි අචලං පදං.</div>
                </div>
                <div class="paragraph" para="22">
                    <span class="paranum">22</span>
                    <div class="gatha"> ‘‘එකනවුතිතො කප්පෙ, යං කම්මමකරිං තදා;</div>
                    <div class="gathalast">දුග්ගතිං නාභිජානාමි, බුද්ධපූජායිදං ඵලං.</div>
                </div>
                <div class="paragraph" para="23">
                    <span class="paranum">23</span>
                    <div class="gatha"> ‘‘කිලෙසා 
                        <pb ed="V" n="2.0018"/> ඣාපිතා මය්හං...පෙ.... විහරාමි අනාසවො.
                    </div>
                </div>
                <div class="paragraph" para="24">
                    <span class="paranum">24</span>
                    <div class="gatha"> ‘‘ස්වාගතං 
                        <pb ed="M" n="2.0018"/> වත මෙ ආසි...පෙ.... කතං බුද්ධස්ස සාසනං.
                    </div>
                </div>
                <div class="paragraph" para="25">
                    <span class="paranum">25</span>
                    <div class="gatha"> ‘‘පටිසම්භිදා චතස්සො...පෙ.... කතං බුද්ධස්ස සාසනං’’.</div>
                </div>
                <div class="centre ending">ඉත්ථං සුදං ආයස්මා එකසඞ්ඛියො ථෙරො ඉමා ගාථායො අභාසිත්ථාති.</div>
            </div>
            <div class="centre ct_sutta ending">එකසඞ්ඛියත්ථෙරස්සාපදානං දුතියං.</div>
        </div>
        <div class="subhead ct_sutta" node-id="47113">
            <span class="subhead ct_sutta">3. පාටිහීරසඤ්ඤකත්ථෙරඅපදානං</span>
            <div class="subhead-contents">
                <div class="paragraph" para="26">
                    <span class="paranum">26</span>
                    <div class="gatha"> ‘‘පදුමුත්තරො 
                        <pb ed="T" n="2.0047"/>
                        <pb ed="P" n="2.0392"/> නාම ජිනො, ආහුතීනං පටිග්ගහො;
                    </div>
                    <div class="gathalast">වසීසතසහස්සෙහි, නගරං පාවිසී තදා.</div>
                </div>
                <div class="paragraph" para="27">
                    <span class="paranum">27</span>
                    <div class="gatha"> ‘‘නගරං පවිසන්තස්ස, උපසන්තස්ස තාදිනො;</div>
                    <div class="gathalast">රතනානි පජ්ජොතිංසු 
                        <span class="note">(පනාදිංසු (පී.))</span>, නිග්ඝොසො ආසි තාවදෙ.
                    </div>
                </div>
                <div class="paragraph" para="28">
                    <span class="paranum">28</span>
                    <div class="gatha"> ‘‘බුද්ධස්ස ආනුභාවෙන, භෙරී වජ්ජුමඝට්ටිතා;</div>
                    <div class="gathalast">සයං වීණා පවජ්ජන්ති, බුද්ධස්ස පවිසතො පුරං.</div>
                </div>
                <div class="paragraph" para="29">
                    <span class="paranum">29</span>
                    <div class="gatha"> ‘‘බුද්ධසෙට්ඨං නමස්සාමි 
                        <span class="note">(න පස්සාමි (සී.))</span>, පදුමුත්තරමහාමුනිං;
                    </div>
                    <div class="gathalast">පාටිහීරඤ්ච පස්සිත්වා, තත්ථ චිත්තං පසාදයිං.</div>
                </div>
                <div class="paragraph" para="30">
                    <span class="paranum">30</span>
                    <div class="gatha"> ‘‘අහො බුද්ධො අහො ධම්මො, අහො නො සත්ථුසම්පදා;</div>
                    <div class="gathalast">අචෙතනාපි තුරියා, සයමෙව පවජ්ජරෙ.</div>
                </div>
                <div class="paragraph" para="31">
                    <span class="paranum">31</span>
                    <div class="gatha"> ‘‘සතසහස්සිතො කප්පෙ, යං සඤ්ඤමලභිං තදා;</div>
                    <div class="gathalast">දුග්ගතිං නාභිජානාමි, බුද්ධසඤ්ඤායිදං ඵලං.</div>
                </div>
                <div class="paragraph" para="32">
                    <span class="paranum">32</span>
                    <div class="gatha"> ‘‘කිලෙසා ඣාපිතා මය්හං...පෙ.... විහරාමි අනාසවො.</div>
                </div>
                <div class="paragraph" para="33">
                    <span class="paranum">33</span>
                    <div class="gatha"> ‘‘ස්වාගතං වත මෙ ආසි...පෙ.... කතං බුද්ධස්ස සාසනං.</div>
                </div>
                <div class="paragraph" para="34">
                    <span class="paranum">34</span>
                    <div class="gatha"> ‘‘පටිසම්භිදා චතස්සො...පෙ.... කතං බුද්ධස්ස සාසනං’’.</div>
                </div>
                <div class="centre ending">ඉත්ථං 
                    <pb ed="T" n="2.0048"/> සුදං ආයස්මා පාටිහීරසඤ්ඤකො ථෙරො ඉමා ගාථායො අභාසිත්ථාති.
                </div>
            </div>
            <div class="centre ct_sutta ending">පාටිහීරසඤ්ඤකත්ථෙරස්සාපදානං තතියං.</div>
        </div>
        <div class="subhead ct_sutta" node-id="47114">
            <span class="subhead ct_sutta">4. ඤාණත්ථවිකත්ථෙරඅපදානං</span>
            <div class="subhead-contents">
                <div class="paragraph" para="35">
                    <span class="paranum">35</span>
                    <div class="gatha"> ‘‘කණිකාරංව 
                        <pb ed="M" n="2.0019"/>
                        <pb ed="V" n="2.0019"/> ජලිතං, දීපරුක්ඛංව ජොතිතං;
                    </div>
                    <div class="gathalast">කඤ්චනංව විරොචන්තං, අද්දසං ද්විපදුත්තමං.</div>
                </div>
                <div class="paragraph" para="36">
                    <span class="paranum">36</span>
                    <div class="gatha"> ‘‘කමණ්ඩලුං ඨපෙත්වාන, වාකචීරඤ්ච කුණ්ඩිකං;</div>
                    <div class="gathalast">එකංසං අජිනං කත්වා, බුද්ධසෙට්ඨං ථවිං අහං.</div>
                </div>
                <div class="paragraph" para="37">
                    <span class="paranum">37</span>
                    <div class="gatha"> ‘‘‘තමන්ධකාරං විධමං, මොහජාලසමාකුලං;</div>
                    <div class="gathalast">ඤාණාලොකං දස්සෙත්වාන, නිත්තිණ්ණොසි මහාමුනි.</div>
                </div>
                <div class="paragraph" para="38">
                    <span class="paranum">38</span>
                    <div class="gatha"> ‘‘‘සමුද්ධරසිමං ලොකං, සබ්බාවන්තමනුත්තරං;</div>
                    <div class="gathalast">ඤාණෙ තෙ උපමා නත්ථි, යාවතාජගතොගති 
                        <span class="note">(යාවතා ච ගතොගති (පී. ක.))</span>.
                    </div>
                </div>
                <div class="paragraph" para="39">
                    <span class="paranum">39</span>
                    <div class="gatha"> ‘‘‘තෙන ඤාණෙන සබ්බඤ්ඤූ, ඉති බුද්ධො පවුච්චති;</div>
                    <div class="gathalast">වන්දාමි තං මහාවීරං, සබ්බඤ්ඤුතමනාවරං’.</div>
                </div>
                <div class="paragraph" para="40">
                    <span class="paranum">40</span>
                    <div class="gatha"> ‘‘සතසහස්සිතො 
                        <pb ed="P" n="2.0393"/> කප්පෙ, බුද්ධසෙට්ඨං ථවිං අහං;
                    </div>
                    <div class="gathalast">දුග්ගතිං නාභිජානාමි, ඤාණත්ථවායිදං ඵලං;</div>
                </div>
                <div class="paragraph" para="41">
                    <span class="paranum">41</span>
                    <div class="gatha"> ‘‘කිලෙසා ඣාපිතා මය්හං...පෙ.... විහරාමි අනාසවො;</div>
                </div>
                <div class="paragraph" para="42">
                    <span class="paranum">42</span>
                    <div class="gatha"> ‘‘ස්වාගතං වත මෙ ආසි...පෙ.... කතං බුද්ධස්ස සාසනං.</div>
                </div>
                <div class="paragraph" para="43">
                    <span class="paranum">43</span>
                    <div class="gatha"> ‘‘පටිසම්භිදා 
                        <pb ed="T" n="2.0049"/> චතස්සො...පෙ.... කතං බුද්ධස්ස සාසනං’’.
                    </div>
                </div>
                <div class="centre ending">ඉත්ථං සුදං ආයස්මා ඤාණත්ථවිකො ථෙරො ඉමා ගාථායො අභාසිත්ථාති.</div>
            </div>
            <div class="centre ct_sutta ending">ඤාණත්ථවිකත්ථෙරස්සාපදානං චතුත්ථං.</div>
        </div>
        <div class="subhead ct_sutta" node-id="47115">
            <span class="subhead ct_sutta">5. උච්ඡුඛණ්ඩිකත්ථෙරඅපදානං</span>
            <div class="subhead-contents">
                <div class="paragraph" para="44">
                    <span class="paranum">44</span>
                    <div class="gatha"> ‘‘නගරෙ බන්ධුමතියා, ද්වාරපාලො අහොසහං;</div>
                    <div class="gathalast">අද්දසං විරජං බුද්ධං, සබ්බධම්මාන පාරගුං.</div>
                </div>
                <div class="paragraph" para="45">
                    <span class="paranum">45</span>
                    <div class="gatha"> ‘‘උච්ඡුඛණ්ඩිකමාදාය, බුද්ධසෙට්ඨස්සදාසහං;</div>
                    <div class="gathalast">පසන්නචිත්තො සුමනො, විපස්සිස්ස මහෙසිනො.</div>
                </div>
                <div class="paragraph" para="46">
                    <span class="paranum">46</span>
                    <div class="gatha"> ‘‘එකනවුතිතො 
                        <pb ed="M" n="2.0020"/>
                        <pb ed="V" n="2.0020"/> කප්පෙ, යං උච්ඡුමදදිං තදා;
                    </div>
                    <div class="gathalast">දුග්ගතිං නාභිජානාමි, උච්ඡුඛණ්ඩස්සිදං ඵලං.</div>
                </div>
                <div class="paragraph" para="47">
                    <span class="paranum">47</span>
                    <div class="gatha"> ‘‘කිලෙසා ඣාපිතා මය්හං...පෙ.... විහරාමි අනාසවො.</div>
                </div>
                <div class="paragraph" para="48">
                    <span class="paranum">48</span>
                    <div class="gatha"> ‘‘ස්වාගතං වත මෙ ආසි...පෙ.... කතං බුද්ධස්ස සාසනං.</div>
                </div>
                <div class="paragraph" para="49">
                    <span class="paranum">49</span>
                    <div class="gatha"> ‘‘පටිසම්භිදා චතස්සො...පෙ.... කතං බුද්ධස්ස සාසනං’’.</div>
                </div>
                <div class="centre ending">ඉත්ථං සුදං ආයස්මා උච්ඡුඛණ්ඩිකො ථෙරො ඉමා ගාථායො අභාසිත්ථාති.</div>
            </div>
            <div class="centre ct_sutta ending">උච්ඡුඛණ්ඩිකත්ථෙරස්සාපදානං පඤ්චමං.</div>
        </div>
        <div class="subhead ct_sutta" node-id="47116">
            <span class="subhead ct_sutta">6. කළම්බදායකත්ථෙරඅපදානං</span>
            <div class="subhead-contents">
                <div class="paragraph" para="50">
                    <span class="paranum">50</span>
                    <div class="gatha"> ‘‘රොමසො 
                        <pb ed="T" n="2.0050"/> නාම සම්බුද්ධො, වසතෙ පබ්බතන්තරෙ;
                    </div>
                    <div class="gathalast">කළම්බං තස්ස පාදාසිං, පසන්නො සෙහි පාණිභි.</div>
                </div>
                <div class="paragraph" para="51">
                    <span class="paranum">51</span>
                    <div class="gatha"> ‘‘චතුන්නවුතිතො කප්පෙ, යං දානමදදිං තදා;</div>
                    <div class="gathalast">දුග්ගතිං නාභිජානාමි, කළම්බස්ස ඉදං ඵලං.</div>
                </div>
                <div class="paragraph" para="52">
                    <span class="paranum">52</span>
                    <div class="gatha"> ‘‘කිලෙසා ඣාපිතා මය්හං...පෙ.... විහරාමි අනාසවො.</div>
                </div>
                <div class="paragraph" para="53">
                    <span class="paranum">53</span>
                    <div class="gatha"> ‘‘ස්වාගතං වත මෙ ආසි...පෙ.... කතං බුද්ධස්ස සාසනං.</div>
                </div>
                <div class="paragraph" para="54">
                    <span class="paranum">54</span>
                    <div class="gatha"> ‘‘පටිසම්භිදා චතස්සො...පෙ.... කතං බුද්ධස්ස සාසනං’’.</div>
                </div>
                <div class="centre ending">ඉත්ථං සුදං ආයස්මා කළම්බදායකො ථෙරො ඉමා ගාථායො අභාසිත්ථාති.</div>
            </div>
            <div class="centre ct_sutta ending">කළම්බදායකත්ථෙරස්සාපදානං ඡට්ඨං.</div>
        </div>
        <div class="subhead ct_sutta" node-id="47117">
            <span class="subhead ct_sutta">7. අම්බාටකදායකත්ථෙරඅපදානං</span>
            <div class="subhead-contents">
                <div class="paragraph" para="55">
                    <span class="paranum">55</span>
                    <div class="gatha"> ‘‘විපිනෙ 
                        <pb ed="P" n="2.0394"/> බුද්ධං දිස්වාන, සයම්භුං අපරාජිතං;
                    </div>
                    <div class="gathalast">අම්බාටකං ගහෙත්වාන, සයම්භුස්ස අදාසහං.</div>
                </div>
                <div class="paragraph" para="56">
                    <span class="paranum">56</span>
                    <div class="gatha"> ‘‘එකතිංසෙ 
                        <pb ed="V" n="2.0021"/> ඉතො කප්පෙ, යං ඵලමදදිං තදා;
                    </div>
                    <div class="gathalast">දුග්ගතිං නාභිජානාමි, ඵලදානස්සිදං ඵලං.</div>
                </div>
                <div class="paragraph" para="57">
                    <span class="paranum">57</span>
                    <div class="gatha"> ‘‘කිලෙසා 
                        <pb ed="T" n="2.0051"/>
                        <pb ed="M" n="2.0021"/> ඣාපිතා මය්හං...පෙ.... විහරාමි අනාසවො.
                    </div>
                </div>
                <div class="paragraph" para="58">
                    <span class="paranum">58</span>
                    <div class="gatha"> ‘‘ස්වාගතං වත මෙ ආසි...පෙ.... කතං බුද්ධස්ස සාසනං.</div>
                </div>
                <div class="paragraph" para="59">
                    <span class="paranum">59</span>
                    <div class="gatha"> ‘‘පටිසම්භිදා චතස්සො...පෙ.... කතං බුද්ධස්ස සාසනං’’.</div>
                </div>
                <div class="centre ending">ඉත්ථං සුදං ආයස්මා අම්බාටකදායකො ථෙරො ඉමා ගාථායො අභාසිත්ථාති.</div>
            </div>
            <div class="centre ct_sutta ending">අම්බාටකදායකත්ථෙරස්සාපදානං සත්තමං.</div>
        </div>
        <div class="subhead ct_sutta" node-id="47118">
            <span class="subhead ct_sutta">8. හරීතකදායකත්ථෙරඅපදානං</span>
            <div class="subhead-contents">
                <div class="paragraph" para="60">
                    <span class="paranum">60</span>
                    <div class="gatha"> ‘‘හරීතකං ආමලකං, අම්බජම්බුවිභීතකං;</div>
                    <div class="gathalast">කොලං භල්ලාතකං බිල්ලං, සයමෙව හරාමහං.</div>
                </div>
                <div class="paragraph" para="61">
                    <span class="paranum">61</span>
                    <div class="gatha"> ‘‘දිස්වාන පබ්භාරගතං, ඣායිං ඣානරතං මුනිං;</div>
                    <div class="gathalast">ආබාධෙන ආපීළෙන්තං, අදුතීයං මහාමුනිං.</div>
                </div>
                <div class="paragraph" para="62">
                    <span class="paranum">62</span>
                    <div class="gatha"> ‘‘හරීතකං ගහෙත්වාන, සයම්භුස්ස අදාසහං;</div>
                    <div class="gathalast">ඛාදමත්තම්හි භෙසජ්ජෙ, බ්‍යාධි පස්සම්භි 
                        <span class="note">(පස්සද්ධි (ක.))</span> තාවදෙ.
                    </div>
                </div>
                <div class="paragraph" para="63">
                    <span class="paranum">63</span>
                    <div class="gatha"> ‘‘පහීනදරථො බුද්ධො, අනුමොදමකාසි මෙ;</div>
                    <div class="gathalast">‘භෙසජ්ජදානෙනිමිනා, බ්‍යාධිවූපසමෙන ච.</div>
                </div>
                <div class="paragraph" para="64">
                    <span class="paranum">64</span>
                    <div class="gatha"> ‘‘‘දෙවභූතො මනුස්සො වා, ජාතො වා අඤ්ඤජාතියා;</div>
                    <div class="gathalast">සබ්බත්ථ සුඛිතො හොතු, මා ච තෙ බ්‍යාධිමාගමා’.</div>
                </div>
                <div class="paragraph" para="65">
                    <span class="paranum">65</span>
                    <div class="gatha"> ‘‘ඉදං 
                        <pb ed="T" n="2.0052"/> වත්වාන සම්බුද්ධො, සයම්භූ අපරාජිතො;
                    </div>
                    <div class="gathalast">නභං අබ්භුග්ගමී ධීරො, හංසරාජාව අම්බරෙ.</div>
                </div>
                <div class="paragraph" para="66">
                    <span class="paranum">66</span>
                    <div class="gatha"> ‘‘යතො හරීතකං දින්නං, සයම්භුස්ස මහෙසිනො;</div>
                    <div class="gathalast">ඉමං ජාතිං උපාදාය, බ්‍යාධි මෙ නුපපජ්ජථ.</div>
                </div>
                <div class="paragraph" para="67">
                    <span class="paranum">67</span>
                    <div class="gatha"> ‘‘අයං පච්ඡිමකො මය්හං, චරිමො වත්තතෙ භවො;</div>
                    <div class="gathalast">තිස්සො විජ්ජා සච්ඡිකතා, කතං බුද්ධස්ස සාසනං.</div>
                </div>
                <div class="paragraph" para="68">
                    <span class="paranum">68</span>
                    <div class="gatha"> ‘‘චතුන්නවුතිතො කප්පෙ, භෙසජ්ජමදදිං තදා;</div>
                    <div class="gathalast">දුග්ගතිං නාභිජානාමි, භෙසජ්ජස්ස ඉදං ඵලං.</div>
                </div>
                <div class="paragraph" para="69">
                    <span class="paranum">69</span>
                    <div class="gatha"> ‘‘කිලෙසා 
                        <pb ed="M" n="2.0022"/>
                        <pb ed="V" n="2.0022"/>
                        <pb ed="P" n="2.0395"/> ඣාපිතා මය්හං...පෙ.... විහරාමි අනාසවො.
                    </div>
                </div>
                <div class="paragraph" para="70">
                    <span class="paranum">70</span>
                    <div class="gatha"> ‘‘ස්වාගතං වත මෙ ආසි...පෙ.... කතං බුද්ධස්ස සාසනං.</div>
                </div>
                <div class="paragraph" para="71">
                    <span class="paranum">71</span>
                    <div class="gatha"> ‘‘පටිසම්භිදා චතස්සො...පෙ.... කතං බුද්ධස්ස සාසනං’’.</div>
                </div>
                <div class="centre ending">ඉත්ථං සුදං ආයස්මා හරීතකදායකො ථෙරො ඉමා ගාථායො අභාසිත්ථාති.</div>
            </div>
            <div class="centre ct_sutta ending">හරීතකදායකත්ථෙරස්සාපදානං අට්ඨමං.</div>
        </div>
        <div class="subhead ct_sutta" node-id="47119">
            <span class="subhead ct_sutta">9. අම්බපිණ්ඩියත්ථෙරඅපදානං</span>
            <div class="subhead-contents">
                <div class="paragraph" para="72">
                    <span class="paranum">72</span>
                    <div class="gatha"> ‘‘හත්ථිරාජා තදා ආසිං, ඊසාදන්තො උරුළ්හවා;</div>
                    <div class="gathalast">විචරන්තො බ්‍රහාරඤ්ඤෙ, අද්දසං ලොකනායකං.</div>
                </div>
                <div class="paragraph" para="73">
                    <span class="paranum">73</span>
                    <div class="gatha"> ‘‘අම්බපිණ්ඩං 
                        <pb ed="T" n="2.0053"/> ගහෙත්වාන, අදාසිං සත්ථුනො අහං;
                    </div>
                    <div class="gathalast">පටිග්ගණ්හි මහාවීරො, සිද්ධත්ථො ලොකනායකො.</div>
                </div>
                <div class="paragraph" para="74">
                    <span class="paranum">74</span>
                    <div class="gatha"> ‘‘මම නිජ්ඣායමානස්ස, පරිභුඤ්ජි තදා ජිනො;</div>
                    <div class="gathalast">තත්ථ චිත්තං පසාදෙත්වා, තුසිතං උපපජ්ජහං.</div>
                </div>
                <div class="paragraph" para="75">
                    <span class="paranum">75</span>
                    <div class="gatha"> ‘‘තතො අහං චවිත්වාන, චක්කවත්තී අහොසහං;</div>
                    <div class="gathalast">එතෙනෙව උපායෙන, අනුභුත්වාන සම්පදා.</div>
                </div>
                <div class="paragraph" para="76">
                    <span class="paranum">76</span>
                    <div class="gatha"> ‘‘පධානපහිතත්තොහං, උපසන්තො නිරූපධි;</div>
                    <div class="gathalast">සබ්බාසවෙ පරිඤ්ඤාය, විහරාමි අනාසවො.</div>
                </div>
                <div class="paragraph" para="77">
                    <span class="paranum">77</span>
                    <div class="gatha"> ‘‘චතුන්නවුතිතො කප්පෙ, යං ඵලමදදිං තදා;</div>
                    <div class="gathalast">දුග්ගතිං නාභිජානාමි, ඵලදානස්සිදං ඵලං.</div>
                </div>
                <div class="paragraph" para="78">
                    <span class="paranum">78</span>
                    <div class="gatha"> ‘‘කිලෙසා ඣාපිතා මය්හං...පෙ.... විහරාමි අනාසවො.</div>
                </div>
                <div class="paragraph" para="79">
                    <span class="paranum">79</span>
                    <div class="gatha"> ‘‘ස්වාගතං වත මෙ ආසි...පෙ.... කතං බුද්ධස්ස සාසනං.</div>
                </div>
                <div class="paragraph" para="80">
                    <span class="paranum">80</span>
                    <div class="gatha"> ‘‘පටිසම්භිදා චතස්සො...පෙ.... කතං බුද්ධස්ස සාසනං’’.</div>
                </div>
                <div class="centre ending">ඉත්ථං සුදං ආයස්මා අම්බපිණ්ඩියො ථෙරො ඉමා ගාථායො අභාසිත්ථාති.</div>
            </div>
            <div class="centre ct_sutta ending">අම්බපිණ්ඩියත්ථෙරස්සාපදානං නවමං.</div>
        </div>
        <div class="subhead ct_sutta" node-id="471110">
            <span class="subhead ct_sutta">10. අම්බඵලියත්ථෙරඅපදානං</span>
            <div class="subhead-contents">
                <div class="paragraph" para="81">
                    <span class="paranum">81</span>
                    <div class="gatha"> ‘‘පදුමුත්තරබුද්ධස්ස 
                        <pb ed="T" n="2.0054"/>
                        <pb ed="M" n="2.0023"/>
                        <pb ed="V" n="2.0023"/>, ලොකජෙට්ඨස්ස තාදිනො;
                    </div>
                    <div class="gathalast">පිණ්ඩාය විචරන්තස්ස, ධාරතො උත්තමං යසං.</div>
                </div>
                <div class="paragraph" para="82">
                    <span class="paranum">82</span>
                    <div class="gatha"> ‘‘අග්ගඵලං ගහෙත්වාන, විප්පසන්නෙන චෙතසා;</div>
                    <div class="gathalast">දක්ඛිණෙය්‍යස්ස වීරස්ස, අදාසිං සත්ථුනො අහං.</div>
                </div>
                <div class="paragraph" para="83">
                    <span class="paranum">83</span>
                    <div class="gatha"> ‘‘තෙන කම්මෙන ද්විපදින්ද 
                        <span class="note">(දිපදින්ද (සී. ස්‍යා. පී.))</span>, ලොකජෙට්ඨ නරාසභ;
                    </div>
                    <div class="gathalast">පත්තොම්හි අචලං ඨානං, හිත්වා ජයපරාජයං.</div>
                </div>
                <div class="paragraph" para="84">
                    <span class="paranum">84</span>
                    <div class="gatha"> ‘‘සතසහස්සිතො 
                        <pb ed="P" n="2.0396"/> කප්පෙ, යං දානමදදිං තදා;
                    </div>
                    <div class="gathalast">දුග්ගතිං නාභිජානාමි, අග්ගදානස්සිදං ඵලං.</div>
                </div>
                <div class="paragraph" para="85">
                    <span class="paranum">85</span>
                    <div class="gatha"> ‘‘කිලෙසා ඣාපිතා මය්හං...පෙ.... විහරාමි අනාසවො.</div>
                </div>
                <div class="paragraph" para="86">
                    <span class="paranum">86</span>
                    <div class="gatha"> ‘‘ස්වාගතං වත මෙ ආසි...පෙ.... කතං බුද්ධස්ස සාසනං.</div>
                </div>
                <div class="paragraph" para="87">
                    <span class="paranum">87</span>
                    <div class="gatha"> ‘‘පටිසම්භිදා චතස්සො...පෙ.... කතං බුද්ධස්ස සාසනං’’.</div>
                    <div class="gathalast">ඉත්ථං සුදං ආයස්මා අම්බඵලියො ථෙරො ඉමා ගාථායො අභාසිත්ථාති;</div>
                </div>
            </div>
            <div class="centre ct_sutta ending">අම්බඵලියත්ථෙරස්සාපදානං දසමං.</div>
        </div>
    </div>
    <div class="centre ct_vagga ending">එකවිහාරිවග්ගො චතුචත්තාලීසමො.</div>
    <div class="paragraph udana" para="udana">
        <div class="bodytext ct_vagga">තස්සුද්දානං -</div>
        <div class="ct_vagga gatha">ථෙරො 
            <pb ed="T" n="2.0055"/> එකවිහාරී ච, සඞ්ඛියො පාටිහීරකො;
        </div>
        <div class="gathalast ct_vagga">ථවිකො උච්ඡුඛණ්ඩී ච, කළම්බඅම්බාටකදො.</div>
        <div class="ct_vagga gatha">හරීතකම්බපිණ්ඩී ච, අම්බදො දසමො යති;</div>
        <div class="gathalast ct_vagga">ඡළසීති ච ගාථායො, ගණිතායො විභාවිභි.</div>
    </div>
</div>