<div class="chapter ct_vagga" node-id="48130">
    <span class="chapter ct_vagga">4. කොණ්ඩඤ්ඤබුද්ධවංසො</span>
    <div class="chapter-contents">
        <div class="paragraph" para="1">
            <span class="paranum">1</span>
            <div class="gatha"> දීපඞ්කරස්ස 
                <pb ed="T" n="2.0439"/>
                <pb ed="P" n="0.0019"/> අපරෙන, කොණ්ඩඤ්ඤො නාම නායකො;
            </div>
            <div class="gathalast">අනන්තතෙජො අමිතයසො, අප්පමෙය්‍යො දුරාසදො.</div>
        </div>
        <div class="paragraph" para="2">
            <span class="paranum">2</span>
            <div class="gatha"> ධරණූපමො 
                <pb ed="V" n="2.0310"/> ඛමනෙන, සීලෙන සාගරූපමො;
            </div>
            <div class="gathalast">සමාධිනා මෙරූපමො, ඤාණෙන ගගනූපමො.</div>
        </div>
        <div class="paragraph" para="3">
            <span class="paranum">3</span>
            <div class="gatha"> ඉන්ද්‍රියබලබොජ්ඣඞ්ග-මග්ගසච්චප්පකාසනං;</div>
            <div class="gathalast">පකාසෙසි සදා බුද්ධො, හිතාය සබ්බපාණිනං.</div>
        </div>
        <div class="paragraph" para="4">
            <span class="paranum">4</span>
            <div class="gatha"> ධම්මචක්කං 
                <pb ed="M" n="2.0324"/> පවත්තෙන්තෙ, කොණ්ඩඤ්ඤෙ ලොකනායකෙ;
            </div>
            <div class="gathalast">කොටිසතසහස්සානං, පඨමාභිසමයො අහු.</div>
        </div>
        <div class="paragraph" para="5">
            <span class="paranum">5</span>
            <div class="gatha"> තතො පරම්පි දෙසෙන්තෙ, නරමරූනං සමාගමෙ;</div>
            <div class="gathalast">නවුතිකොටිසහස්සානං, දුතියාභිසමයො අහු.</div>
        </div>
        <div class="paragraph" para="6">
            <span class="paranum">6</span>
            <div class="gatha"> තිත්ථියෙ අභිමද්දන්තො, යදා ධම්මමදෙසයි;</div>
            <div class="gathalast">අසීතිකොටිසහස්සානං, තතියාභිසමයො අහු.</div>
        </div>
        <div class="paragraph" para="7">
            <span class="paranum">7</span>
            <div class="gatha"> සන්නිපාතා තයො ආසුං, කොණ්ඩඤ්ඤස්ස මහෙසිනො;</div>
            <div class="gathalast">ඛීණාසවානං විමලානං, සන්තචිත්තාන තාදිනං.</div>
        </div>
        <div class="paragraph" para="8">
            <span class="paranum">8</span>
            <div class="gatha"> කොටිසතසහස්සානං, පඨමො ආසි සමාගමො;</div>
            <div class="gathalast">දුතියො කොටිසහස්සානං, තතියො නවුතිකොටිනං.</div>
        </div>
        <div class="paragraph" para="9">
            <span class="paranum">9</span>
            <div class="gatha"> අහං තෙන සමයෙන, විජිතාවී නාම ඛත්තියො;</div>
            <div class="gathalast">සමුද්දං අන්තමන්තෙන, ඉස්සරියං වත්තයාමහං.</div>
        </div>
        <div class="paragraph" para="10">
            <span class="paranum">10</span>
            <div class="gatha"> කොටිසතසහස්සානං 
                <pb ed="T" n="2.0440"/>, විමලානං මහෙසිනං;
            </div>
            <div class="gathalast">සහ ලොකග්ගනාථෙන, පරමන්නෙන තප්පයිං.</div>
        </div>
        <div class="paragraph" para="11">
            <span class="paranum">11</span>
            <div class="gatha"> සොපි මං බුද්ධො බ්‍යාකාසි, කොණ්ඩඤ්ඤො ලොකනායකො;</div>
            <div class="gathalast">‘‘අපරිමෙය්‍යිතො කප්පෙ, බුද්ධො ලොකෙ භවිස්සති.</div>
        </div>
        <div class="paragraph" para="12">
            <span class="paranum">12</span>
            <div class="gatha"> ‘‘පධානං පදහිත්වාන, කත්වා දුක්කරකාරිකං;</div>
            <div class="gathalast">අස්සත්ථමූලෙ සම්බුද්ධො, බුජ්ඣිස්සති මහායසො.</div>
        </div>
        <div class="paragraph" para="13">
            <span class="paranum">13</span>
            <div class="gatha"> ‘‘ඉමස්ස ජනිකා මාතා, මායා නාම භවිස්සති;</div>
            <div class="gathalast">පිතා සුද්ධොදනො නාම, අයං හෙස්සති ගොතමො.</div>
        </div>
        <div class="paragraph" para="14">
            <span class="paranum">14</span>
            <div class="gatha"> ‘‘කොලිතො උපතිස්සො ච, අග්ගා හෙස්සන්ති සාවකා;</div>
            <div class="gathalast">ආනන්දො නාමුපට්ඨාකො, උපට්ඨිස්සතිමං ජිනං.</div>
        </div>
        <div class="paragraph" para="15">
            <span class="paranum">15</span>
            <div class="gatha"> ‘‘ඛෙමා උප්පලවණ්ණා ච, අග්ගා හෙස්සන්ති සාවිකා;</div>
            <div class="gathalast">බොධි 
                <pb ed="T" n="2.0441"/> තස්ස භගවතො, අස්සත්ථොති පවුච්චති.
            </div>
        </div>
        <div class="paragraph" para="16">
            <span class="paranum">16</span>
            <div class="gatha"> ‘‘චිත්තො 
                <pb ed="V" n="2.0311"/> ච හත්ථාළවකො, අග්ගා හෙස්සන්තුපට්ඨකා;
            </div>
            <div class="gatha">නන්දමාතා ච උත්තරා, අග්ගා හෙස්සන්තුපට්ඨිකා;</div>
            <div class="gathalast">ආයු 
                <pb ed="P" n="0.0020"/> වස්සසතං තස්ස, ගොතමස්ස යසස්සිනො’’.
            </div>
        </div>
        <div class="paragraph" para="17">
            <span class="paranum">17</span>
            <div class="gatha"> ඉදං සුත්වාන වචනං, අසමස්ස මහෙසිනො;</div>
            <div class="gathalast">ආමොදිතා නරමරූ, බුද්ධබීජං කිර අයං.</div>
        </div>
        <div class="paragraph" para="18">
            <span class="paranum">18</span>
            <div class="gatha"> උක්කුට්ඨිසද්දා 
                <pb ed="M" n="2.0325"/> වත්තන්ති, අප්ඵොටෙන්ති හසන්ති ච;
            </div>
            <div class="gathalast">කතඤ්ජලී නමස්සන්ති, දසසහස්සිදෙවතා.</div>
        </div>
        <div class="paragraph" para="19">
            <span class="paranum">19</span>
            <div class="gatha"> ‘‘යදිමස්ස ලොකනාථස්ස, විරජ්ඣිස්සාම සාසනං;</div>
            <div class="gathalast">අනාගතම්හි අද්ධානෙ, හෙස්සාම සම්මුඛා ඉමං.</div>
        </div>
        <div class="paragraph" para="20">
            <span class="paranum">20</span>
            <div class="gatha"> ‘‘යථා මනුස්සා නදිං තරන්තා, පටිතිත්ථං විරජ්ඣිය;</div>
            <div class="gathalast">හෙට්ඨාතිත්ථෙ ගහෙත්වාන, උත්තරන්ති මහානදිං.</div>
        </div>
        <div class="paragraph" para="21">
            <span class="paranum">21</span>
            <div class="gatha"> ‘‘එවමෙව මයං සබ්බෙ, යදි මුඤ්චාමිමං ජිනං;</div>
            <div class="gathalast">අනාගතම්හි අද්ධානෙ, හෙස්සාම සම්මුඛා ඉමං’’.</div>
        </div>
        <div class="paragraph" para="22">
            <span class="paranum">22</span>
            <div class="gatha"> තස්සාහං වචනං සුත්වා, භිය්‍යො චිත්තං පසාදයිං;</div>
            <div class="gatha">තමෙව අත්ථං සාධෙන්තො, මහාරජ්ජං ජිනෙ අදං;</div>
            <div class="gathalast">මහාරජ්ජං දදිත්වාන 
                <span class="note">(චජිත්වා (සී.))</span>, පබ්බජිං තස්ස සන්තිකෙ.
            </div>
        </div>
        <div class="paragraph" para="23">
            <span class="paranum">23</span>
            <div class="gatha"> සුත්තන්තං විනයඤ්චාපි, නවඞ්ගං සත්ථුසාසනං;</div>
            <div class="gathalast">සබ්බං පරියාපුණිත්වාන, සොභයිං ජිනසාසනං.</div>
        </div>
        <div class="paragraph" para="24">
            <span class="paranum">24</span>
            <div class="gatha"> තත්ථප්පමත්තො 
                <pb ed="T" n="2.0442"/> විහරන්තො, නිසජ්ජට්ඨානචඞ්කමෙ;
            </div>
            <div class="gathalast">අභිඤ්ඤාපාරමිං ගන්ත්වා, බ්‍රහ්මලොකමගඤ්ඡහං.</div>
        </div>
        <div class="paragraph" para="25">
            <span class="paranum">25</span>
            <div class="gatha"> නගරං රම්මවතී නාම, සුනන්දො නාම ඛත්තියො;</div>
            <div class="gathalast">සුජාතා නාම ජනිකා, කොණ්ඩඤ්ඤස්ස මහෙසිනො.</div>
        </div>
        <div class="paragraph" para="26">
            <span class="paranum">26</span>
            <div class="gatha"> දසවස්සසහස්සානි, අගාරං අජ්ඣ සො වසි 
                <span class="note">(අගාරමජ්ඣෙ ච සො වසි (ස්‍යා.))</span>;
            </div>
            <div class="gathalast">සුචි සුරුචි සුභො ච, තයො පාසාදමුත්තමා.</div>
        </div>
        <div class="paragraph" para="27">
            <span class="paranum">27</span>
            <div class="gatha"> තීණිසතසහස්සානි, නාරියො සමලඞ්කතා;</div>
            <div class="gathalast">රුචිදෙවී නාම නාරී, විජිතසෙනො අත්‍රජො.</div>
        </div>
        <div class="paragraph" para="28">
            <span class="paranum">28</span>
            <div class="gatha"> නිමිත්තෙ චතුරො දිස්වා, රථයානෙන නික්ඛමි;</div>
            <div class="gathalast">අනූනදසමාසානි, පධානං පදහී ජිනො.</div>
        </div>
        <div class="paragraph" para="29">
            <span class="paranum">29</span>
            <div class="gatha"> බ්‍රහ්මුනා 
                <pb ed="V" n="2.0312"/> යාචිතො සන්තො, කොණ්ඩඤ්ඤො ද්විපදුත්තමො;
            </div>
            <div class="gathalast">වත්ති චක්කං මහාවීරො, දෙවානං නගරුත්තමෙ.</div>
        </div>
        <div class="paragraph" para="30">
            <span class="paranum">30</span>
            <div class="gatha"> භද්දො චෙව සුභද්දො ච, අහෙසුං අග්ගසාවකා;</div>
            <div class="gathalast">අනුරුද්ධො නාමුපට්ඨාකො, කොණ්ඩඤ්ඤස්ස මහෙසිනො.</div>
        </div>
        <div class="paragraph" para="31">
            <span class="paranum">31</span>
            <div class="gatha"> තිස්සා 
                <pb ed="M" n="2.0326"/> ච උපතිස්සා ච, අහෙසුං අග්ගසාවිකා;
            </div>
            <div class="gathalast">සාලකල්‍යාණිකො බොධි, කොණ්ඩඤ්ඤස්ස මහෙසිනො.</div>
        </div>
        <div class="paragraph" para="32">
            <span class="paranum">32</span>
            <div class="gatha"> සොණො ච උපසොණො ච, අහෙසුං අග්ගුපට්ඨකා;</div>
            <div class="gathalast">නන්දා චෙව සිරීමා ච, අහෙසුං අග්ගුපට්ඨිකා.</div>
        </div>
        <div class="paragraph" para="33">
            <span class="paranum">33</span>
            <div class="gatha"> සො අට්ඨාසීති හත්ථානි, අච්චුග්ගතො මහාමුනි;</div>
            <div class="gathalast">සොභතෙ උළුරාජාව සූරියො මජ්ඣන්හිකෙ යථා.</div>
        </div>
        <div class="paragraph" para="34">
            <span class="paranum">34</span>
            <div class="gatha"> වස්සසතසහස්සානි 
                <pb ed="T" n="2.0443"/>, ආයු විජ්ජති තාවදෙ;
            </div>
            <div class="gathalast">තාවතා තිට්ඨමානො සො, තාරෙසි ජනතං බහුං.</div>
        </div>
        <div class="paragraph" para="35">
            <span class="paranum">35</span>
            <div class="gatha"> ඛීණාසවෙහි 
                <pb ed="P" n="0.0021"/> විමලෙහි, විචිත්තා ආසි මෙදනී;
            </div>
            <div class="gathalast">යථා ගගනමුළූහි, එවං සො උපසොභථ.</div>
        </div>
        <div class="paragraph" para="36">
            <span class="paranum">36</span>
            <div class="gatha"> තෙපි නාගා අප්පමෙය්‍යා, අසඞ්ඛොභා දුරාසදා;</div>
            <div class="gathalast">විජ්ජුපාතංව දස්සෙත්වා, නිබ්බුතා තෙ මහායසා.</div>
        </div>
        <div class="paragraph" para="37">
            <span class="paranum">37</span>
            <div class="gatha"> සා ච අතුලියා ජිනස්ස ඉද්ධි, ඤාණපරිභාවිතො ච සමාධි;</div>
            <div class="gathalast">සබ්බං තමන්තරහිතං, නනු රිත්තා සබ්බසඞ්ඛාරා.</div>
        </div>
        <div class="paragraph" para="38">
            <span class="paranum">38</span>
            <div class="gatha"> කොණ්ඩඤ්ඤො පවරො බුද්ධො, චන්දාරාමම්හි නිබ්බුතො;</div>
            <div class="gathalast">තත්ථෙව චෙතියො චිත්තො, සත්ත යොජනමුස්සිතොති.</div>
        </div>
    </div>
    <div class="centre ct_vagga ending">කොණ්ඩඤ්ඤස්ස භගවතො වංසො දුතියො.</div>
</div>