<div class="chapter ct_vagga" node-id="46350">
    <span class="chapter ct_vagga">26. ථොමකවග්ගො</span>
    <div class="chapter-contents">
        <div class="subhead ct_sutta" node-id="46351">
            <span class="subhead ct_sutta">1. ථොමකත්ථෙරඅපදානං</span>
            <div class="subhead-contents">
                <div class="paragraph" para="1">
                    <span class="paranum">1</span>
                    <div class="gatha"> ‘‘දෙවලොකෙ 
                        <pb ed="T" n="1.0341"/>
                        <pb ed="M" n="1.0255"/>
                        <pb ed="V" n="1.0239"/> ඨිතො සන්තො, විපස්සිස්ස මහෙසිනො;
                    </div>
                    <div class="gathalast">ධම්මං සුණිත්වා මුදිතො, ඉමං වාචං අභාසහං.</div>
                </div>
                <div class="paragraph" para="2">
                    <span class="paranum">2</span>
                    <div class="gatha"> ‘‘‘නමො තෙ පුරිසාජඤ්ඤ, නමො තෙ පුරිසුත්තම;</div>
                    <div class="gathalast">බහුජ්ජනං 
                        <span class="note">(බහුං ජනං (සී.))</span> තාරයසි, දෙසෙන්තො අමතං පදං’.
                    </div>
                </div>
                <div class="paragraph" para="3">
                    <span class="paranum">3</span>
                    <div class="gatha"> ‘‘එකනවුතිතො කප්පෙ, යං වාචමභණිං තදා;</div>
                    <div class="gathalast">දුග්ගතිං නාභිජානාමි, ථොමනාය ඉදං ඵලං.</div>
                </div>
                <div class="paragraph" para="4">
                    <span class="paranum">4</span>
                    <div class="gatha"> ‘‘පටිසම්භිදා චතස්සො, විමොක්ඛාපි ච අට්ඨිමෙ;</div>
                    <div class="gathalast">ඡළභිඤ්ඤා සච්ඡිකතා, කතං බුද්ධස්ස සාසනං’’.</div>
                    <div class="bodytext">ඉත්ථං සුදං ආයස්මා ථොමකො ථෙරො ඉමා ගාථායො අභාසිත්ථාති.</div>
                </div>
            </div>
            <div class="centre ct_sutta ending">ථොමකත්ථෙරස්සාපදානං පඨමං.</div>
        </div>
        <div class="subhead ct_sutta" node-id="46352">
            <span class="subhead ct_sutta">2. එකාසනදායකත්ථෙරඅපදානං</span>
            <div class="subhead-contents">
                <div class="paragraph" para="5">
                    <span class="paranum">5</span>
                    <div class="gatha"> ‘‘විජහිත්වා දෙවවණ්ණං, සභරියො ඉධාගමිං;</div>
                    <div class="gathalast">අධිකාරං කත්තුකාමො, බුද්ධසෙට්ඨස්ස සාසනෙ.</div>
                </div>
                <div class="paragraph" para="6">
                    <span class="paranum">6</span>
                    <div class="gatha"> ‘‘දෙවලො නාම නාමෙන, පදුමුත්තරසාවකො;</div>
                    <div class="gathalast">තස්ස භික්ඛා මයා දින්නා, විප්පසන්නෙන චෙතසා.</div>
                </div>
                <div class="paragraph" para="7">
                    <span class="paranum">7</span>
                    <div class="gatha"> ‘‘සතසහස්සිතො 
                        <pb ed="T" n="1.0342"/> කප්පෙ, යං කම්මමකරිං තදා;
                    </div>
                    <div class="gathalast">දුග්ගතිං නාභිජානාමි, පිණ්ඩපාතස්සිදං ඵලං.</div>
                </div>
                <div class="paragraph" para="8">
                    <span class="paranum">8</span>
                    <div class="gatha"> ‘‘පටිසම්භිදා චතස්සො...පෙ.... කතං බුද්ධස්ස සාසනං’’.</div>
                    <div class="bodytext">ඉත්ථං සුදං ආයස්මා එකාසනදායකො ථෙරො ඉමා ගාථායො අභාසිත්ථාති.</div>
                </div>
            </div>
            <div class="centre ct_sutta ending">එකාසනදායකත්ථෙරස්සාපදානං දුතියං.</div>
        </div>
        <div class="subhead ct_sutta" node-id="46353">
            <span class="subhead ct_sutta">3. චිතකපූජකත්ථෙරඅපදානං</span>
            <div class="subhead-contents">
                <div class="paragraph" para="9">
                    <span class="paranum">9</span>
                    <div class="gatha"> ‘‘ආනන්දො 
                        <pb ed="M" n="1.0256"/>
                        <pb ed="V" n="1.0240"/>
                        <pb ed="P" n="1.0227"/> නාම සම්බුද්ධො, සයම්භූ අපරාජිතො;
                    </div>
                    <div class="gathalast">අරඤ්ඤෙ පරිනිබ්බායි, අමනුස්සම්හි කානනෙ.</div>
                </div>
                <div class="paragraph" para="10">
                    <span class="paranum">10</span>
                    <div class="gatha"> ‘‘දෙවලොකා ඉධාගන්ත්වා, චිතං කත්වානහං තදා;</div>
                    <div class="gathalast">සරීරං තත්ථ ඣාපෙසිං, සක්කාරඤ්ච අකාසහං.</div>
                </div>
                <div class="paragraph" para="11">
                    <span class="paranum">11</span>
                    <div class="gatha"> ‘‘එකනවුතිතො කප්පෙ, යං කම්මමකරිං තදා;</div>
                    <div class="gathalast">දුග්ගතිං නාභිජානාමි, බුද්ධපූජායිදං ඵලං.</div>
                </div>
                <div class="paragraph" para="12">
                    <span class="paranum">12</span>
                    <div class="gatha"> ‘‘පටිසම්භිදා චතස්සො...පෙ.... කතං බුද්ධස්ස සාසනං’’.</div>
                    <div class="bodytext">ඉත්ථං සුදං ආයස්මා චිතකපූජකො ථෙරො ඉමා ගාථායො අභාසිත්ථාති.</div>
                </div>
            </div>
            <div class="centre ct_sutta ending">චිතකපූජකත්ථෙරස්සාපදානං තතියං.</div>
        </div>
        <div class="subhead ct_sutta" node-id="46354">
            <span class="subhead ct_sutta">4. තිචම්පකපුප්ඵියත්ථෙරඅපදානං</span>
            <div class="subhead-contents">
                <div class="paragraph" para="13">
                    <span class="paranum">13</span>
                    <div class="gatha"> ‘‘හිමවන්තස්සාවිදූරෙ 
                        <pb ed="T" n="1.0343"/>, විකතො 
                        <span class="note">(විකනො (සී. ස්‍යා.))</span> නාම පබ්බතො;
                    </div>
                    <div class="gathalast">තස්ස වෙමජ්ඣෙ වසති, සමණො භාවිතින්ද්‍රියො.</div>
                </div>
                <div class="paragraph" para="14">
                    <span class="paranum">14</span>
                    <div class="gatha"> ‘‘දිස්වාන තස්සොපසමං, විප්පසන්නෙන චෙතසා;</div>
                    <div class="gathalast">තීණි චම්පකපුප්ඵානි, ගහෙත්වාන සමොකිරිං.</div>
                </div>
                <div class="paragraph" para="15">
                    <span class="paranum">15</span>
                    <div class="gatha"> ‘‘එකනවුතිතො කප්පෙ, යං පුප්ඵමභිපූජයිං;</div>
                    <div class="gathalast">දුග්ගතිං නාභිජානාමි, බුද්ධපූජායිදං ඵලං.</div>
                </div>
                <div class="paragraph" para="16">
                    <span class="paranum">16</span>
                    <div class="gatha"> ‘‘පටිසම්භිදා චතස්සො...පෙ.... කතං බුද්ධස්ස සාසනං’’.</div>
                    <div class="bodytext">ඉත්ථං සුදං ආයස්මා තිචම්පකපුප්ඵියො ථෙරො ඉමා ගාථායො අභාසිත්ථාති.</div>
                </div>
            </div>
            <div class="centre ct_sutta ending">තිචම්පකපුප්ඵියත්ථෙරස්සාපදානං චතුත්ථං.</div>
        </div>
        <div class="subhead ct_sutta" node-id="46355">
            <span class="subhead ct_sutta">5. සත්තපාටලියත්ථෙරඅපදානං</span>
            <div class="subhead-contents">
                <div class="paragraph" para="17">
                    <span class="paranum">17</span>
                    <div class="gatha"> ‘‘කණිකාරංව ජොතන්තං, නිසින්නං පබ්බතන්තරෙ;</div>
                    <div class="gathalast">සත්ත පාටලිපුප්ඵානි, බුද්ධස්ස අභිරොපයිං.</div>
                </div>
                <div class="paragraph" para="18">
                    <span class="paranum">18</span>
                    <div class="gatha"> ‘‘චතුන්නවුතිතො 
                        <pb ed="M" n="1.0257"/>
                        <pb ed="V" n="1.0241"/> කප්පෙ, යං පුප්ඵමභිරොපයිං;
                    </div>
                    <div class="gathalast">දුග්ගතිං නාභිජානාමි, බුද්ධපූජායිදං ඵලං.</div>
                </div>
                <div class="paragraph" para="19">
                    <span class="paranum">19</span>
                    <div class="gatha"> ‘‘පටිසම්භිදා 
                        <pb ed="T" n="1.0344"/> චතස්සො...පෙ.... කතං බුද්ධස්ස සාසනං’’.
                    </div>
                    <div class="bodytext">ඉත්ථං සුදං ආයස්මා සත්තපාටලියො ථෙරො ඉමා ගාථායො අභාසිත්ථාති.</div>
                </div>
            </div>
            <div class="centre ct_sutta ending">සත්තපාටලියත්ථෙරස්සාපදානං පඤ්චමං.</div>
        </div>
        <div class="subhead ct_sutta" node-id="46356">
            <span class="subhead ct_sutta">6. උපාහනදායකත්ථෙරඅපදානං</span>
            <div class="subhead-contents">
                <div class="paragraph" para="20">
                    <span class="paranum">20</span>
                    <div class="gatha"> ‘‘අහොසිං 
                        <pb ed="P" n="1.0228"/> චන්දනො නාම, සම්බුද්ධස්සත්‍රජො තදා;
                    </div>
                    <div class="gathalast">එකොපාහනො මයා දින්නො, බොධිං සම්පජ්ජ මෙ තුවං.</div>
                </div>
                <div class="paragraph" para="21">
                    <span class="paranum">21</span>
                    <div class="gatha"> ‘‘එකනවුතිතො කප්පෙ, යං පානධිං 
                        <span class="note">(යමුපාහනං (සී.), යං පාදුං (ස්‍යා.))</span> දදිං තදා;
                    </div>
                    <div class="gathalast">දුග්ගතිං නාභිජානාමි, උපාහනස්සිදං ඵලං.</div>
                </div>
                <div class="paragraph" para="22">
                    <span class="paranum">22</span>
                    <div class="gatha"> ‘‘පටිසම්භිදා චතස්සො...පෙ.... කතං බුද්ධස්ස සාසනං’’.</div>
                    <div class="bodytext">ඉත්ථං සුදං ආයස්මා උපාහනදායකො ථෙරො ඉමා ගාථායො අභාසිත්ථාති.</div>
                </div>
            </div>
            <div class="centre ct_sutta ending">උපාහනදායකත්ථෙරස්සාපදානං ඡට්ඨං.</div>
        </div>
        <div class="subhead ct_sutta" node-id="46357">
            <span class="subhead ct_sutta">7. මඤ්ජරිපූජකත්ථෙරඅපදානං</span>
            <div class="subhead-contents">
                <div class="paragraph" para="23">
                    <span class="paranum">23</span>
                    <div class="gatha"> ‘‘මඤ්ජරිකං කරිත්වාන, රථියං පටිපජ්ජහං;</div>
                    <div class="gathalast">අද්දසං සමණානග්ගං, භික්ඛුසඞ්ඝපුරක්ඛතං.</div>
                </div>
                <div class="paragraph" para="24">
                    <span class="paranum">24</span>
                    <div class="gatha"> ‘‘පසන්නචිත්තො 
                        <pb ed="T" n="1.0345"/> සුමනො, පරමාය ච පීතියා;
                    </div>
                    <div class="gathalast">උභො හත්ථෙහි පග්ගය්හ, බුද්ධස්ස අභිරොපයිං.</div>
                </div>
                <div class="paragraph" para="25">
                    <span class="paranum">25</span>
                    <div class="gatha"> ‘‘ද්වෙනවුතෙ ඉතො කප්පෙ, යං පුප්ඵමභිපූජයිං;</div>
                    <div class="gathalast">දුග්ගතිං නාභිජානාමි, පුප්ඵපූජායිදං ඵලං.</div>
                </div>
                <div class="paragraph" para="26">
                    <span class="paranum">26</span>
                    <div class="gatha"> ‘‘ඉතො 
                        <pb ed="M" n="1.0258"/> තෙසත්තතිකප්පෙ, එකො ආසිං මහීපති;
                    </div>
                    <div class="gathalast">ජොතියො නාම නාමෙන, චක්කවත්තී මහබ්බලො.</div>
                </div>
                <div class="paragraph" para="27">
                    <span class="paranum">27</span>
                    <div class="gatha"> ‘‘පටිසම්භිදා චතස්සො...පෙ.... කතං බුද්ධස්ස සාසනං’’.</div>
                    <div class="bodytext">ඉත්ථං සුදං ආයස්මා මඤ්ජරිපූජකො ථෙරො ඉමා ගාථායො අභාසිත්ථාති.</div>
                </div>
            </div>
            <div class="centre ct_sutta ending">මඤ්ජරිපූජකත්ථෙරස්සාපදානං සත්තමං.</div>
        </div>
        <div class="subhead ct_sutta" node-id="46358">
            <span class="subhead ct_sutta">8. පණ්ණදායකත්ථෙරඅපදානං</span>
            <div class="subhead-contents">
                <div class="paragraph" para="28">
                    <span class="paranum">28</span>
                    <div class="gatha"> ‘‘පබ්බතෙ 
                        <pb ed="V" n="1.0242"/> හිමවන්තම්හි, වාකචීරධරො අහං;
                    </div>
                    <div class="gathalast">අලොණපණ්ණභක්ඛොම්හි, නියමෙසු ච සංවුතො.</div>
                </div>
                <div class="paragraph" para="29">
                    <span class="paranum">29</span>
                    <div class="gatha"> ‘‘පාතරාසෙ අනුප්පත්තෙ, සිද්ධත්ථො උපගච්ඡි මං;</div>
                    <div class="gathalast">තාහං බුද්ධස්ස පාදාසිං, පසන්නො සෙහි පාණිභි.</div>
                </div>
                <div class="paragraph" para="30">
                    <span class="paranum">30</span>
                    <div class="gatha"> ‘‘චතුන්නවුතිතො 
                        <pb ed="P" n="1.0229"/> කප්පෙ, යං පණ්ණමදදිං තදා;
                    </div>
                    <div class="gathalast">දුග්ගතිං නාභිජානාමි, පණ්ණදානස්සිදං ඵලං.</div>
                </div>
                <div class="paragraph" para="31">
                    <span class="paranum">31</span>
                    <div class="gatha"> ‘‘සත්තවීසතිකප්පම්හි 
                        <pb ed="T" n="1.0346"/>, රාජා ආසිං සදත්ථියො 
                        <span class="note">(යදත්ථියො (සී. ස්‍යා.))</span>;
                    </div>
                    <div class="gathalast">සත්තරතනසම්පන්නො, චක්කවත්තී මහබ්බලො.</div>
                </div>
                <div class="paragraph" para="32">
                    <span class="paranum">32</span>
                    <div class="gatha"> ‘‘පටිසම්භිදා චතස්සො...පෙ.... කතං බුද්ධස්ස සාසනං’’.</div>
                    <div class="bodytext">ඉත්ථං සුදං ආයස්මා පණ්ණදායකො ථෙරො ඉමා ගාථායො අභාසිත්ථාති.</div>
                </div>
            </div>
            <div class="centre ct_sutta ending">පණ්ණදායකත්ථෙරස්සාපදානං අට්ඨමං.</div>
        </div>
        <div class="subhead ct_sutta" node-id="46359">
            <span class="subhead ct_sutta">9. කුටිදායකත්ථෙරඅපදානං</span>
            <div class="subhead-contents">
                <div class="paragraph" para="33">
                    <span class="paranum">33</span>
                    <div class="gatha"> ‘‘විපිනචාරී සම්බුද්ධො, රුක්ඛමූලෙ වසී තදා;</div>
                    <div class="gathalast">පණ්ණසාලං කරිත්වාන, අදාසිං අපරාජිතෙ.</div>
                </div>
                <div class="paragraph" para="34">
                    <span class="paranum">34</span>
                    <div class="gatha"> ‘‘එකනවුතිතො කප්පෙ, යං පණ්ණකුටිකං අදං;</div>
                    <div class="gathalast">දුග්ගතිං නාභිජානාමි, කුටිදානස්සිදං ඵලං.</div>
                </div>
                <div class="paragraph" para="35">
                    <span class="paranum">35</span>
                    <div class="gatha"> ‘‘අට්ඨවීසෙ 
                        <pb ed="M" n="1.0259"/>
                        <span class="note">(අට්ඨතිංසෙ (ස්‍යා.))</span> ඉතො කප්පෙ, සොළසාසිංසු රාජානො;
                    </div>
                    <div class="gathalast">සබ්බත්ථ අභිවස්සීති, වුච්චරෙ චක්කවත්තිනො.</div>
                </div>
                <div class="paragraph" para="36">
                    <span class="paranum">36</span>
                    <div class="gatha"> ‘‘පටිසම්භිදා චතස්සො...පෙ.... කතං බුද්ධස්ස සාසනං’’.</div>
                    <div class="bodytext">ඉත්ථං සුදං ආයස්මා කුටිදායකො ථෙරො ඉමා ගාථායො අභාසිත්ථාති.</div>
                </div>
            </div>
            <div class="centre ct_sutta ending">කුටිදායකත්ථෙරස්සාපදානං නවමං.</div>
        </div>
        <div class="subhead ct_sutta" node-id="463510">
            <span class="subhead ct_sutta">10. අග්ගපුප්ඵියත්ථෙරඅපදානං</span>
            <div class="subhead-contents">
                <div class="paragraph" para="37">
                    <span class="paranum">37</span>
                    <div class="gatha"> ‘‘සුවණ්ණවණ්ණං 
                        <pb ed="T" n="1.0347"/>
                        <pb ed="V" n="1.0243"/> සම්බුද්ධං, නිසින්නං පබ්බතන්තරෙ;
                    </div>
                    <div class="gathalast">ඔභාසයන්තං රංසෙන 
                        <span class="note">(රංසියා (ස්‍යා.))</span>, සිඛිනං සිඛිනං යථා.
                    </div>
                </div>
                <div class="paragraph" para="38">
                    <span class="paranum">38</span>
                    <div class="gatha"> ‘‘අග්ගජං පුප්ඵමාදාය, උපාගච්ඡිං නරුත්තමං;</div>
                    <div class="gathalast">පසන්නචිත්තො සුමනො, බුද්ධස්ස අභිරොපයිං.</div>
                </div>
                <div class="paragraph" para="39">
                    <span class="paranum">39</span>
                    <div class="gatha"> ‘‘එකත්තිංසෙ ඉතො කප්පෙ, යං පුප්ඵමභිපූජයිං;</div>
                    <div class="gathalast">දුග්ගතිං නාභිජානාමි, බුද්ධපූජායිදං ඵලං.</div>
                </div>
                <div class="paragraph" para="40">
                    <span class="paranum">40</span>
                    <div class="gatha"> ‘‘පඤ්චවීසතිකප්පම්හි, අහොසි අමිතොගතො 
                        <span class="note">(අමිතව්හයො (සී.))</span>;
                    </div>
                    <div class="gathalast">සත්තරතනසම්පන්නො, චක්කවත්තී මහබ්බලො.</div>
                </div>
                <div class="paragraph" para="41">
                    <span class="paranum">41</span>
                    <div class="gatha"> ‘‘පටිසම්භිදා 
                        <pb ed="P" n="1.0230"/> චතස්සො...පෙ.... කතං බුද්ධස්ස සාසනං’’.
                    </div>
                    <div class="bodytext">ඉත්ථං සුදං ආයස්මා අග්ගපුප්ඵියො ථෙරො ඉමා ගාථායො අභාසිත්ථාති.</div>
                </div>
            </div>
            <div class="centre ct_sutta ending">අග්ගපුප්ඵියත්ථෙරස්සාපදානං දසමං.</div>
        </div>
    </div>
    <div class="centre ct_vagga ending">ථොමකවග්ගො ඡබ්බීසතිමො.</div>
    <div class="paragraph udana" para="udana">
        <div class="bodytext ct_vagga">තස්සුද්දානං -</div>
        <div class="ct_vagga gatha">ථොමකෙකාසනචිතකං, චම්පකො සත්තපාටලි;</div>
        <div class="ct_vagga gatha">පානධි 
            <pb ed="T" n="1.0348"/>
            <span class="note">(පාහනො (සී.), පාදු (ස්‍යා.))</span> මඤ්ජරී පණ්ණං, කුටිදො අග්ගපුප්ඵියො;
        </div>
        <div class="gathalast ct_vagga">ගාථායො ගණිතා චෙත්ථ, එකතාලීසමෙව චාති.</div>
    </div>
</div>