<div class="chapter ct_vagga" node-id="46230">
    <span class="chapter ct_vagga">14. සොභිතවග්ගො</span>
    <div class="chapter-contents">
        <div class="subhead ct_sutta" node-id="46231">
            <span class="subhead ct_sutta">1. සොභිතත්ථෙරඅපදානං</span>
            <div class="subhead-contents">
                <div class="paragraph" para="1">
                    <span class="paranum">1</span>
                    <div class="gatha"> ‘‘පදුමුත්තරො 
                        <pb ed="T" n="1.0236"/>
                        <pb ed="M" n="1.0180"/>
                        <pb ed="V" n="1.0166"/> නාම ජිනො, ලොකජෙට්ඨො නරාසභො;
                    </div>
                    <div class="gathalast">මහතො ජනකායස්ස, දෙසෙති අමතං පදං.</div>
                </div>
                <div class="paragraph" para="2">
                    <span class="paranum">2</span>
                    <div class="gatha"> ‘‘තස්සාහං වචනං සුත්වා, වාචාසභිමුදීරිතං 
                        <span class="note">(වාචාසභිමුදීරයිං (?))</span>;
                    </div>
                    <div class="gathalast">අඤ්ජලිං පග්ගහෙත්වාන, එකග්ගො ආසහං තදා.</div>
                </div>
                <div class="paragraph" para="3">
                    <span class="paranum">3</span>
                    <div class="gatha"> ‘‘යථා 
                        <pb ed="P" n="1.0164"/> සමුද්දො උදධීනමග්ගො, නෙරූ නගානං පවරො සිලුච්චයො;
                    </div>
                    <div class="gathalast">තථෙව යෙ චිත්තවසෙන වත්තරෙ, න බුද්ධඤාණස්ස කලං උපෙන්ති තෙ.</div>
                </div>
                <div class="paragraph" para="4">
                    <span class="paranum">4</span>
                    <div class="gatha"> ‘‘ධම්මවිධිං 
                        <span class="note">(ධම්මෙ විධිං (සී.))</span> ඨපෙත්වාන, බුද්ධො කාරුණිකො ඉසි;
                    </div>
                    <div class="gathalast">භික්ඛුසඞ්ඝෙ නිසීදිත්වා, ඉමා ගාථා අභාසථ.</div>
                </div>
                <div class="paragraph" para="5">
                    <span class="paranum">5</span>
                    <div class="gatha"> ‘‘‘යො සො ඤාණං පකිත්තෙසි, බුද්ධම්හි ලොකනායකෙ;</div>
                    <div class="gathalast">කප්පානං සතසහස්සං, දුග්ගතිං න ගමිස්සති.</div>
                </div>
                <div class="paragraph" para="6">
                    <span class="paranum">6</span>
                    <div class="gatha"> ‘‘‘කිලෙසෙ ඣාපයිත්වාන, එකග්ගො සුසමාහිතො;</div>
                    <div class="gathalast">සොභිතො නාම නාමෙන, හෙස්සති සත්ථු සාවකො’.</div>
                </div>
                <div class="paragraph" para="7">
                    <span class="paranum">7</span>
                    <div class="gatha"> ‘‘පඤ්ඤාසෙ 
                        <pb ed="T" n="1.0237"/> කප්පසහස්සෙ, සත්තෙවාසුං යසුග්ගතා 
                        <span class="note">(සමුග්ගතා (ස්‍යා.))</span>;
                    </div>
                    <div class="gathalast">සත්තරතනසම්පන්නා, චක්කවත්තී මහබ්බලා.</div>
                </div>
                <div class="paragraph" para="8">
                    <span class="paranum">8</span>
                    <div class="gatha"> ‘‘කිලෙසා ඣාපිතා මය්හං, භවා සබ්බෙ සමූහතා;</div>
                    <div class="gathalast">තිස්සො විජ්ජා අනුප්පත්තා, කතං බුද්ධස්ස සාසනං.</div>
                </div>
                <div class="paragraph" para="9">
                    <span class="paranum">9</span>
                    <div class="gatha"> ‘‘පටිසම්භිදා චතස්සො, විමොක්ඛාපි ච අට්ඨිමෙ;</div>
                    <div class="gathalast">ඡළභිඤ්ඤා සච්ඡිකතා, කතං බුද්ධස්ස සාසනං’’.</div>
                    <div class="bodytext">ඉත්ථං සුදං ආයස්මා සොභිතො ථෙරො ඉමා ගාථායො අභාසිත්ථාති.</div>
                </div>
            </div>
            <div class="centre ct_sutta ending">සොභිතත්ථෙරස්සාපදානං පඨමං.</div>
        </div>
        <div class="subhead ct_sutta" node-id="46232">
            <span class="subhead ct_sutta">2. සුදස්සනත්ථෙරඅපදානං</span>
            <div class="subhead-contents">
                <div class="paragraph" para="10">
                    <span class="paranum">10</span>
                    <div class="gatha"> ‘‘විනතා 
                        <pb ed="M" n="1.0181"/>
                        <pb ed="V" n="1.0167"/> නදියා 
                        <span class="note">(විත්ථතාය නදියා (ස්‍යා.))</span> තීරෙ, පිලක්ඛු 
                        <span class="note">(පිලක්ඛො (සී. ථෙරගාථා අට්ඨ.))</span> ඵලිතො අහු;
                    </div>
                    <div class="gathalast">තාහං රුක්ඛං ගවෙසන්තො, අද්දසං ලොකනායකං.</div>
                </div>
                <div class="paragraph" para="11">
                    <span class="paranum">11</span>
                    <div class="gatha"> ‘‘කෙතකං පුප්ඵිතං දිස්වා, වණ්ටෙ ඡෙත්වානහං තදා;</div>
                    <div class="gathalast">බුද්ධස්ස අභිරොපෙසිං, සිඛිනො ලොකබන්ධුනො.</div>
                </div>
                <div class="paragraph" para="12">
                    <span class="paranum">12</span>
                    <div class="gatha"> ‘‘යෙන ඤාණෙන පත්තොසි, අච්චුතං අමතං පදං;</div>
                    <div class="gathalast">තං ඤාණං අභිපූජෙමි, බුද්ධසෙට්ඨ මහාමුනි.</div>
                </div>
                <div class="paragraph" para="13">
                    <span class="paranum">13</span>
                    <div class="gatha"> ‘‘ඤාණම්හි පූජං කත්වාන, පිලක්ඛුමද්දසං අහං;</div>
                    <div class="gathalast">පටිලද්ධොම්හි තං පඤ්ඤං 
                        <span class="note">(තං සඤ්ඤං (ස්‍යා.), තං පුඤ්ඤං (ක.))</span>, ඤාණපූජායිදං ඵලං.
                    </div>
                </div>
                <div class="paragraph" para="14">
                    <span class="paranum">14</span>
                    <div class="gatha"> ‘‘එකත්තිංසෙ 
                        <pb ed="P" n="1.0165"/> ඉතො කප්පෙ, යං පුප්ඵමභිරොපයිං;
                    </div>
                    <div class="gathalast">දුග්ගතිං නාභිජානාමි, ඤාණපූජායිදං ඵලං.</div>
                </div>
                <div class="paragraph" para="15">
                    <span class="paranum">15</span>
                    <div class="gatha"> ‘‘ඉතො 
                        <pb ed="T" n="1.0238"/> තෙරසකප්පම්හි, ද්වාදසාසුං ඵලුග්ගතා;
                    </div>
                    <div class="gathalast">සත්තරතනසම්පන්නා, චක්කවත්තී මහප්ඵලා.</div>
                </div>
                <div class="paragraph" para="16">
                    <span class="paranum">16</span>
                    <div class="gatha"> ‘‘පටිසම්භිදා චතස්සො...පෙ.... කතං බුද්ධස්ස සාසනං’’.</div>
                    <div class="bodytext">ඉත්ථං සුදං ආයස්මා සුදස්සනො ථෙරො ඉමා ගාථායො අභාසිත්ථාති.</div>
                </div>
            </div>
            <div class="centre ct_sutta ending">සුදස්සනත්ථෙරස්සාපදානං දුතියං.</div>
        </div>
        <div class="subhead ct_sutta" node-id="46233">
            <span class="subhead ct_sutta">3. චන්දනපූජනකත්ථෙරඅපදානං</span>
            <div class="subhead-contents">
                <div class="paragraph" para="17">
                    <span class="paranum">17</span>
                    <div class="gatha"> ‘‘චන්දභාගානදීතීරෙ, අහොසිං කින්නරො තදා;</div>
                    <div class="gathalast">පුප්ඵභක්ඛො චහං ආසිං, පුප්ඵානිවසනො තථා 
                        <span class="note">(පුප්ඵානං වසනො අහං (ස්‍යා.))</span>.
                    </div>
                </div>
                <div class="paragraph" para="18">
                    <span class="paranum">18</span>
                    <div class="gatha"> ‘‘අත්ථදස්සී තු භගවා, ලොකජෙට්ඨො නරාසභො;</div>
                    <div class="gathalast">විපිනග්ගෙන නිය්‍යාසි, හංසරාජාව අම්බරෙ.</div>
                </div>
                <div class="paragraph" para="19">
                    <span class="paranum">19</span>
                    <div class="gatha"> ‘‘නමො තෙ පුරිසාජඤ්ඤ, චිත්තං තෙ සුවිසොධිතං;</div>
                    <div class="gathalast">පසන්නමුඛවණ්ණොසි, විප්පසන්නමුඛින්ද්‍රියො.</div>
                </div>
                <div class="paragraph" para="20">
                    <span class="paranum">20</span>
                    <div class="gatha"> ‘‘ඔරොහිත්වාන 
                        <pb ed="M" n="1.0182"/> ආකාසා, භූරිපඤ්ඤො සුමෙධසො;
                    </div>
                    <div class="gathalast">සඞ්ඝාටිං පත්ථරිත්වාන, පල්ලඞ්කෙන උපාවිසි.</div>
                </div>
                <div class="paragraph" para="21">
                    <span class="paranum">21</span>
                    <div class="gatha"> ‘‘විලීනං 
                        <pb ed="V" n="1.0168"/> චන්දනාදාය, අගමාසිං ජිනන්තිකං;
                    </div>
                    <div class="gathalast">පසන්නචිත්තො සුමනො, බුද්ධස්ස අභිරොපයිං.</div>
                </div>
                <div class="paragraph" para="22">
                    <span class="paranum">22</span>
                    <div class="gatha"> ‘‘අභිවාදෙත්වාන 
                        <pb ed="T" n="1.0239"/> සම්බුද්ධං, ලොකජෙට්ඨං නරාසභං;
                    </div>
                    <div class="gathalast">පාමොජ්ජං ජනයිත්වාන, පක්කාමිං උත්තරාමුඛො.</div>
                </div>
                <div class="paragraph" para="23">
                    <span class="paranum">23</span>
                    <div class="gatha"> ‘‘අට්ඨාරසෙ කප්පසතෙ, චන්දනං යං අපූජයිං;</div>
                    <div class="gathalast">දුග්ගතිං නාභිජානාමි, බුද්ධපූජායිදං ඵලං.</div>
                </div>
                <div class="paragraph" para="24">
                    <span class="paranum">24</span>
                    <div class="gatha"> ‘‘චතුද්දසෙ කප්පසතෙ, ඉතො ආසිංසු තෙ තයො;</div>
                    <div class="gathalast">රොහණී නාම 
                        <span class="note">(රොහිතා නාම (සී.), රොහිණී නාම (ස්‍යා.))</span> නාමෙන, චක්කවත්තී මහබ්බලා.
                    </div>
                </div>
                <div class="paragraph" para="25">
                    <span class="paranum">25</span>
                    <div class="gatha"> ‘‘පටිසම්භිදා චතස්සො...පෙ.... කතං බුද්ධස්ස සාසනං’’.</div>
                    <div class="gathalast">ඉත්ථං සුදං ආයස්මා චන්දනපූජනකො ථෙරො ඉමා ගාථායො අභාසිත්ථාති;</div>
                </div>
                <div class="centre ending">චන්දනපූජනකත්ථෙරස්සාපදානං තතියං.</div>
            </div>
            <div class="centre ct_sutta ending">අට්ඨමභාණවාරං.</div>
        </div>
        <div class="subhead ct_sutta" node-id="46234">
            <span class="subhead ct_sutta">4. පුප්ඵච්ඡදනියත්ථෙරඅපදානං</span>
            <div class="subhead-contents">
                <div class="paragraph" para="26">
                    <span class="paranum">26</span>
                    <div class="gatha"> ‘‘සුනන්දො 
                        <pb ed="P" n="1.0166"/> නාම නාමෙන, බ්‍රාහ්මණො මන්තපාරගූ;
                    </div>
                    <div class="gathalast">අජ්ඣායකො යාචයොගො, වාජපෙය්‍යං අයාජයි.</div>
                </div>
                <div class="paragraph" para="27">
                    <span class="paranum">27</span>
                    <div class="gatha"> ‘‘පදුමුත්තරො ලොකවිදූ, අග්ගො කාරුණිකො ඉසි;</div>
                    <div class="gathalast">ජනතං අනුකම්පන්තො, අම්බරෙ චඞ්කමී තදා.</div>
                </div>
                <div class="paragraph" para="28">
                    <span class="paranum">28</span>
                    <div class="gatha"> ‘‘චඞ්කමිත්වාන සම්බුද්ධො, සබ්බඤ්ඤූ ලොකනායකො;</div>
                    <div class="gathalast">මෙත්තාය අඵරි සත්තෙ, අප්පමාණෙ 
                        <span class="note">(අප්පමාණං (සී. ස්‍යා.))</span> නිරූපධි.
                    </div>
                </div>
                <div class="paragraph" para="29">
                    <span class="paranum">29</span>
                    <div class="gatha"> ‘‘වණ්ටෙ 
                        <pb ed="T" n="1.0240"/> ඡෙත්වාන පුප්ඵානි, බ්‍රාහ්මණො මන්තපාරගූ;
                    </div>
                    <div class="gathalast">සබ්බෙ සිස්සෙ සමානෙත්වා, ආකාසෙ උක්ඛිපාපයි.</div>
                </div>
                <div class="paragraph" para="30">
                    <span class="paranum">30</span>
                    <div class="gatha"> ‘‘යාවතා 
                        <pb ed="M" n="1.0183"/> නගරං ආසි, පුප්ඵානං ඡදනං තදා;
                    </div>
                    <div class="gathalast">බුද්ධස්ස ආනුභාවෙන, සත්තාහං න විගච්ඡථ.</div>
                </div>
                <div class="paragraph" para="31">
                    <span class="paranum">31</span>
                    <div class="gatha"> ‘‘තෙනෙව සුක්කමූලෙන, අනුභොත්වාන සම්පදා;</div>
                    <div class="gathalast">සබ්බාසවෙ පරිඤ්ඤාය, තිණ්ණො ලොකෙ විසත්තිකං.</div>
                </div>
                <div class="paragraph" para="32">
                    <span class="paranum">32</span>
                    <div class="gatha"> ‘‘එකාරසෙ 
                        <pb ed="V" n="1.0169"/> කප්පසතෙ, පඤ්චතිංසාසු ඛත්තියා;
                    </div>
                    <div class="gathalast">අම්බරංසසනාමා තෙ, චක්කවත්තී මහබ්බලා.</div>
                </div>
                <div class="paragraph" para="33">
                    <span class="paranum">33</span>
                    <div class="gatha"> ‘‘පටිසම්භිදා චතස්සො...පෙ.... කතං බුද්ධස්ස සාසනං’’.</div>
                    <div class="bodytext">ඉත්ථං සුදං ආයස්මා පුප්ඵච්ඡදනියො ථෙරො ඉමා ගාථායො අභාසිත්ථාති.</div>
                </div>
            </div>
            <div class="centre ct_sutta ending">පුප්ඵච්ඡදනියත්ථෙරස්සාපදානං චතුත්ථං.</div>
        </div>
        <div class="subhead ct_sutta" node-id="46235">
            <span class="subhead ct_sutta">5. රහොසඤ්ඤකත්ථෙරඅපදානං</span>
            <div class="subhead-contents">
                <div class="paragraph" para="34">
                    <span class="paranum">34</span>
                    <div class="gatha"> ‘‘හිමවන්තස්සාවිදූරෙ, වසභො නාම පබ්බතො;</div>
                    <div class="gathalast">තස්මිං පබ්බතපාදම්හි, අස්සමො ආසි මාපිතො.</div>
                </div>
                <div class="paragraph" para="35">
                    <span class="paranum">35</span>
                    <div class="gatha"> ‘‘තීණි සිස්සසහස්සානි, වාචෙසිං බ්‍රාහ්මණො 
                        <span class="note">(බ්‍රාහ්මණෙ (සී.))</span> තදා;
                    </div>
                    <div class="gathalast">සංහරිත්වාන 
                        <span class="note">(සංසාවිත්වාන (ස්‍යා.))</span> තෙ සිස්සෙ, එකමන්තං උපාවිසිං.
                    </div>
                </div>
                <div class="paragraph" para="36">
                    <span class="paranum">36</span>
                    <div class="gatha"> ‘‘එකමන්තං 
                        <pb ed="T" n="1.0241"/>
                        <pb ed="P" n="1.0167"/> නිසීදිත්වා, බ්‍රාහ්මණො මන්තපාරගූ;
                    </div>
                    <div class="gathalast">බුද්ධවෙදං ගවෙසන්තො 
                        <span class="note">(පවෙසන්තො (ක.))</span>, ඤාණෙ චිත්තං පසාදයිං.
                    </div>
                </div>
                <div class="paragraph" para="37">
                    <span class="paranum">37</span>
                    <div class="gatha"> ‘‘තත්ථ චිත්තං පසාදෙත්වා, නිසීදිං පණ්ණසන්ථරෙ;</div>
                    <div class="gathalast">පල්ලඞ්කං ආභුජිත්වාන, තත්ථ කාලඞ්කතො අහං.</div>
                </div>
                <div class="paragraph" para="38">
                    <span class="paranum">38</span>
                    <div class="gatha"> ‘‘එකත්තිංසෙ ඉතො කප්පෙ, යං සඤ්ඤමලභිං තදා;</div>
                    <div class="gathalast">දුග්ගතිං නාභිජානාමි, ඤාණසඤ්ඤායිදං ඵලං.</div>
                </div>
                <div class="paragraph" para="39">
                    <span class="paranum">39</span>
                    <div class="gatha"> ‘‘සත්තවීසතිකප්පම්හි, රාජා සිරිධරො අහු;</div>
                    <div class="gathalast">සත්තරතනසම්පන්නො, චක්කවත්තී මහබ්බලො.</div>
                </div>
                <div class="paragraph" para="40">
                    <span class="paranum">40</span>
                    <div class="gatha"> ‘‘පටිසම්භිදා 
                        <pb ed="M" n="1.0184"/> චතස්සො...පෙ.... කතං බුද්ධස්ස සාසනං’’.
                    </div>
                    <div class="bodytext">ඉත්ථං සුදං ආයස්මා රහොසඤ්ඤකො ථෙරො ඉමා ගාථායො අභාසිත්ථාති.</div>
                </div>
            </div>
            <div class="centre ct_sutta ending">රහොසඤ්ඤකත්ථෙරස්සාපදානං පඤ්චමං.</div>
        </div>
        <div class="subhead ct_sutta" node-id="46236">
            <span class="subhead ct_sutta">6. චම්පකපුප්ඵියත්ථෙරඅපදානං</span>
            <div class="subhead-contents">
                <div class="paragraph" para="41">
                    <span class="paranum">41</span>
                    <div class="gatha"> ‘‘කණිකාරංව ජොතන්තං, නිසින්නං පබ්බතන්තරෙ;</div>
                    <div class="gathalast">ඔභාසෙන්තං දිසා සබ්බා, ඔසධිං විය තාරකං 
                        <span class="note">(ඔසධී විය තාරකා (ක.))</span>.
                    </div>
                </div>
                <div class="paragraph" para="42">
                    <span class="paranum">42</span>
                    <div class="gatha"> ‘‘තයො 
                        <pb ed="V" n="1.0170"/> මාණවකා ආසුං, සකෙ සිප්පෙ සුසික්ඛිතා;
                    </div>
                    <div class="gathalast">ඛාරිභාරං ගහෙත්වාන, අන්වෙන්ති මම පච්ඡතො.</div>
                </div>
                <div class="paragraph" para="43">
                    <span class="paranum">43</span>
                    <div class="gatha"> ‘‘පුටකෙ 
                        <pb ed="T" n="1.0242"/> සත්ත පුප්ඵානි, නික්ඛිත්තානි තපස්සිනා;
                    </div>
                    <div class="gathalast">ගහෙත්වා තානි ඤාණම්හි, වෙස්සභුස්සාභිරොපයිං.</div>
                </div>
                <div class="paragraph" para="44">
                    <span class="paranum">44</span>
                    <div class="gatha"> ‘‘එකත්තිංසෙ ඉතො කප්පෙ, යං පුප්ඵමභිරොපයිං;</div>
                    <div class="gathalast">දුග්ගතිං නාභිජානාමි, ඤාණපූජායිදං ඵලං.</div>
                </div>
                <div class="paragraph" para="45">
                    <span class="paranum">45</span>
                    <div class="gatha"> ‘‘එකූනතිංසකප්පම්හි, විපුලාභ 
                        <span class="note">(විහතාභා (ස්‍යා.))</span> සනාමකො;
                    </div>
                    <div class="gathalast">සත්තරතනසම්පන්නො, චක්කවත්තී 
                        <span class="note">(රාජා හොසි (ක.))</span> මහබ්බලො.
                    </div>
                </div>
                <div class="paragraph" para="46">
                    <span class="paranum">46</span>
                    <div class="gatha"> ‘‘පටිසම්භිදා චතස්සො...පෙ.... කතං බුද්ධස්ස සාසනං’’.</div>
                    <div class="gathalast">ඉත්ථං සුදං ආයස්මා චම්පකපුප්ඵියො ථෙරො ඉමා ගාථායො අභාසිත්ථාති;</div>
                </div>
            </div>
            <div class="centre ct_sutta ending">චම්පකපුප්ඵියත්ථෙරස්සාපදානං ඡට්ඨං.</div>
        </div>
        <div class="subhead ct_sutta" node-id="46237">
            <span class="subhead ct_sutta">7. අත්ථසන්දස්සකත්ථෙරඅපදානං</span>
            <div class="subhead-contents">
                <div class="paragraph" para="47">
                    <span class="paranum">47</span>
                    <div class="gatha"> ‘‘විසාලමාළෙ 
                        <pb ed="P" n="1.0168"/> ආසීනො, අද්දසං ලොකනායකං;
                    </div>
                    <div class="gathalast">ඛීණාසවං බලප්පත්තං, භික්ඛුසඞ්ඝපුරක්ඛතං.</div>
                </div>
                <div class="paragraph" para="48">
                    <span class="paranum">48</span>
                    <div class="gatha"> ‘‘සතසහස්සා 
                        <pb ed="M" n="1.0185"/> තෙවිජ්ජා, ඡළභිඤ්ඤා මහිද්ධිකා;
                    </div>
                    <div class="gathalast">පරිවාරෙන්ති සම්බුද්ධං, කො දිස්වා නප්පසීදති.</div>
                </div>
                <div class="paragraph" para="49">
                    <span class="paranum">49</span>
                    <div class="gatha"> ‘‘ඤාණෙ උපනිධා යස්ස, න විජ්ජති සදෙවකෙ;</div>
                    <div class="gathalast">අනන්තඤාණං සම්බුද්ධං, කො දිස්වා නප්පසීදති.</div>
                </div>
                <div class="paragraph" para="50">
                    <span class="paranum">50</span>
                    <div class="gatha"> ‘‘ධම්මකායඤ්ච 
                        <pb ed="T" n="1.0243"/> දීපෙන්තං, කෙවලං රතනාකරං;
                    </div>
                    <div class="gathalast">විකප්පෙතුං 
                        <span class="note">(විකොපෙතුං (සී. ස්‍යා.))</span> න සක්කොන්ති, කො දිස්වා නප්පසීදති.
                    </div>
                </div>
                <div class="paragraph" para="51">
                    <span class="paranum">51</span>
                    <div class="gatha"> ‘‘ඉමාහි තීහි ගාථාහි, නාරදොව්හයවච්ඡලො 
                        <span class="note">(සරගච්ඡියො (සී.), පුරගච්ඡියො (ස්‍යා.))</span>;
                    </div>
                    <div class="gathalast">පදුමුත්තරං ථවිත්වාන, සම්බුද්ධං අපරාජිතං.</div>
                </div>
                <div class="paragraph" para="52">
                    <span class="paranum">52</span>
                    <div class="gatha"> ‘‘තෙන චිත්තප්පසාදෙන, බුද්ධසන්ථවනෙන ච;</div>
                    <div class="gathalast">කප්පානං සතසහස්සං, දුග්ගතිං, නුපපජ්ජහං.</div>
                </div>
                <div class="paragraph" para="53">
                    <span class="paranum">53</span>
                    <div class="gatha"> ‘‘ඉතො තිංසකප්පසතෙ, සුමිත්තො නාම ඛත්තියො;</div>
                    <div class="gathalast">සත්තරතනසම්පන්නො, චක්කවත්තී මහබ්බලො.</div>
                </div>
                <div class="paragraph" para="54">
                    <span class="paranum">54</span>
                    <div class="gatha"> ‘‘පටිසම්භිදා 
                        <pb ed="V" n="1.0171"/> චතස්සො...පෙ.... කතං බුද්ධස්ස සාසනං’’.
                    </div>
                    <div class="bodytext">ඉත්ථං සුදං ආයස්මා අත්ථසන්දස්සකො ථෙරො ඉමා ගාථායො අභාසිත්ථාති.</div>
                </div>
            </div>
            <div class="centre ct_sutta ending">අත්ථසන්දස්සකත්ථෙරස්සාපදානං සත්තමං.</div>
        </div>
        <div class="subhead ct_sutta" node-id="46238">
            <span class="subhead ct_sutta">8. එකපසාදනියත්ථෙරඅපදානං</span>
            <div class="subhead-contents">
                <div class="paragraph" para="55">
                    <span class="paranum">55</span>
                    <div class="gatha"> ‘‘නාරදො ඉති මෙ නාමං 
                        <span class="note">(නාරදො ඉති නාමෙන (ස්‍යා. ක.) උපරි තෙවීසතිමවග්ගෙ පන ඡට්ඨාපදානෙ ‘‘මෙ නාමං‘‘ඉච්චෙව දිස්සති)</span>, කෙසවො ඉති මං විදූ;
                    </div>
                    <div class="gathalast">කුසලාකුසලං එසං, අගමං බුද්ධසන්තිකං.</div>
                </div>
                <div class="paragraph" para="56">
                    <span class="paranum">56</span>
                    <div class="gatha"> ‘‘මෙත්තචිත්තො කාරුණිකො, අත්ථදස්සී මහාමුනි;</div>
                    <div class="gathalast">අස්සාසයන්තො සත්තෙ සො, ධම්මං දෙසෙති චක්ඛුමා.</div>
                </div>
                <div class="paragraph" para="57">
                    <span class="paranum">57</span>
                    <div class="gatha"> ‘‘සකං 
                        <pb ed="T" n="1.0244"/> චිත්තං පසාදෙත්වා, සිරෙ කත්වාන අඤ්ජලිං;
                    </div>
                    <div class="gathalast">සත්ථාරං අභිවාදෙත්වා, පක්කාමිං පාචිනාමුඛො.</div>
                </div>
                <div class="paragraph" para="58">
                    <span class="paranum">58</span>
                    <div class="gatha"> ‘‘සත්තරසෙ 
                        <pb ed="M" n="1.0186"/>
                        <pb ed="P" n="1.0169"/> කප්පසතෙ, රාජා ආසි මහීපති;
                    </div>
                    <div class="gathalast">අමිත්තතාපනො නාම, චක්කවත්තී මහබ්බලො.</div>
                </div>
                <div class="paragraph" para="59">
                    <span class="paranum">59</span>
                    <div class="gatha"> ‘‘පටිසම්භිදා චතස්සො...පෙ.... කතං බුද්ධස්ස සාසනං’’.</div>
                    <div class="bodytext">ඉත්ථං සුදං ආයස්මා එකපසාදනියො ථෙරො ඉමා ගාථායො අභාසිත්ථාති.</div>
                </div>
            </div>
            <div class="centre ct_sutta ending">එකපසාදනියත්ථෙරස්සාපදානං අට්ඨමං.</div>
        </div>
        <div class="subhead ct_sutta" node-id="46239">
            <span class="subhead ct_sutta">9. සාලපුප්ඵදායකත්ථෙරඅපදානං</span>
            <div class="subhead-contents">
                <div class="paragraph" para="60">
                    <span class="paranum">60</span>
                    <div class="gatha"> ‘‘මිගරාජා තදා ආසිං, අභිජාතො සුකෙසරී;</div>
                    <div class="gathalast">ගිරිදුග්ගං ගවෙසන්තො, අද්දසං ලොකනායකං.</div>
                </div>
                <div class="paragraph" para="61">
                    <span class="paranum">61</span>
                    <div class="gatha"> ‘‘අයං නු ඛො මහාවීරො, නිබ්බාපෙති මහාජනං;</div>
                    <div class="gathalast">යංනූනාහං උපාසෙය්‍යං, දෙවදෙවං නරාසභං.</div>
                </div>
                <div class="paragraph" para="62">
                    <span class="paranum">62</span>
                    <div class="gatha"> ‘‘සාඛං සාලස්ස භඤ්ජිත්වා, සකොසං පුප්ඵමාහරිං;</div>
                    <div class="gathalast">උපගන්ත්වාන සම්බුද්ධං, අදාසිං පුප්ඵමුත්තමං.</div>
                </div>
                <div class="paragraph" para="63">
                    <span class="paranum">63</span>
                    <div class="gatha"> ‘‘එකනවුතිතො කප්පෙ, යං පුප්ඵමභිරොපයිං;</div>
                    <div class="gathalast">දුග්ගතිං නාභිජානාමි, පුප්ඵදානස්සිදං ඵලං.</div>
                </div>
                <div class="paragraph" para="64">
                    <span class="paranum">64</span>
                    <div class="gatha"> ‘‘ඉතො 
                        <pb ed="T" n="1.0245"/>
                        <pb ed="V" n="1.0172"/> ච නවමෙ කප්පෙ, විරොචනසනාමකා;
                    </div>
                    <div class="gathalast">තයො ආසිංසු රාජානො, චක්කවත්තී මහබ්බලා.</div>
                </div>
                <div class="paragraph" para="65">
                    <span class="paranum">65</span>
                    <div class="gatha"> ‘‘පටිසම්භිදා චතස්සො...පෙ.... කතං බුද්ධස්ස සාසනං’’.</div>
                    <div class="bodytext">ඉත්ථං සුදං ආයස්මා සාලපුප්ඵදායකො ථෙරො ඉමා ගාථායො අභාසිත්ථාති.</div>
                </div>
            </div>
            <div class="centre ct_sutta ending">සාලපුප්ඵදායකත්ථෙරස්සාපදානං නවමං.</div>
        </div>
        <div class="subhead ct_sutta" node-id="462310">
            <span class="subhead ct_sutta">10. පියාලඵලදායකත්ථෙරඅපදානං</span>
            <div class="subhead-contents">
                <div class="paragraph" para="66">
                    <span class="paranum">66</span>
                    <div class="gatha"> ‘‘පාරාවතො 
                        <pb ed="M" n="1.0187"/>
                        <span class="note">(පරොධකො (ස්‍යා.))</span> තදා ආසිං, පරං අනුපරොධකො;
                    </div>
                    <div class="gathalast">පබ්භාරෙ සෙය්‍යං කප්පෙමි, අවිදූරෙ සිඛිසත්ථුනො.</div>
                </div>
                <div class="paragraph" para="67">
                    <span class="paranum">67</span>
                    <div class="gatha"> ‘‘සායං පාතඤ්ච පස්සාමි, බුද්ධං ලොකග්ගනායකං;</div>
                    <div class="gathalast">දෙය්‍යධම්මො ච මෙ නත්ථි, ද්විපදින්දස්ස තාදිනො.</div>
                </div>
                <div class="paragraph" para="68">
                    <span class="paranum">68</span>
                    <div class="gatha"> ‘‘පියාලඵලමාදාය 
                        <pb ed="P" n="1.0170"/>, අගමං බුද්ධසන්තිකං;
                    </div>
                    <div class="gathalast">පටිග්ගහෙසි භගවා, ලොකජෙට්ඨො නරාසභො.</div>
                </div>
                <div class="paragraph" para="69">
                    <span class="paranum">69</span>
                    <div class="gatha"> ‘‘තතො පරං උපාදාය, පරිචාරිං විනායකං;</div>
                    <div class="gathalast">තෙන චිත්තප්පසාදෙන, තත්ථ කාලඞ්කතො අහං.</div>
                </div>
                <div class="paragraph" para="70">
                    <span class="paranum">70</span>
                    <div class="gatha"> ‘‘එකත්තිංසෙ ඉතො කප්පෙ, යං ඵලං අදදිං අහං;</div>
                    <div class="gathalast">දුග්ගතිං නාභිජානාමි, ඵලදානස්සිදං ඵලං.</div>
                </div>
                <div class="paragraph" para="71">
                    <span class="paranum">71</span>
                    <div class="gatha"> ‘‘ඉතො 
                        <pb ed="T" n="1.0246"/> පන්නරසෙ කප්පෙ, තයො ආසුං පියාලිනො;
                    </div>
                    <div class="gathalast">සත්තරතනසම්පන්නා, චක්කවත්තී මහබ්බලා.</div>
                </div>
                <div class="paragraph" para="72">
                    <span class="paranum">72</span>
                    <div class="gatha"> ‘‘පටිසම්භිදා චතස්සො...පෙ.... කතං බුද්ධස්ස සාසනං’’.</div>
                    <div class="bodytext">ඉත්ථං සුදං ආයස්මා පියාලඵලදායකො ථෙරො ඉමා ගාථායො අභාසිත්ථාති.</div>
                </div>
            </div>
            <div class="centre ct_sutta ending">පියාලඵලදායකත්ථෙරස්සාපදානං දසමං.</div>
        </div>
    </div>
    <div class="centre ct_vagga ending">සොභිතවග්ගො චුද්දසමො.</div>
    <div class="paragraph udana" para="udana">
        <div class="bodytext ct_vagga">තස්සුද්දානං -</div>
        <div class="ct_vagga gatha">සොභිතසුදස්සනො ච, චන්දනො පුප්ඵඡදනො;</div>
        <div class="gathalast ct_vagga">රහො චම්පකපුප්ඵී ච, අත්ථසන්දස්සකෙන ච.</div>
        <div class="ct_vagga gatha">එකපසාදී 
            <span class="note">(එකරංසි (ස්‍යා.))</span> සාලදදො, දසමො ඵලදායකො;
        </div>
        <div class="gathalast ct_vagga">ගාථායො සත්තති ද්වෙ ච, ගණිතායො විභාවිභි.</div>
    </div>
</div>