<div class="specialcaption ct_pannasaka">3. තතියපණ්ණාසකං</div>
<div class="chapter ct_vagga" node-id="29200">
    <span class="chapter ct_vagga">(11) 1. වලාහකවග්ගො</span>
    <div class="chapter-contents">
        <div class="subhead ct_sutta" node-id="29201">
            <span class="subhead ct_sutta">1. පඨමවලාහකසුත්තං</span>
            <div class="subhead-contents">
                <div class="paragraph" para="101">
                    <span class="paranum">101</span>
                    <div class="bodytext"> එවං 
                        <pb ed="V" n="1.0117"/>
                        <pb ed="M" n="1.0416"/>
                        <pb ed="P" n="2.0102"/> මෙ සුතං - එකං 
                        <pb ed="T" n="2.0135"/> සමයං භගවා සාවත්ථියං විහරති ජෙතවනෙ අනාථපිණ්ඩිකස්ස ආරාමෙ. තත්‍ර ඛො භගවා භික්ඛූ ආමන්තෙසි - ‘‘භික්ඛවො’’ති. ‘‘භදන්තෙ’’ති තෙ භික්ඛූ භගවතො පච්චස්සොසුං. භගවා එතදවොච -
                    </div>
                    <div class="bodytext">‘‘චත්තාරොමෙ, භික්ඛවෙ, වලාහකා. කතමෙ චත්තාරො? ගජ්ජිතා නො වස්සිතා, වස්සිතා නො ගජ්ජිතා, නෙව ගජ්ජිතා නො වස්සිතා, ගජ්ජිතා ච වස්සිතා ච. ඉමෙ ඛො, භික්ඛවෙ, චත්තාරො වලාහකා. එවමෙවං ඛො, භික්ඛවෙ, චත්තාරො වලාහකූපමා 
                        <span class="note">(පු. ප. 157)</span> පුග්ගලා සන්තො සංවිජ්ජමානා ලොකස්මිං. කතමෙ චත්තාරො? ගජ්ජිතා නො වස්සිතා, වස්සිතා නො ගජ්ජිතා, නෙව ගජ්ජිතා නො වස්සිතා, ගජ්ජිතා ච වස්සිතා ච.
                    </div>
                    <div class="bodytext">‘‘කථඤ්ච, භික්ඛවෙ, පුග්ගලො ගජ්ජිතා හොති නො වස්සිතා? ඉධ, භික්ඛවෙ, එකච්චො පුග්ගලො භාසිතා හොති, නො කත්තා. එවං ඛො, භික්ඛවෙ, පුග්ගලො ගජ්ජිතා හොති, නො වස්සිතා. සෙය්‍යථාපි සො, භික්ඛවෙ, වලාහකො ගජ්ජිතා, නො වස්සිතා; තථූපමාහං, භික්ඛවෙ, ඉමං පුග්ගලං වදාමි.</div>
                    <div class="bodytext">‘‘කථඤ්ච, භික්ඛවෙ, පුග්ගලො වස්සිතා හොති, නො ගජ්ජිතා? ඉධ, භික්ඛවෙ, එකච්චො පුග්ගලො කත්තා හොති, නො භාසිතා. එවං ඛො, භික්ඛවෙ, පුග්ගලො වස්සිතා හොති, නො ගජ්ජිතා. සෙය්‍යථාපි සො, භික්ඛවෙ, වලාහකො වස්සිතා, නො ගජ්ජිතා; තථූපමාහං, භික්ඛවෙ 
                        <pb ed="T" n="2.0136"/>, ඉමං පුග්ගලං වදාමි.
                    </div>
                    <div class="bodytext">‘‘කථඤ්ච 
                        <pb ed="V" n="1.0118"/>, භික්ඛවෙ, පුග්ගලො නෙව ගජ්ජිතා හොති, නො වස්සිතා? ඉධ, භික්ඛවෙ, එකච්චො පුග්ගලො නෙව භාසිතා හොති, නො කත්තා. එවං ඛො, භික්ඛවෙ, පුග්ගලො නෙව ගජ්ජිතා හොති, නො වස්සිතා. සෙය්‍යථාපි 
                        <pb ed="M" n="1.0417"/> සො, භික්ඛවෙ, වලාහකො නෙව ගජ්ජිතා 
                        <span class="note">(නෙව ගජ්ජිතා හොති (ක.))</span>, නො වස්සිතා; තථූපමාහං, භික්ඛවෙ, ඉමං පුග්ගලං වදාමි.
                    </div>
                    <div class="bodytext">‘‘කථඤ්ච, භික්ඛවෙ, පුග්ගලො ගජ්ජිතා ච හොති වස්සිතා ච? ඉධ, භික්ඛවෙ, එකච්චො පුග්ගලො භාසිතා ච හොති කත්තා ච. එවං ඛො, භික්ඛවෙ, පුග්ගලො ගජ්ජිතා ච හොති වස්සිතා ච. සෙය්‍යථාපි සො, භික්ඛවෙ, වලාහකො ගජ්ජිතා ච 
                        <span class="note">(ගජ්ජිතා ච හොති (ක.))</span> වස්සිතා ච; තථූපමාහං, භික්ඛවෙ, ඉමං පුග්ගලං වදාමි. ඉමෙ ඛො, භික්ඛවෙ, චත්තාරො වලාහකූපමා පුග්ගලා සන්තො සංවිජ්ජමානා ලොකස්මි’’න්ති. පඨමං.
                    </div>
                </div>
            </div>
        </div>
        <div class="subhead ct_sutta" node-id="29202">
            <span class="subhead ct_sutta">2. දුතියවලාහකසුත්තං</span>
            <div class="subhead-contents">
                <div class="paragraph" para="102">
                    <span class="paranum">102</span>
                    <div class="bodytext"> ‘‘චත්තාරොමෙ 
                        <pb ed="P" n="2.0103"/>, භික්ඛවෙ, වලාහකා. කතමෙ චත්තාරො? ගජ්ජිතා නො වස්සිතා, වස්සිතා නො ගජ්ජිතා, නෙව ගජ්ජිතා නො වස්සිතා ගජ්ජිතා ච වස්සිතා ච. ඉමෙ ඛො, භික්ඛවෙ, චත්තාරො වලාහකා. එවමෙවං ඛො, භික්ඛවෙ, චත්තාරො වලාහකූපමා පුග්ගලා සන්තො සංවිජ්ජමානා ලොකස්මිං. කතමෙ චත්තාරො? ගජ්ජිතා නො වස්සිතා, වස්සිතා නො ගජ්ජිතා, නෙව ගජ්ජිතා නො වස්සිතා, ගජ්ජිතා ච වස්සිතා ච.
                    </div>
                    <div class="bodytext">‘‘කථඤ්ච, භික්ඛවෙ, පුග්ගලො ගජ්ජිතා හොති, නො වස්සිතා? ඉධ, භික්ඛවෙ, එකච්චො පුග්ගලො ධම්මං පරියාපුණාති - සුත්තං, ගෙය්‍යං, වෙය්‍යාකරණං, ගාථං, උදානං, ඉතිවුත්තකං, ජාතකං, අබ්භුතධම්මං, වෙදල්ලං. සො ‘ඉදං දුක්ඛ’න්ති යථාභූතං නප්පජානාති, ‘අයං දුක්ඛසමුදයො’ති යථාභූතං නප්පජානාති, ‘අයං දුක්ඛනිරොධො’ති 
                        <pb ed="T" n="2.0137"/> යථාභූතං නප්පජානාති, ‘අයං දුක්ඛනිරොධගාමිනී පටිපදා’ති යථාභූතං නප්පජානාති. එවං ඛො, භික්ඛවෙ, පුග්ගලො ගජ්ජිතා හොති, නො වස්සිතා. සෙය්‍යථාපි සො, භික්ඛවෙ, වලාහකො ගජ්ජිතා, නො වස්සිතා; තථූපමාහං, භික්ඛවෙ, ඉමං පුග්ගලං වදාමි.
                    </div>
                    <div class="bodytext">‘‘කථඤ්ච, භික්ඛවෙ, පුග්ගලො වස්සිතා හොති, නො ගජ්ජිතා? ඉධ, භික්ඛවෙ, එකච්චො පුග්ගලො 
                        <pb ed="V" n="1.0119"/> ධම්මං න පරියාපුණාති - සුත්තං, ගෙය්‍යං, වෙය්‍යාකරණං, ගාථං, උදානං, ඉතිවුත්තකං, ජාතකං, අබ්භුතධම්මං, වෙදල්ලං. සො ‘ඉදං දුක්ඛ’න්ති යථාභූතං පජානාති...පෙ.... ‘අයං දුක්ඛනිරොධගාමිනී පටිපදා’ති 
                        <pb ed="M" n="1.0418"/> යථාභූතං පජානාති. එවං ඛො, භික්ඛවෙ, පුග්ගලො වස්සිතා හොති, නො ගජ්ජිතා. සෙය්‍යථාපි සො, භික්ඛවෙ, වලාහකො වස්සිතා, නො ගජ්ජිතා; තථූපමාහං, භික්ඛවෙ, ඉමං පුග්ගලං වදාමි.
                    </div>
                    <div class="bodytext">‘‘කථඤ්ච, භික්ඛවෙ, පුග්ගලො නෙව ගජ්ජිතා හොති, නො වස්සිතා? ඉධ, භික්ඛවෙ, එකච්චො පුග්ගලො නෙව ධම්මං පරියාපුණාති - සුත්තං, ගෙය්‍යං, වෙය්‍යාකරණං, ගාථං, උදානං, ඉතිවුත්තකං, ජාතකං, අබ්භුතධම්මං, වෙදල්ලං. සො ‘ඉදං දුක්ඛ’න්ති යථාභූතං නප්පජානාති...පෙ.... ‘අයං දුක්ඛනිරොධගාමිනී පටිපදා’ති යථාභූතං නප්පජානාති. එවං ඛො, භික්ඛවෙ, පුග්ගලො නෙව ගජ්ජිතා හොති, නො වස්සිතා. සෙය්‍යථාපි සො, භික්ඛවෙ, වලාහකො නෙව ගජ්ජිතා, නො වස්සිතා; තථූපමාහං, භික්ඛවෙ, ඉමං පුග්ගලං වදාමි.</div>
                    <div class="bodytext">‘‘කථඤ්ච, භික්ඛවෙ, පුග්ගලො ගජ්ජිතා ච හොති වස්සිතා ච 
                        <pb ed="T" n="2.0138"/>? ඉධ, භික්ඛවෙ, එකච්චො පුග්ගලො ධම්මං පරියාපුණාති - සුත්තං, ගෙය්‍යං, වෙය්‍යාකරණං, ගාථං, උදානං, ඉතිවුත්තකං, ජාතකං, අබ්භුතධම්මං, වෙදල්ලං. සො ‘ඉදං දුක්ඛ’න්ති යථාභූතං පජානාති...පෙ.... ‘අයං දුක්ඛනිරොධගාමිනී පටිපදා’ති යථාභූතං පජානාති. එවං ඛො, භික්ඛවෙ, පුග්ගලො ගජ්ජිතා ච හොති වස්සිතා ච. සෙය්‍යථාපි සො, භික්ඛවෙ, වලාහකො ගජ්ජිතා ච වස්සිතා ච; තථූපමාහං, භික්ඛවෙ, ඉමං පුග්ගලං වදාමි. ඉමෙ 
                        <pb ed="P" n="2.0104"/> ඛො, භික්ඛවෙ, චත්තාරො වලාහකූපමා පුග්ගලා සන්තො සංවිජ්ජමානා ලොකස්මි’’න්ති. දුතියං.
                    </div>
                </div>
            </div>
        </div>
        <div class="subhead ct_sutta" node-id="29203">
            <span class="subhead ct_sutta">3. කුම්භසුත්තං</span>
            <div class="subhead-contents">
                <div class="paragraph" para="103">
                    <span class="paranum">103</span>
                    <div class="bodytext"> ‘‘චත්තාරොමෙ, භික්ඛවෙ, කුම්භා. කතමෙ චත්තාරො? තුච්ඡො පිහිතො, පූරො විවටො, තුච්ඡො විවටො, පූරො පිහිතො - ඉමෙ ඛො, භික්ඛවෙ, චත්තාරො කුම්භා. එවමෙවං ඛො, භික්ඛවෙ 
                        <pb ed="V" n="1.0120"/>, චත්තාරො කුම්භූපමා 
                        <span class="note">(පු. ප. 160)</span> පුග්ගලා සන්තො සංවිජ්ජමානා ලොකස්මිං. කතමෙ චත්තාරො? තුච්ඡො පිහිතො, පූරො විවටො, තුච්ඡො විවටො, පූරො පිහිතො.
                    </div>
                    <div class="bodytext">‘‘කථඤ්ච, භික්ඛවෙ, පුග්ගලො තුච්ඡො හොති පිහිතො? ඉධ, භික්ඛවෙ, එකච්චස්ස පුග්ගලස්ස පාසාදිකං හොති අභික්කන්තං පටික්කන්තං ආලොකිතං විලොකිතං සමිඤ්ජිතං පසාරිතං සඞ්ඝාටිපත්තචීවරධාරණං. සො ‘ඉදං දුක්ඛ’න්ති යථාභූතං නප්පජානාති...පෙ.... ‘අයං දුක්ඛනිරොධගාමිනී පටිපදා’ති යථාභූතං නප්පජානාති. එවං ඛො, භික්ඛවෙ, පුග්ගලො තුච්ඡො හොති පිහිතො 
                        <pb ed="M" n="1.0419"/>. සෙය්‍යථාපි සො, භික්ඛවෙ, කුම්භො තුච්ඡො පිහිතො; තථූපමාහං, භික්ඛවෙ, ඉමං පුග්ගලං වදාමි.
                    </div>
                    <div class="bodytext">‘‘කථඤ්ච 
                        <pb ed="T" n="2.0139"/>, භික්ඛවෙ, පුග්ගලො පූරො හොති විවටො? ඉධ, භික්ඛවෙ, එකච්චස්ස පුග්ගලස්ස න පාසාදිකං හොති අභික්කන්තං පටික්කන්තං ආලොකිතං විලොකිතං සමිඤ්ජිතං පසාරිතං සඞ්ඝාටිපත්තචීවරධාරණං. සො ‘ඉදං දුක්ඛ’න්ති යථාභූතං පජානාති...පෙ.... ‘අයං දුක්ඛනිරොධගාමිනී පටිපදා’ති යථාභූතං පජානාති. එවං ඛො, භික්ඛවෙ, පුග්ගලො පූරො හොති විවටො. සෙය්‍යථාපි සො, භික්ඛවෙ, කුම්භො පූරො විවටො; තථූපමාහං, භික්ඛවෙ, ඉමං පුග්ගලං වදාමි.
                    </div>
                    <div class="bodytext">‘‘කථඤ්ච, භික්ඛවෙ, පුග්ගලො තුච්ඡො හොති විවටො? ඉධ, භික්ඛවෙ, එකච්චස්ස පුග්ගලස්ස න පාසාදිකං හොති අභික්කන්තං පටික්කන්තං ආලොකිතං විලොකිතං සමිඤ්ජිතං පසාරිතං සඞ්ඝාටිපත්තචීවරධාරණං. සො ‘ඉදං දුක්ඛ’න්ති යථාභූතං නප්පජානාති...පෙ.... ‘අයං දුක්ඛනිරොධගාමිනී පටිපදා’ති යථාභූතං නප්පජානාති. එවං ඛො, භික්ඛවෙ, පුග්ගලො තුච්ඡො හොති විවටො. සෙය්‍යථාපි සො, භික්ඛවෙ, කුම්භො තුච්ඡො විවටො; තථූපමාහං, භික්ඛවෙ, ඉමං පුග්ගලං වදාමි.</div>
                    <div class="bodytext">‘‘කථඤ්ච, භික්ඛවෙ, පුග්ගලො පූරො හොති පිහිතො? ඉධ, භික්ඛවෙ, එකච්චස්ස පුග්ගලස්ස පාසාදිකං හොති අභික්කන්තං පටික්කන්තං ආලොකිතං විලොකිතං සමිඤ්ජිතං පසාරිතං සඞ්ඝාටිපත්තචීවරධාරණං. සො ‘ඉදං දුක්ඛ’න්ත්න්ත්ති 
                        <pb ed="P" n="2.0105"/> යථාභූතං පජානාති...පෙ.... 
                        <pb ed="V" n="1.0121"/> ‘අයං දුක්ඛනිරොධගාමිනී පටිපදා’ති යථාභූතං පජානාති. එවං ඛො, භික්ඛවෙ, පුග්ගලො පූරො හොති පිහිතො. සෙය්‍යථාපි 
                        <pb ed="T" n="2.0140"/> සො, භික්ඛවෙ, කුම්භො පූරො පිහිතො; තථූපමාහං, භික්ඛවෙ, ඉමං පුග්ගලං වදාමි. ඉමෙ ඛො, භික්ඛවෙ, චත්තාරො කුම්භූපමා පුග්ගලා සන්තො සංවිජ්ජමානා ලොකස්මි’’න්ති. තතියං.
                    </div>
                </div>
            </div>
        </div>
        <div class="subhead ct_sutta" node-id="29204">
            <span class="subhead ct_sutta">4. උදකරහදසුත්තං</span>
            <div class="subhead-contents">
                <div class="paragraph" para="104">
                    <span class="paranum">104</span>
                    <div class="bodytext"> ‘‘චත්තාරොමෙ, භික්ඛවෙ, උදකරහදා. කතමෙ චත්තාරො? උත්තානො ගම්භීරොභාසො, ගම්භීරො උත්තානොභාසො, උත්තානො උත්තානොභාසො, ගම්භීරො ගම්භීරොභාසො - ඉමෙ ඛො, භික්ඛවෙ, චත්තාරො උදකරහදා. එවමෙවං ඛො, භික්ඛවෙ, චත්තාරො උදකරහදූපමා 
                        <span class="note">(පු. ප. 161)</span> පුග්ගලා සන්තො සංවිජ්ජමානා ලොකස්මිං. කතමෙ චත්තාරො? උත්තානො ගම්භීරොභාසො 
                        <pb ed="M" n="1.0420"/>, ගම්භීරො උත්තානොභාසො, උත්තානො උත්තානොභාසො, ගම්භීරො ගම්භීරොභාසො.
                    </div>
                    <div class="bodytext">‘‘කථඤ්ච, භික්ඛවෙ, පුග්ගලො උත්තානො හොති ගම්භීරොභාසො? ඉධ, භික්ඛවෙ, එකච්චස්ස පුග්ගලස්ස පාසාදිකං හොති අභික්කන්තං පටික්කන්තං ආලොකිතං විලොකිතං සමිඤ්ජිතං පසාරිතං සඞ්ඝාටිපත්තචීවරධාරණං. සො ‘ඉදං දුක්ඛ’න්ති යථාභූතං නප්පජානාති...පෙ.... ‘අයං දුක්ඛනිරොධගාමිනී පටිපදා’ති යථාභූතං නප්පජානාති. එවං ඛො, භික්ඛවෙ, පුග්ගලො උත්තානො හොති ගම්භීරොභාසො. සෙය්‍යථාපි සො, භික්ඛවෙ, උදකරහදො උත්තානො ගම්භීරොභාසො; තථූපමාහං, භික්ඛවෙ, ඉමං පුග්ගලං වදාමි.</div>
                    <div class="bodytext">‘‘කථඤ්ච 
                        <pb ed="P" n="2.0106"/>, භික්ඛවෙ, පුග්ගලො ගම්භීරො හොති උත්තානොභාසො? ඉධ, භික්ඛවෙ, එකච්චස්ස පුග්ගලස්ස න පාසාදිකං හොති අභික්කන්තං පටික්කන්තං ආලොකිතං විලොකිතං සමිඤ්ජිතං පසාරිතං සඞ්ඝාටිපත්තචීවරධාරණං. සො ‘ඉදං දුක්ඛ’න්ති යථාභූතං 
                        <pb ed="T" n="2.0141"/> පජානාති...පෙ.... ‘අයං දුක්ඛනිරොධගාමිනී පටිපදා’ති යථාභූතං පජානාති. එවං ඛො, භික්ඛවෙ, පුග්ගලො ගම්භීරො හොති උත්තානොභාසො. සෙය්‍යථාපි සො, භික්ඛවෙ, උදකරහදො ගම්භීරො උත්තානොභාසො; තථූපමාහං, භික්ඛවෙ, ඉමං පුග්ගලං වදාමි.
                    </div>
                    <div class="bodytext">‘‘කථඤ්ච 
                        <pb ed="V" n="1.0122"/>, භික්ඛවෙ, පුග්ගලො උත්තානො හොති උත්තානොභාසො? ඉධ, භික්ඛවෙ, එකච්චස්ස පුග්ගලස්ස න පාසාදිකං හොති අභික්කන්තං පටික්කන්තං ආලොකිතං විලොකිතං සමිඤ්ජිතං පසාරිතං සඞ්ඝාටිපත්තචීවරධාරණං. සො ‘ඉදං දුක්ඛ’න්ති යථාභූතං නප්පජානාති...පෙ.... ‘අයං දුක්ඛනිරොධගාමිනී පටිපදා’ති යථාභූතං නප්පජානාති. එවං ඛො, භික්ඛවෙ, පුග්ගලො උත්තානො හොති උත්තානොභාසො. සෙය්‍යථාපි සො, භික්ඛවෙ, උදකරහදො උත්තානො උත්තානොභාසො; තථූපමාහං, භික්ඛවෙ, ඉමං පුග්ගලං වදාමි.
                    </div>
                    <div class="bodytext">‘‘කථඤ්ච, භික්ඛවෙ, පුග්ගලො ගම්භීරො හොති ගම්භීරොභාසො? ඉධ, භික්ඛවෙ, එකච්චස්ස පුග්ගලස්ස පාසාදිකං හොති අභික්කන්තං පටික්කන්තං ආලොකිතං විලොකිතං සමිඤ්ජිතං පසාරිතං සඞ්ඝාටිපත්තචීවරධාරණං. සො ‘ඉදං දුක්ඛ’න්ති යථාභූතං පජානාති...පෙ.... ‘අයං දුක්ඛනිරොධගාමිනී පටිපදා’ති යථාභූතං පජානාති. එවං ඛො, භික්ඛවෙ, පුග්ගලො ගම්භීරො හොති ගම්භීරොභාසො. සෙය්‍යථාපි සො, භික්ඛවෙ, උදකරහදො ගම්භීරො ගම්භීරොභාසො; තථූපමාහං, භික්ඛවෙ, ඉමං පුග්ගලං 
                        <pb ed="T" n="2.0142"/> වදාමි. ඉමෙ ඛො 
                        <pb ed="M" n="1.0421"/>, භික්ඛවෙ, චත්තාරො උදකරහදූපමා පුග්ගලා සන්තො සංවිජ්ජමානා ලොකස්මි’’න්ති. චතුත්ථං.
                    </div>
                </div>
            </div>
        </div>
        <div class="subhead ct_sutta" node-id="29205">
            <span class="subhead ct_sutta">5. අම්බසුත්තං</span>
            <div class="subhead-contents">
                <div class="paragraph" para="105">
                    <span class="paranum">105</span>
                    <div class="bodytext"> ‘‘චත්තාරිමානි, භික්ඛවෙ, අම්බානි. කතමානි චත්තාරි? ආමං පක්කවණ්ණි 
                        <span class="note">(පක්කවණ්ණී (පු. ප. 159))</span>, පක්කං ආමවණ්ණි 
                        <span class="note">(ආමවණ්ණී (සී. ස්‍යා. කං. පී.))</span>, ආමං ආමවණ්ණි, පක්කං පක්කවණ්ණි - ඉමානි ඛො, භික්ඛවෙ, චත්තාරි අම්බානි. එවමෙවං ඛො, භික්ඛවෙ, චත්තාරො අම්බූපමා 
                        <span class="note">(පක්කවණ්ණී (පු. ප. 159))</span> පුග්ගලා සන්තො සංවිජ්ජමානා ලොකස්මිං. කතමෙ චත්තාරො? ආමො පක්කවණ්ණී, පක්කො ආමවණ්ණී, ආමො ආමවණ්ණී, පක්කො පක්කවණ්ණී.
                    </div>
                    <div class="bodytext">‘‘කථඤ්ච, භික්ඛවෙ, පුග්ගලො ආමො හොති පක්කවණ්ණී? ඉධ 
                        <pb ed="P" n="2.0107"/>, භික්ඛවෙ, එකච්චස්ස පුග්ගලස්ස පාසාදිකං හොති අභික්කන්තං පටික්කන්තං ආලොකිතං විලොකිතං සමිඤ්ජිතං පසාරිතං සඞ්ඝාටිපත්තචීවරධාරණං. සො ‘ඉදං දුක්ඛ’න්ති යථාභූතං නප්පජානාති...පෙ.... ‘අයං දුක්ඛනිරොධගාමිනී පටිපදා’ති යථාභූතං නප්පජානාති. එවං ඛො, භික්ඛවෙ, පුග්ගලො ආමො හොති 
                        <pb ed="V" n="1.0123"/> පක්කවණ්ණී. සෙය්‍යථාපි තං, භික්ඛවෙ, අම්බං ආමං පක්කවණ්ණි; තථූපමාහං, භික්ඛවෙ, ඉමං පුග්ගලං වදාමි.
                    </div>
                    <div class="bodytext">‘‘කථඤ්ච, භික්ඛවෙ, පුග්ගලො පක්කො හොති ආමවණ්ණී? ඉධ, භික්ඛවෙ, එකච්චස්ස පුග්ගලස්ස න පාසාදිකං හොති අභික්කන්තං පටික්කන්තං ආලොකිතං විලොකිතං සමිඤ්ජිතං පසාරිතං සඞ්ඝාටිපත්තචීවරධාරණං. සො ‘ඉදං දුක්ඛ’න්ති යථාභූතං පජානාති...පෙ.... ‘අයං දුක්ඛනිරොධගාමිනී පටිපදා’ති යථාභූතං 
                        <pb ed="T" n="2.0143"/> පජානාති. එවං ඛො, භික්ඛවෙ, පුග්ගලො පක්කො හොති ආමවණ්ණී. සෙය්‍යථාපි තං, භික්ඛවෙ, අම්බං පක්කං ආමවණ්ණි; තථූපමාහං, භික්ඛවෙ, ඉමං පුග්ගලං වදාමි.
                    </div>
                    <div class="bodytext">‘‘කථඤ්ච, භික්ඛවෙ, පුග්ගලො ආමො හොති ආමවණ්ණී? ඉධ, භික්ඛවෙ, එකච්චස්ස පුග්ගලස්ස න පාසාදිකං හොති අභික්කන්තං පටික්කන්තං ආලොකිතං විලොකිතං සමිඤ්ජිතං පසාරිතං සඞ්ඝාටිපත්තචීවරධාරණං. සො ‘ඉදං දුක්ඛ’න්ති යථාභූතං නප්පජානාති...පෙ.... ‘අයං දුක්ඛනිරොධගාමිනී පටිපදා’ති යථාභූතං නප්පජානාති. එවං ඛො, භික්ඛවෙ, පුග්ගලො ආමො හොති ආමවණ්ණී 
                        <pb ed="M" n="1.0422"/>. සෙය්‍යථාපි තං, භික්ඛවෙ, අම්බං ආමං ආමවණ්ණි; තථූපමාහං, භික්ඛවෙ, ඉමං පුග්ගලං වදාමි.
                    </div>
                    <div class="bodytext">‘‘කථඤ්ච, භික්ඛවෙ, පුග්ගලො පක්කො හොති පක්කවණ්ණී? ඉධ, භික්ඛවෙ, එකච්චස්ස පුග්ගලස්ස පාසාදිකං හොති අභික්කන්තං පටික්කන්තං ආලොකිතං විලොකිතං සමිඤ්ජිතං පසාරිතං සඞ්ඝාටිපත්තචීවරධාරණං. සො ‘ඉදං දුක්ඛ’න්ති යථාභූතං පජානාති...පෙ.... ‘අයං දුක්ඛනිරොධගාමිනී පටිපදා’ති යථාභූතං පජානාති. එවං ඛො, භික්ඛවෙ, පුග්ගලො පක්කො හොති පක්කවණ්ණී. සෙය්‍යථාපි තං, භික්ඛවෙ, අම්බං පක්කං පක්කවණ්ණි; තථූපමාහං, භික්ඛවෙ, ඉමං පුග්ගලං වදාමි. ඉමෙ ඛො, භික්ඛවෙ, චත්තාරො අම්බූපමා පුග්ගලා සන්තො සංවිජ්ජමානා 
                        <pb ed="T" n="2.0144"/> ලොකස්මි’’න්ති. පඤ්චමං.
                    </div>
                </div>
            </div>
        </div>
        <div class="subhead ct_sutta" node-id="29206">
            <span class="subhead ct_sutta">6. දුතියඅම්බසුත්තං</span>
            <div class="subhead-contents">
                <div class="paragraph" para="106">
                    <span class="paranum">106</span>
                    <div class="bodytext"> (ඡට්ඨං උත්තානත්ථමෙවාති අට්ඨකථායං දස්සිතං, පාළිපොත්ථකෙසු පන කත්ථචිපි න දිස්සති.) 
                        <span class="note">(( ) ‘‘ඡට්ඨං උක්කානත්ථමෙවා’’ති අට්ඨකථායං දස්සිතං, පාළිපොත්ථකෙසු පන කත්ථචිපි න දිස්සති. ‘‘... ආමං පක්කොභාසං, පක්කං ආමොභාස’’න්තිආදිනා පාඨො භවෙය්‍ය)</span>
                    </div>
                </div>
            </div>
        </div>
        <div class="subhead ct_sutta" node-id="29207">
            <span class="subhead ct_sutta">7. මූසිකසුත්තං</span>
            <div class="subhead-contents">
                <div class="paragraph" para="107">
                    <span class="paranum">107</span>
                    <div class="bodytext"> ‘‘චතස්සො 
                        <pb ed="V" n="1.0124"/> ඉමා, භික්ඛවෙ, මූසිකා. කතමා චතස්සො? ගාධං කත්තා නො වසිතා, වසිතා නො ගාධං කත්තා, නෙව ගාධං කත්තා නො වසිතා, ගාධං කත්තා ච වසිතා ච - ඉමා ඛො, භික්ඛවෙ, චතස්සො මූසිකා. එවමෙවං ඛො, භික්ඛවෙ, චත්තාරො මූසිකූපමා පුග්ගලා සන්තො සංවිජ්ජමානා ලොකස්මිං. කතමෙ චත්තාරො? ගාධං කත්තා නො වසිතා, වසිතා නො ගාධං කත්තා, නෙව ගාධං කත්තා නො වසිතා, ගාධං කත්තා ච වසිතා ච.
                    </div>
                    <div class="bodytext">‘‘කථඤ්ච 
                        <pb ed="P" n="2.0108"/>, භික්ඛවෙ, පුග්ගලො ගාධං කත්තා හොති නො වසිතා? ඉධ, භික්ඛවෙ, එකච්චො පුග්ගලො ධම්මං පරියාපුණාති - සුත්තං, ගෙය්‍යං, වෙය්‍යාකරණං, ගාථං, උදානං, ඉතිවුත්තකං, ජාතකං, අබ්භුතධම්මං, වෙදල්ලං. සො ‘ඉදං දුක්ඛ’න්ති යථාභූතං නප්පජානාති...පෙ.... ‘අයං දුක්ඛනිරොධගාමිනී පටිපදා’ති යථාභූතං නප්පජානාති. එවං ඛො, භික්ඛවෙ, පුග්ගලො ගාධං කත්තා හොති, නො වසිතා. සෙය්‍යථාපි සා 
                        <pb ed="T" n="2.0145"/>, භික්ඛවෙ, මූසිකා ගාධං කත්තා, නො වසිතා; තථූපමාහං, භික්ඛවෙ, ඉමං පුග්ගලං වදාමි.
                    </div>
                    <div class="bodytext">‘‘කථඤ්ච, භික්ඛවෙ, පුග්ගලො වසිතා හොති, නො ගාධං කත්තා? ඉධ, භික්ඛවෙ, එකච්චො පුග්ගලො ධම්මං න පරියාපුණාති - සුත්තං, ගෙය්‍යං, වෙය්‍යාකරණං, ගාථං 
                        <pb ed="M" n="1.0423"/>, උදානං, ඉතිවුත්තකං, ජාතකං, අබ්භුතධම්මං, වෙදල්ලං. සො ‘ඉදං දුක්ඛ’න්ති යථාභූතං පජානාති...පෙ.... ‘අයං දුක්ඛනිරොධගාමිනී පටිපදා’ති යථාභූතං පජානාති. එවං ඛො, භික්ඛවෙ, පුග්ගලො වසිතා හොති, නො ගාධං කත්තා. සෙය්‍යථාපි සා, භික්ඛවෙ, මූසිකා වසිතා හොති, නො ගාධං කත්තා; තථූපමාහං, භික්ඛවෙ, ඉමං, පුග්ගලං වදාමි.
                    </div>
                    <div class="bodytext">‘‘කථඤ්ච, භික්ඛවෙ, පුග්ගලො නෙව ගාධං කත්තා හොති නො වසිතා? ඉධ, භික්ඛවෙ, එකච්චො පුග්ගලො ධම්මං න පරියාපුණාති - සුත්තං, ගෙය්‍යං, වෙය්‍යාකරණං, ගාථං, උදානං, ඉතිවුත්තකං, ජාතකං, අබ්භුතධම්මං, වෙදල්ලං. සො ‘ඉදං දුක්ඛ’න්ති යථාභූතං නප්පජානාති...පෙ.... ‘අයං දුක්ඛනිරොධගාමිනී පටිපදා’ති යථාභූතං නප්පජානාති. එවං ඛො, භික්ඛවෙ 
                        <pb ed="V" n="1.0125"/>, පුග්ගලො නෙව ගාධං කත්තා හොති, නො වසිතා. සෙය්‍යථාපි සා, භික්ඛවෙ, මූසිකා නෙව ගාධං කත්තා හොති, නො වසිතා; තථූපමාහං, භික්ඛවෙ, ඉමං පුග්ගලං වදාමි.
                    </div>
                    <div class="bodytext">‘‘කථඤ්ච, භික්ඛවෙ, පුග්ගලො ගාධං කත්තා ච හොති වසිතා ච? ඉධ, භික්ඛවෙ, එකච්චො පුග්ගලො 
                        <pb ed="T" n="2.0146"/> ධම්මං පරියාපුණාති - සුත්තං, ගෙය්‍යං, වෙය්‍යාකරණං, ගාථං, උදානං, ඉතිවුත්තකං, ජාතකං, අබ්භුතධම්මං, වෙදල්ලං. සො ‘ඉදං දුක්ඛ’න්ති යථාභූතං පජානාති...පෙ.... ‘අයං දුක්ඛනිරොධගාමිනී පටිපදා’ති යථාභූතං පජානාති. එවං ඛො, භික්ඛවෙ, පුග්ගලො ගාධං කත්තා ච හොති වසිතා ච. සෙය්‍යථාපි සා, භික්ඛවෙ, මූසිකා ගාධං කත්තා ච හොති වසිතා ච; තථූපමාහං, භික්ඛවෙ, ඉමං පුග්ගලං වදාමි. ඉමෙ ඛො, භික්ඛවෙ, චත්තාරො මූසිකූපමා පුග්ගලා සන්තො සංවිජ්ජමානා ලොකස්මි’’න්ති. සත්තමං.
                    </div>
                </div>
            </div>
        </div>
        <div class="subhead ct_sutta" node-id="29208">
            <span class="subhead ct_sutta">8. බලීබද්දසුත්තං</span>
            <div class="subhead-contents">
                <div class="paragraph" para="108">
                    <span class="paranum">108</span>
                    <div class="bodytext"> ‘‘චත්තාරොමෙ, භික්ඛවෙ, බලීබද්දා 
                        <span class="note">(බලිවද්දා (සී. ස්‍යා. කං. පී.), බලිබද්ධා (ක.) පු. ප. 162)</span>. කතමෙ චත්තාරො? සගවචණ්ඩො 
                        <pb ed="P" n="2.0109"/> නො පරගවචණ්ඩො, පරගවචණ්ඩො නො සගවචණ්ඩො, සගවචණ්ඩො ච පරගවචණ්ඩො ච, නෙව සගවචණ්ඩො නො පරගවචණ්ඩො - ඉමෙ ඛො, භික්ඛවෙ, චත්තාරො බලීබද්දා. එවමෙවං ඛො, භික්ඛවෙ, චත්තාරො බලීබද්දූපමා පුග්ගලා සන්තො සංවිජ්ජමානා ලොකස්මිං. කතමෙ චත්තාරො? සගවචණ්ඩො නො පරගවචණ්ඩො, පරගවචණ්ඩො නො සගවචණ්ඩො, සගවචණ්ඩො ච පරගවචණ්ඩො ච, නෙව සගවචණ්ඩො නො පරගවචණ්ඩො.
                    </div>
                    <div class="bodytext">‘‘කථඤ්ච 
                        <pb ed="M" n="1.0424"/>, භික්ඛවෙ, පුග්ගලො සගවචණ්ඩො හොති, නො පරගවචණ්ඩො? ඉධ, භික්ඛවෙ, එකච්චො පුග්ගලො සකපරිසං උබ්බෙජෙතා හොති, නො පරපරිසං. එවං ඛො, භික්ඛවෙ, පුග්ගලො සගවචණ්ඩො හොති, නො පරගවචණ්ඩො. සෙය්‍යථාපි සො, භික්ඛවෙ, බලීබද්දො සගවචණ්ඩො, නො පරගවචණ්ඩො; තථූපමාහං, භික්ඛවෙ, ඉමං පුග්ගලං වදාමි.
                    </div>
                    <div class="bodytext">‘‘කථඤ්ච 
                        <pb ed="T" n="2.0147"/>, භික්ඛවෙ, පුග්ගලො පරගවචණ්ඩො හොති, නො සගවචණ්ඩො? ඉධ, භික්ඛවෙ, එකච්චො පුග්ගලො පරපරිසං උබ්බෙජෙතා හොති, නො සකපරිසං. එවං ඛො, භික්ඛවෙ, පුග්ගලො පරගවචණ්ඩො 
                        <pb ed="V" n="1.0126"/> හොති, නො සගවචණ්ඩො. සෙය්‍යථාපි සො, භික්ඛවෙ, බලීබද්දො පරගවචණ්ඩො, නො සගවචණ්ඩො; තථූපමාහං, භික්ඛවෙ, ඉමං පුග්ගලං වදාමි.
                    </div>
                    <div class="bodytext">‘‘කථඤ්ච, භික්ඛවෙ, පුග්ගලො සගවචණ්ඩො ච හොති පරගවචණ්ඩො ච? ඉධ, භික්ඛවෙ, එකච්චො පුග්ගලො සකපරිසං උබ්බෙජෙතා හොති පරපරිසඤ්ච. එවං ඛො, භික්ඛවෙ, පුග්ගලො සගවචණ්ඩො ච හොති පරගවචණ්ඩො ච. සෙය්‍යථාපි සො, භික්ඛවෙ, බලීබද්දො සගවචණ්ඩො ච පරගවචණ්ඩො ච; තථූපමාහං, භික්ඛවෙ, ඉමං පුග්ගලං වදාමි.</div>
                    <div class="bodytext">‘‘කථඤ්ච, භික්ඛවෙ, පුග්ගලො නෙව සගවචණ්ඩො හොති නො පරගවචණ්ඩො? ඉධ, භික්ඛවෙ, එකච්චො පුග්ගලො නෙව සකපරිසං උබ්බෙජෙතා හොති, නො පරපරිසඤ්ච. එවං ඛො, භික්ඛවෙ, පුග්ගලො නෙව සගවචණ්ඩො හොති, නො පරගවචණ්ඩො. සෙය්‍යථාපි සො, භික්ඛවෙ, බලීබද්දො නෙව සගවචණ්ඩො, නො පරගවචණ්ඩො; තථූපමාහං, භික්ඛවෙ, ඉමං පුග්ගලං වදාමි. ඉමෙ ඛො, භික්ඛවෙ, චත්තාරො බලීබද්දූපමා පුග්ගලා සන්තො සංවිජ්ජමානා ලොකස්මි’’න්ති. අට්ඨමං.</div>
                </div>
            </div>
        </div>
        <div class="subhead ct_sutta" node-id="29209">
            <span class="subhead ct_sutta">9. රුක්ඛසුත්තං</span>
            <div class="subhead-contents">
                <div class="paragraph" para="109">
                    <span class="paranum">109</span>
                    <div class="bodytext"> ‘‘චත්තාරොමෙ, භික්ඛවෙ, රුක්ඛා. කතමෙ චත්තාරො? ඵෙග්ගු 
                        <pb ed="P" n="2.0110"/> ඵෙග්ගුපරිවාරො, ඵෙග්ගු සාරපරිවාරො, සාරො ඵෙග්ගුපරිවාරො, සාරො සාරපරිවාරො - ඉමෙ ඛො, භික්ඛවෙ, චත්තාරො රුක්ඛා. එවමෙවං ඛො, භික්ඛවෙ, චත්තාරො රුක්ඛූපමා පුග්ගලා සන්තො සංවිජ්ජමානා ලොකස්මිං. කතමෙ 
                        <pb ed="T" n="2.0148"/> චත්තාරො? ඵෙග්ගු ඵෙග්ගුපරිවාරො, ඵෙග්ගු සාරපරිවාරො, සාරො ඵෙග්ගුපරිවාරො, සාරො සාරපරිවාරො.
                    </div>
                    <div class="bodytext">‘‘කථඤ්ච 
                        <pb ed="M" n="1.0425"/>, භික්ඛවෙ, පුග්ගලො ඵෙග්ගු හොති ඵෙග්ගුපරිවාරො? ඉධ, භික්ඛවෙ, එකච්චො පුග්ගලො දුස්සීලො හොති පාපධම්මො; පරිසාපිස්ස හොති දුස්සීලා පාපධම්මා. එවං ඛො, භික්ඛවෙ, පුග්ගලො ඵෙග්ගු හොති ඵෙග්ගුපරිවාරො. සෙය්‍යථාපි සො, භික්ඛවෙ, රුක්ඛො ඵෙග්ගු ඵෙග්ගුපරිවාරො; තථූපමාහං, භික්ඛවෙ, ඉමං පුග්ගලං වදාමි.
                    </div>
                    <div class="bodytext">‘‘කථඤ්ච 
                        <pb ed="V" n="1.0127"/>, භික්ඛවෙ, පුග්ගලො ඵෙග්ගු හොති සාරපරිවාරො? ඉධ, භික්ඛවෙ, එකච්චො පුග්ගලො දුස්සීලො හොති පාපධම්මො; පරිසා ච ඛ්වස්ස හොති සීලවතී කල්‍යාණධම්මා. එවං ඛො, භික්ඛවෙ, පුග්ගලො ඵෙග්ගු හොති සාරපරිවාරො. සෙය්‍යථාපි සො, භික්ඛවෙ, රුක්ඛො ඵෙග්ගු සාරපරිවාරො; තථූපමාහං, භික්ඛවෙ, ඉමං පුග්ගලං වදාමි.
                    </div>
                    <div class="bodytext">‘‘කථඤ්ච, භික්ඛවෙ, පුග්ගලො සාරො හොති ඵෙග්ගුපරිවාරො? ඉධ, භික්ඛවෙ, එකච්චො පුග්ගලො සීලවා හොති කල්‍යාණධම්මො; පරිසා ච ඛ්වස්ස හොති දුස්සීලා පාපධම්මා. එවං ඛො, භික්ඛවෙ, පුග්ගලො සාරො හොති ඵෙග්ගුපරිවාරො. සෙය්‍යථාපි සො, භික්ඛවෙ, රුක්ඛො සාරො ඵෙග්ගුපරිවාරො; තථූපමාහං, භික්ඛවෙ, ඉමං පුග්ගලං වදාමි.</div>
                    <div class="bodytext">‘‘කථඤ්ච, භික්ඛවෙ, පුග්ගලො සාරො හොති සාරපරිවාරො? ඉධ භික්ඛවෙ, එකච්චො පුග්ගලො සීලවා හොති කල්‍යාණධම්මො; පරිසාපිස්ස හොති සීලවතී කල්‍යාණධම්මා. එවං ඛො, භික්ඛවෙ, පුග්ගලො සාරො හොති සාරපරිවාරො. සෙය්‍යථාපි සො, භික්ඛවෙ, රුක්ඛො සාරො සාරපරිවාරො; තථූපමාහං, භික්ඛවෙ, ඉමං පුග්ගලං වදාමි. ඉමෙ ඛො, භික්ඛවෙ, චත්තාරො රුක්ඛූපමා පුග්ගලා සන්තො 
                        <pb ed="T" n="2.0149"/> සංවිජ්ජමානා ලොකස්මි’’න්ති 
                        <span class="note">(පු. ප. 170)</span>. නවමං.
                    </div>
                </div>
            </div>
        </div>
        <div class="subhead ct_sutta" node-id="292010">
            <span class="subhead ct_sutta">10. ආසීවිසසුත්තං</span>
            <div class="subhead-contents">
                <div class="paragraph" para="110">
                    <span class="paranum">110</span>
                    <div class="bodytext"> ‘‘චත්තාරොමෙ, භික්ඛවෙ, ආසීවිසා 
                        <span class="note">(ආසිවිසා (ක.) පු. ප. 163)</span>. කතමෙ චත්තාරො? ආගතවිසො න ඝොරවිසො, ඝොරවිසො න ආගතවිසො, ආගතවිසො ච ඝොරවිසො ච, නෙවාගතවිසො න ඝොරවිසො - ඉමෙ ඛො, භික්ඛවෙ, චත්තාරො ආසීවිසා. එවමෙවං 
                        <pb ed="P" n="2.0111"/> ඛො, භික්ඛවෙ, චත්තාරො ආසීවිසූපමා පුග්ගලා සන්තො සංවිජ්ජමානා ලොකස්මිං. කතමෙ චත්තාරො? ආගතවිසො න ඝොරවිසො, ඝොරවිසො න ආගතවිසො 
                        <pb ed="M" n="1.0426"/>, ආගතවිසො ච ඝොරවිසො ච, නෙවාගතවිසො න ඝොරවිසො.
                    </div>
                    <div class="bodytext">‘‘කථඤ්ච, භික්ඛවෙ, පුග්ගලො ආගතවිසො හොති, න ඝොරවිසො? ඉධ, භික්ඛවෙ, එකච්චො පුග්ගලො අභිණ්හං කුජ්ඣති. සො ච ඛ්වස්ස කොධො 
                        <span class="note">(කොපො (ක.) පු. ප. 163)</span> න දීඝරත්තං අනුසෙති. එවං ඛො 
                        <pb ed="V" n="1.0128"/>, භික්ඛවෙ, පුග්ගලො ආගතවිසො හොති, න ඝොරවිසො. සෙය්‍යථාපි සො, භික්ඛවෙ, ආසීවිසො ආගතවිසො, න ඝොරවිසො; තථූපමාහං, භික්ඛවෙ, ඉමං පුග්ගලං වදාමි.
                    </div>
                    <div class="bodytext">‘‘කථඤ්ච, භික්ඛවෙ, පුග්ගලො ඝොරවිසො හොති, න ආගතවිසො? ඉධ, භික්ඛවෙ, එකච්චො පුග්ගලො න හෙව ඛො අභිණ්හං කුජ්ඣති. සො ච ඛ්වස්ස කොධො දීඝරත්තං අනුසෙති. එවං ඛො, භික්ඛවෙ, පුග්ගලො ඝොරවිසො හොති, න ආගතවිසො. සෙය්‍යථාපි සො, භික්ඛවෙ, ආසීවිසො ඝොරවිසො, න ආගතවිසො; තථූපමාහං, භික්ඛවෙ, ඉමං පුග්ගලං වදාමි.</div>
                    <div class="bodytext">‘‘කථඤ්ච, භික්ඛවෙ, පුග්ගලො ආගතවිසො ච හොති ඝොරවිසො ච? ඉධ, භික්ඛවෙ, එකච්චො පුග්ගලො අභිණ්හං කුජ්ඣති. සො ච ඛ්වස්ස කොධො දීඝරත්තං අනුසෙති. එවං ඛො, භික්ඛවෙ, පුග්ගලො ආගතවිසො ච හොති ඝොරවිසො 
                        <pb ed="T" n="2.0150"/> ච. සෙය්‍යථාපි සො, භික්ඛවෙ, ආසීවිසො ආගතවිසො ච ඝොරවිසො ච; තථූපමාහං, භික්ඛවෙ, ඉමං පුග්ගලං වදාමි.
                    </div>
                    <div class="bodytext">‘‘කථඤ්ච, භික්ඛවෙ, පුග්ගලො නෙවාගතවිසො හොති න ඝොරවිසො? ඉධ, භික්ඛවෙ, එකච්චො පුග්ගලො න හෙව ඛො අභිණ්හං කුජ්ඣති. සො ච ඛ්වස්ස කොධො න දීඝරත්තං අනුසෙති. එවං ඛො, භික්ඛවෙ, පුග්ගලො නෙවාගතවිසො හොති, න ඝොරවිසො. සෙය්‍යථාපි සො, භික්ඛවෙ, ආසීවිසො නෙවාගතවිසො න ඝොරවිසො; තථූපමාහං, භික්ඛවෙ, ඉමං පුග්ගලං වදාමි. ඉමෙ ඛො, භික්ඛවෙ, චත්තාරො ආසීවිසූපමා පුග්ගලා සන්තො සංවිජ්ජමානා ලොකස්මි’’න්ති. දසමං.</div>
                </div>
            </div>
        </div>
    </div>
    <div class="centre ct_vagga ending">වලාහකවග්ගො පඨමො.</div>
    <div class="paragraph udana" para="udana">
        <div class="bodytext ct_vagga">තස්සුද්දානං -</div>
        <div class="ct_vagga gatha">ද්වෙ වලාහා කුම්භ-උදක, රහදා ද්වෙ හොන්ති අම්බානි;</div>
        <div class="gathalast ct_vagga">මූසිකා බලීබද්දා රුක්ඛා, ආසීවිසෙන තෙ දසාති.</div>
    </div>
</div>