<div class="chapter ct_samyuththa" node-id="21140">
    <span class="chapter ct_samyuththa">5. භික්ඛුනීසංයුත්තං</span>
    <div class="chapter-contents">
        <div class="subhead ct_sutta" node-id="21141">
            <span class="subhead ct_sutta">1. ආළවිකාසුත්තං</span>
            <div class="subhead-contents">
                <div class="paragraph" para="162">
                    <span class="paranum">162</span>
                    <div class="bodytext"> එවං 
                        <pb ed="T" n="1.0188"/>
                        <pb ed="V" n="1.0151"/>
                        <pb ed="P" n="1.0128"/>
                        <pb ed="M" n="1.0129"/> මෙ සුතං - එකං සමයං භගවා සාවත්ථියං විහරති ජෙතවනෙ අනාථපිණ්ඩිකස්ස ආරාමෙ. අථ ඛො ආළවිකා භික්ඛුනී පුබ්බණ්හසමයං නිවාසෙත්වා පත්තචීවරමාදාය සාවත්ථිං පිණ්ඩාය පාවිසි. සාවත්ථියං පිණ්ඩාය චරිත්වා පච්ඡාභත්තං පිණ්ඩපාතපටික්කන්තා යෙන අන්ධවනං තෙනුපසඞ්කමි විවෙකත්ථිනී. අථ ඛො මාරො පාපිමා ආළවිකාය භික්ඛුනියා භයං ඡම්භිතත්තං ලොමහංසං උප්පාදෙතුකාමො විවෙකම්හා චාවෙතුකාමො යෙන ආළවිකා භික්ඛුනී තෙනුපසඞ්කමි; උපසඞ්කමිත්වා ආළවිකං භික්ඛුනිං ගාථාය අජ්ඣභාසි -
                    </div>
                    <div class="gatha">‘‘නත්ථි නිස්සරණං ලොකෙ, කිං විවෙකෙන කාහසි;</div>
                    <div class="gathalast">භුඤ්ජස්සු කාමරතියො, මාහු පච්ඡානුතාපිනී’’ති.</div>
                    <div class="bodytext">අථ ඛො ආළවිකාය භික්ඛුනියා එතදහොසි - ‘‘කො නු ඛ්වායං මනුස්සො වා අමනුස්සො වා ගාථං භාසතී’’ති? අථ ඛො ආළවිකාය භික්ඛුනියා එතදහොසි - ‘‘මාරො ඛො අයං පාපිමා මම භයං ඡම්භිතත්තං ලොමහංසං උප්පාදෙතුකාමො විවෙකම්හා චාවෙතුකාමො ගාථං භාසතී’’ති. අථ ඛො ආළවිකා භික්ඛුනී ‘‘මාරො අයං පාපිමා’’ ඉති විදිත්වා මාරං පාපිමන්තං 
                        <pb ed="T" n="1.0189"/> ගාථාහි පච්චභාසි -
                    </div>
                    <div class="gatha">‘‘අත්ථි නිස්සරණං ලොකෙ, පඤ්ඤාය මෙ සුඵුස්සිතං 
                        <span class="note">(සුඵස්සිතං (සී. පී.))</span>;
                    </div>
                    <div class="gathalast">පමත්තබන්ධු පාපිම, න ත්වං ජානාසි තං පදං.</div>
                    <div class="gatha">‘‘සත්තිසූලූපමා 
                        <pb ed="V" n="1.0152"/> කාමා, ඛන්ධාසං අධිකුට්ටනා;
                    </div>
                    <div class="gathalast">යං ත්වං කාමරතිං බ්‍රූසි, අරති මය්හ සා අහූ’’ති.</div>
                    <div class="bodytext">අථ 
                        <pb ed="P" n="1.0129"/> ඛො මාරො පාපිමා ‘‘ජානාති මං ආළවිකා භික්ඛුනී’’ති දුක්ඛී දුම්මනො තත්ථෙවන්තරධායීති.
                    </div>
                </div>
            </div>
        </div>
        <div class="subhead ct_sutta" node-id="21142">
            <span class="subhead ct_sutta">2. සොමාසුත්තං</span>
            <div class="subhead-contents">
                <div class="paragraph" para="163">
                    <span class="paranum">163</span>
                    <div class="bodytext"> සාවත්ථිනිදානං 
                        <pb ed="M" n="1.0130"/>. අථ ඛො සොමා භික්ඛුනී පුබ්බණ්හසමයං නිවාසෙත්වා පත්තචීවරමාදාය සාවත්ථිං පිණ්ඩාය පාවිසි. සාවත්ථියං පිණ්ඩාය චරිත්වා පච්ඡාභත්තං පිණ්ඩපාතපටික්කන්තා යෙන අන්ධවනං තෙනුපසඞ්කමි දිවාවිහාරාය. අන්ධවනං අජ්ඣොගාහෙත්වා අඤ්ඤතරස්මිං රුක්ඛමූලෙ දිවාවිහාරං නිසීදි. අථ ඛො මාරො පාපිමා සොමාය භික්ඛුනියා භයං ඡම්භිතත්තං ලොමහංසං උප්පාදෙතුකාමො සමාධිම්හා චාවෙතුකාමො යෙන සොමා භික්ඛුනී තෙනුපසඞ්කමි; උපසඞ්කමිත්වා සොමං භික්ඛුනිං ගාථාය අජ්ඣභාසි -
                    </div>
                    <div class="gatha">‘‘යං තං ඉසීහි පත්තබ්බං, ඨානං දුරභිසම්භවං;</div>
                    <div class="gathalast">න තං ද්වඞ්ගුලපඤ්ඤාය, සක්කා පප්පොතුමිත්ථියා’’ති.</div>
                    <div class="bodytext">අථ ඛො සොමාය භික්ඛුනියා එතදහොසි - ‘‘කො නු ඛ්වායං මනුස්සො වා අමනුස්සො වා ගාථං භාසතී’’ති? අථ ඛො සොමාය භික්ඛුනියා 
                        <pb ed="T" n="1.0190"/> එතදහොසි - ‘‘මාරො ඛො අයං පාපිමා මම භයං ඡම්භිතත්තං ලොමහංසං උප්පාදෙතුකාමො සමාධිම්හා චාවෙතුකාමො ගාථං භාසතී’’ති. අථ ඛො සොමා භික්ඛුනී ‘‘මාරො අයං පාපිමා’’ ඉති විදිත්වා මාරං පාපිමන්තං ගාථාහි පච්චභාසි -
                    </div>
                    <div class="gatha">‘‘ඉත්ථිභාවො කිං කයිරා, චිත්තම්හි සුසමාහිතෙ;</div>
                    <div class="gathalast">ඤාණම්හි වත්තමානම්හි, සම්මා ධම්මං විපස්සතො.</div>
                    <div class="gatha">‘‘යස්ස 
                        <pb ed="V" n="1.0153"/> නූන සියා එවං, ඉත්ථාහං පුරිසොති වා;
                    </div>
                    <div class="gathalast">කිඤ්චි වා පන අඤ්ඤස්මි 
                        <span class="note">(අස්මීති (ස්‍යා. කං. පී.))</span>, තං මාරො වත්තුමරහතී’’ති.
                    </div>
                    <div class="bodytext">අථ ඛො මාරො පාපිමා ‘‘ජානාති මං සොමා භික්ඛුනී’’ති දුක්ඛී දුම්මනො තත්ථෙවන්තරධායීති.</div>
                </div>
            </div>
        </div>
        <div class="subhead ct_sutta" node-id="21143">
            <span class="subhead ct_sutta">3. කිසාගොතමීසුත්තං</span>
            <div class="subhead-contents">
                <div class="paragraph" para="164">
                    <span class="paranum">164</span>
                    <div class="bodytext"> සාවත්ථිනිදානං. අථ ඛො කිසාගොතමී භික්ඛුනී පුබ්බණ්හසමයං නිවාසෙත්වා පත්තචීවරමාදාය සාවත්ථිං පිණ්ඩාය පාවිසි. සාවත්ථියං පිණ්ඩාය චරිත්වා පච්ඡාභත්තං පිණ්ඩපාතපටික්කන්තා 
                        <pb ed="P" n="1.0130"/> යෙන අන්ධවනං තෙනුපසඞ්කමි 
                        <pb ed="M" n="1.0131"/>, දිවාවිහාරාය. අන්ධවනං අජ්ඣොගාහෙත්වා අඤ්ඤතරස්මිං රුක්ඛමූලෙ දිවාවිහාරං නිසීදි. අථ ඛො මාරො පාපිමා කිසාගොතමියා භික්ඛුනියා භයං ඡම්භිතත්තං ලොමහංසං උප්පාදෙතුකාමො සමාධිම්හා චාවෙතුකාමො යෙන කිසාගොතමී භික්ඛුනී තෙනුපසඞ්කමි; උපසඞ්කමිත්වා කිසාගොතමිං භික්ඛුනිං ගාථාය අජ්ඣභාසි -
                    </div>
                    <div class="gatha">‘‘කිං 
                        <pb ed="T" n="1.0191"/> නු ත්වං මතපුත්තාව, එකමාසි රුදම්මුඛී;
                    </div>
                    <div class="gathalast">වනමජ්ඣගතා එකා, පුරිසං නු ගවෙසසී’’ති.</div>
                    <div class="bodytext">අථ ඛො කිසාගොතමියා භික්ඛුනියා එතදහොසි - ‘‘කො නු ඛ්වායං මනුස්සො වා අමනුස්සො වා ගාථං භාසතී’’ති? අථ ඛො කිසාගොතමියා භික්ඛුනියා එතදහොසි - ‘‘මාරො ඛො අයං පාපිමා මම භයං ඡම්භිතත්තං ලොමහංසං උප්පාදෙතුකාමො සමාධිම්හා චාවෙතුකාමො ගාථං භාසතී’’ති.</div>
                    <div class="bodytext">අථ ඛො කිසාගොතමී භික්ඛුනී ‘‘මාරො අයං පාපිමා’’ ඉති විදිත්වා මාරං පාපිමන්තං ගාථාහි පච්චභාසි -</div>
                    <div class="gatha">‘‘අච්චන්තං 
                        <pb ed="V" n="1.0154"/> මතපුත්තාම්හි, පුරිසා එතදන්තිකා;
                    </div>
                    <div class="gathalast">න සොචාමි න රොදාමි, න තං භායාමි ආවුසො.</div>
                    <div class="gatha">‘‘සබ්බත්ථ විහතා නන්දී, තමොක්ඛන්ධො පදාලිතො;</div>
                    <div class="gathalast">ජෙත්වාන මච්චුනො 
                        <span class="note">(ජෙත්වා නමුචිනො (සී.))</span> සෙනං, විහරාමි අනාසවා’’ති.
                    </div>
                    <div class="bodytext">අථ ඛො මාරො පාපිමා ‘‘ජානාති මං කිසාගොතමී භික්ඛුනී’’ති දුක්ඛී දුම්මනො තත්ථෙවන්තරධායීති.</div>
                </div>
            </div>
        </div>
        <div class="subhead ct_sutta" node-id="21144">
            <span class="subhead ct_sutta">4. විජයාසුත්තං</span>
            <div class="subhead-contents">
                <div class="paragraph" para="165">
                    <span class="paranum">165</span>
                    <div class="bodytext"> සාවත්ථිනිදානං. අථ ඛො විජයා භික්ඛුනී පුබ්බණ්හසමයං නිවාසෙත්වා...පෙ.... අඤ්ඤතරස්මිං රුක්ඛමූලෙ දිවාවිහාරං නිසීදි. අථ ඛො මාරො පාපිමා විජයාය භික්ඛුනියා භයං ඡම්භිතත්තං ලොමහංසං උප්පාදෙතුකාමො සමාධිම්හා චාවෙතුකාමො යෙන විජයා භික්ඛුනී තෙනුපසඞ්කමි; උපසඞ්කමිත්වා විජයං භික්ඛුනිං ගාථාය අජ්ඣභාසි -</div>
                    <div class="gatha">‘‘දහරා 
                        <pb ed="T" n="1.0192"/>
                        <pb ed="M" n="1.0132"/>
                        <pb ed="P" n="1.0131"/> ත්වං රූපවතී, අහඤ්ච දහරො සුසු;
                    </div>
                    <div class="gathalast">පඤ්චඞ්ගිකෙන තුරියෙන, එහය්‍යෙභිරමාමසෙ’’ති 
                        <span class="note">(එහි අය්‍යෙ රමාමසෙති (සී.))</span>.
                    </div>
                    <div class="bodytext">අථ ඛො විජයාය භික්ඛුනියා එතදහොසි - ‘‘කො නු ඛ්වායං මනුස්සො වා අමනුස්සො වා ගාථං භාසතී’’ති? අථ ඛො විජයාය භික්ඛුනියා එතදහොසි - ‘‘මාරො ඛො අයං පාපිමා මම භයං ඡම්භිතත්තං ලොමහංසං උප්පාදෙතුකාමො සමාධිම්හා චාවෙතුකාමො ගාථං භාසතී’’ති. අථ ඛො විජයා භික්ඛුනී ‘‘මාරො අයං පාපිමා’’ ඉති විදිත්වා මාරං පාපිමන්තං ගාථාහි පච්චභාසි -</div>
                    <div class="gatha">‘‘රූපා සද්දා රසා ගන්ධා, ඵොට්ඨබ්බා ච මනොරමා;</div>
                    <div class="gathalast">නිය්‍යාතයාමි තුය්හෙව, මාර නාහං තෙනත්ථිකා.</div>
                    <div class="gatha">‘‘ඉමිනා 
                        <pb ed="V" n="1.0155"/> පූතිකායෙන, භින්දනෙන පභඞ්ගුනා;
                    </div>
                    <div class="gathalast">අට්ටීයාමි හරායාමි, කාමතණ්හා සමූහතා.</div>
                    <div class="gatha">‘‘යෙ ච රූපූපගා සත්තා, යෙ ච අරූපට්ඨායිනො 
                        <span class="note">(ආරුප්පට්ඨායිනො (සී. පී.))</span>;
                    </div>
                    <div class="gathalast">යා ච සන්තා සමාපත්ති, සබ්බත්ථ විහතො තමො’’ති.</div>
                    <div class="bodytext">අථ ඛො මාරො පාපිමා ‘‘ජානාති මං විජයා භික්ඛුනී’’ති දුක්ඛී දුම්මනො තත්ථෙවන්තරධායීති.</div>
                </div>
            </div>
        </div>
        <div class="subhead ct_sutta" node-id="21145">
            <span class="subhead ct_sutta">5. උප්පලවණ්ණාසුත්තං</span>
            <div class="subhead-contents">
                <div class="paragraph" para="166">
                    <span class="paranum">166</span>
                    <div class="bodytext"> සාවත්ථිනිදානං. අථ ඛො උප්පලවණ්ණා භික්ඛුනී පුබ්බණ්හසමයං නිවාසෙත්වා...පෙ.... අඤ්ඤතරස්මිං සුපුප්ඵිතසාලරුක්ඛමූලෙ අට්ඨාසි. අථ 
                        <pb ed="T" n="1.0193"/> ඛො මාරො පාපිමා උප්පලවණ්ණාය භික්ඛුනියා භයං ඡම්භිතත්තං ලොමහංසං උප්පාදෙතුකාමො සමාධිම්හා චාවෙතුකාමො යෙන උප්පලවණ්ණා භික්ඛුනී තෙනුපසඞ්කමි; උපසඞ්කමිත්වා උප්පලවණ්ණං භික්ඛුනිං ගාථාය අජ්ඣභාසි -
                    </div>
                    <div class="gatha">‘‘සුපුප්ඵිතග්ගං උපගම්ම භික්ඛුනි,</div>
                    <div class="gatha">එකා තුවං තිට්ඨසි සාලමූලෙ;</div>
                    <div class="gatha">න චත්ථි තෙ දුතියා වණ්ණධාතු,</div>
                    <div class="gathalast">බාලෙ න ත්වං භායසි ධුත්තකාන’’න්ති.</div>
                    <div class="bodytext">අථ 
                        <pb ed="M" n="1.0133"/> ඛො උප්පලවණ්ණාය භික්ඛුනියා එතදහොසි - ‘‘කො 
                        <pb ed="P" n="1.0132"/> නු ඛ්වායං මනුස්සො වා අමනුස්සො වා ගාථං භාසතී’’ති? අථ ඛො උප්පලවණ්ණාය භික්ඛුනියා එතදහොසි - ‘‘මාරො ඛො අයං පාපිමා මම භයං ඡම්භිතත්තං ලොමහංසං උප්පාදෙතුකාමො සමාධිම්හා චාවෙතුකාමො ගාථං භාසතී’’ති. අථ ඛො උප්පලවණ්ණා භික්ඛුනී ‘‘මාරො අයං පාපිමා’’ ඉති විදිත්වා මාරං පාපිමන්තං ගාථාහි පච්චභාසි -
                    </div>
                    <div class="gatha">‘‘සතං 
                        <pb ed="V" n="1.0156"/> සහස්සානිපි ධුත්තකානං,
                    </div>
                    <div class="gatha">ඉධාගතා තාදිසකා භවෙය්‍යුං;</div>
                    <div class="gatha">ලොමං න ඉඤ්ජාමි න සන්තසාමි,</div>
                    <div class="gathalast">න මාර භායාමි තමෙකිකාපි.</div>
                    <div class="gatha">‘‘එසා අන්තරධායාමි, කුච්ඡිං වා පවිසාමි තෙ;</div>
                    <div class="gathalast">පඛුමන්තරිකායම්පි, තිට්ඨන්තිං මං න දක්ඛසි.</div>
                    <div class="gatha">‘‘චිත්තස්මිං 
                        <pb ed="T" n="1.0194"/> වසීභූතාම්හි, ඉද්ධිපාදා සුභාවිතා;
                    </div>
                    <div class="gathalast">සබ්බබන්ධනමුත්තාම්හි, න තං භායාමි ආවුසො’’ති.</div>
                    <div class="bodytext">අථ ඛො මාරො පාපිමා ‘‘ජානාති මං උප්පලවණ්ණා භික්ඛුනී’’ති දුක්ඛී දුම්මනො තත්ථෙවන්තරධායීති.</div>
                </div>
            </div>
        </div>
        <div class="subhead ct_sutta" node-id="21146">
            <span class="subhead ct_sutta">6. චාලාසුත්තං</span>
            <div class="subhead-contents">
                <div class="paragraph" para="167">
                    <span class="paranum">167</span>
                    <div class="bodytext"> සාවත්ථිනිදානං. අථ ඛො චාලා භික්ඛුනී පුබ්බණ්හසමයං නිවාසෙත්වා...පෙ.... අඤ්ඤතරස්මිං රුක්ඛමූලෙ දිවාවිහාරං නිසීදි. අථ ඛො මාරො පාපිමා යෙන චාලා භික්ඛුනී තෙනුපසඞ්කමි; උපසඞ්කමිත්වා චාලං භික්ඛුනිං එතදවොච - ‘‘කිං නු ත්වං, භික්ඛුනි, න රොචෙසී’’ති? ‘‘ජාතිං ඛ්වාහං, ආවුසො, න රොචෙමී’’ති.</div>
                    <div class="gatha">‘‘කිං නු ජාතිං න රොචෙසි, ජාතො කාමානි භුඤ්ජති;</div>
                    <div class="gathalast">කො නු තං ඉදමාදපයි, ජාතිං මා රොච 
                        <span class="note">(මා රොචෙසි (සී. පී.))</span> භික්ඛුනී’’ති.
                    </div>
                    <div class="gatha">‘‘ජාතස්ස මරණං හොති, ජාතො දුක්ඛානි ඵුස්සති 
                        <span class="note">(පස්සති (සී. පී.))</span>;
                    </div>
                    <div class="gathalast">බන්ධං වධං පරික්ලෙසං, තස්මා ජාතිං න රොචයෙ.</div>
                    <div class="gatha">‘‘බුද්ධො 
                        <pb ed="M" n="1.0134"/> ධම්මමදෙසෙසි, ජාතියා සමතික්කමං;
                    </div>
                    <div class="gathalast">සබ්බදුක්ඛප්පහානාය, සො මං සච්චෙ නිවෙසයි.</div>
                    <div class="gatha">‘‘යෙ 
                        <pb ed="V" n="1.0157"/>
                        <pb ed="P" n="1.0133"/> ච රූපූපගා සත්තා, යෙ ච අරූපට්ඨායිනො;
                    </div>
                    <div class="gathalast">නිරොධං අප්පජානන්තා, ආගන්තාරො පුනබ්භව’’න්ති.</div>
                    <div class="bodytext">අථ ඛො මාරො පාපිමා ‘‘ජානාති මං චාලා භික්ඛුනී’’ති දුක්ඛී දුම්මනො තත්ථෙවන්තරධායීති.</div>
                </div>
            </div>
        </div>
        <div class="subhead ct_sutta" node-id="21147">
            <span class="subhead ct_sutta">7. උපචාලාසුත්තං</span>
            <div class="subhead-contents">
                <div class="paragraph" para="168">
                    <span class="paranum">168</span>
                    <div class="bodytext"> සාවත්ථිනිදානං 
                        <pb ed="T" n="1.0195"/>. අථ ඛො උපචාලා භික්ඛුනී පුබ්බණ්හසමයං නිවාසෙත්වා...පෙ.... අඤ්ඤතරස්මිං රුක්ඛමූලෙ දිවාවිහාරං නිසීදි. අථ ඛො මාරො පාපිමා යෙන උපචාලා භික්ඛුනී තෙනුපසඞ්කමි; උපසඞ්කමිත්වා උපචාලං භික්ඛුනිං එතදවොච - ‘‘කත්ථ නු ත්වං, භික්ඛුනි, උප්පජ්ජිතුකාමා’’ති? ‘‘න ඛ්වාහං, ආවුසො, කත්ථචි උප්පජ්ජිතුකාමා’’ති.
                    </div>
                    <div class="gatha">‘‘තාවතිංසා ච යාමා ච, තුසිතා චාපි දෙවතා;</div>
                    <div class="gatha">නිම්මානරතිනො දෙවා, යෙ දෙවා වසවත්තිනො;</div>
                    <div class="gathalast">තත්ථ චිත්තං පණිධෙහි, රතිං පච්චනුභොස්සසී’’ති.</div>
                    <div class="gatha">‘‘තාවතිංසා ච යාමා ච, තුසිතා චාපි දෙවතා;</div>
                    <div class="gatha">නිම්මානරතිනො දෙවා, යෙ දෙවා වසවත්තිනො;</div>
                    <div class="gathalast">කාමබන්ධනබද්ධා තෙ, එන්ති මාරවසං පුන.</div>
                    <div class="gatha">‘‘සබ්බො ආදීපිතො 
                        <span class="note">(සබ්බොව ආදිත්තො (ස්‍යා. කං.))</span> ලොකො, සබ්බො ලොකො පධූපිතො;
                    </div>
                    <div class="gathalast">සබ්බො පජ්ජලිතො 
                        <span class="note">(පජ්ජලිතො (සබ්බත්ථ))</span> ලොකො, සබ්බො ලොකො පකම්පිතො.
                    </div>
                    <div class="gatha">‘‘අකම්පිතං අපජ්ජලිතං 
                        <span class="note">(අචලිතං (සී. ස්‍යා. කං. පී.))</span>, අපුථුජ්ජනසෙවිතං;
                    </div>
                    <div class="gathalast">අගති යත්ථ මාරස්ස, තත්ථ මෙ නිරතො මනො’’ති.</div>
                    <div class="bodytext">අථ 
                        <pb ed="V" n="1.0158"/> ඛො මාරො පාපිමා ‘‘ජානාති මං උපචාලා භික්ඛුනී’’ති දුක්ඛී දුම්මනො තත්ථෙවන්තරධායීති.
                    </div>
                </div>
            </div>
        </div>
        <div class="subhead ct_sutta" node-id="21148">
            <span class="subhead ct_sutta">8. සීසුපචාලාසුත්තං</span>
            <div class="subhead-contents">
                <div class="paragraph" para="169">
                    <span class="paranum">169</span>
                    <div class="bodytext"> සාවත්ථිනිදානං 
                        <pb ed="M" n="1.0135"/>. අථ ඛො සීසුපචාලා 
                        <span class="note">(සීසූපචාලා (සී.))</span> භික්ඛුනී පුබ්බණ්හසමයං නිවාසෙත්වා 
                        <pb ed="T" n="1.0196"/> ...පෙ.... අඤ්ඤතරස්මිං රුක්ඛමූලෙ දිවාවිහාරං නිසීදි. අථ ඛො මාරො පාපිමා යෙන සීසුපචාලා භික්ඛුනී තෙනුපසඞ්කමි; උපසඞ්කමිත්වා සීසුපචාලං භික්ඛුනිං එතදවොච - ‘‘කස්ස නු ත්වං, භික්ඛුනි, පාසණ්ඩං රොචෙසී’’ති? ‘‘න ඛ්වාහං, ආවුසො, කස්සචි පාසණ්ඩං රොචෙමී’’ති.
                    </div>
                    <div class="gatha">‘‘කං නු උද්දිස්ස මුණ්ඩාසි, සමණී විය දිස්සසි;</div>
                    <div class="gathalast">න ච රොචෙසි පාසණ්ඩං, කිමිව චරසි මොමූහා’’ති.</div>
                    <div class="gatha">‘‘ඉතො බහිද්ධා පාසණ්ඩා, දිට්ඨීසු පසීදන්ති තෙ;</div>
                    <div class="gathalast">න තෙසං ධම්මං රොචෙමි, තෙ ධම්මස්ස අකොවිදා.</div>
                    <div class="gatha">‘‘අත්ථ්ත්ථ්ථි 
                        <pb ed="P" n="1.0134"/> සක්‍යකුලෙ ජාතො, බුද්ධො අප්පටිපුග්ගලො;
                    </div>
                    <div class="gathalast">සබ්බාභිභූ මාරනුදො, සබ්බත්ථමපරාජිතො.</div>
                    <div class="gatha">‘‘සබ්බත්ථ මුත්තො අසිතො, සබ්බං පස්සති චක්ඛුමා;</div>
                    <div class="gatha">සබ්බකම්මක්ඛයං පත්තො, විමුත්තො උපධිසඞ්ඛයෙ;</div>
                    <div class="gathalast">සො මය්හං භගවා සත්ථා, තස්ස රොචෙමි සාසන’’න්ති.</div>
                    <div class="bodytext">අථ ඛො මාරො පාපිමා ‘‘ජානාති මං සීසුපචාලා භික්ඛුනී’’ති දුක්ඛී දුම්මනො තත්ථෙවන්තරධායීති.</div>
                </div>
            </div>
        </div>
        <div class="subhead ct_sutta" node-id="21149">
            <span class="subhead ct_sutta">9. සෙලාසුත්තං</span>
            <div class="subhead-contents">
                <div class="paragraph" para="170">
                    <span class="paranum">170</span>
                    <div class="bodytext"> සාවත්ථිනිදානං 
                        <pb ed="V" n="1.0159"/>. අථ ඛො සෙලා භික්ඛුනී පුබ්බණ්හසමයං නිවාසෙත්වා...පෙ.... අඤ්ඤතරස්මිං රුක්ඛමූලෙ දිවාවිහාරං නිසීදි. අථ ඛො මාරො පාපිමා සෙලාය භික්ඛුනියා භයං ඡම්භිතත්තං ලොමහංසං උප්පාදෙතුකාමො...පෙ.... සෙලං 
                        <pb ed="T" n="1.0197"/> භික්ඛුනිං ගාථාය අජ්ඣභාසි -
                    </div>
                    <div class="gatha">‘‘කෙනිදං පකතං බිම්බං, ක්වනු 
                        <span class="note">(ක්වන්නු (සී. පී.), ක්වචි (ස්‍යා. කං. ක.))</span> බිම්බස්ස කාරකො;
                    </div>
                    <div class="gathalast">ක්වනු බිම්බං සමුප්පන්නං, ක්වනු බිම්බං නිරුජ්ඣතී’’ති.</div>
                    <div class="bodytext">අථ ඛො සෙලාය භික්ඛුනියා එතදහොසි - ‘‘කො නු ඛ්වායං මනුස්සො වා අමනුස්සො වා ගාථං භාසතී’’ති? අථ ඛො සෙලාය භික්ඛුනියා 
                        <pb ed="M" n="1.0136"/> එතදහොසි - ‘‘මාරො ඛො අයං පාපිමා මම භයං ඡම්භිතත්තං ලොමහංසං උප්පාදෙතුකාමො සමාධිම්හා චාවෙතුකාමො ගාථං භාසතී’’ති. අථ ඛො සෙලා භික්ඛුනී ‘‘මාරො අයං පාපිමා’’ ඉති විදිත්වා මාරං පාපිමන්තං ගාථාහි පච්චභාසි -
                    </div>
                    <div class="gatha">‘‘නයිදං අත්තකතං 
                        <span class="note">(නයිදං පකතං (ස්‍යා. කං.))</span> බිම්බං, නයිදං පරකතං 
                        <span class="note">(නයිදං පකතං (ස්‍යා. කං.))</span> අඝං;
                    </div>
                    <div class="gathalast">හෙතුං පටිච්ච සම්භූතං, හෙතුභඞ්ගා නිරුජ්ඣති.</div>
                    <div class="gatha">‘‘යථා අඤ්ඤතරං බීජං, ඛෙත්තෙ වුත්තං විරූහති;</div>
                    <div class="gathalast">පථවීරසඤ්චාගම්ම, සිනෙහඤ්ච තදූභයං.</div>
                    <div class="gatha">‘‘එවං ඛන්ධා ච ධාතුයො, ඡ ච ආයතනා ඉමෙ;</div>
                    <div class="gathalast">හෙතුං පටිච්ච සම්භූතා, හෙතුභඞ්ගා නිරුජ්ඣරෙ’’ති.</div>
                    <div class="bodytext">අථ ඛො මාරො පාපිමා ‘‘ජානාති මං සෙලා භික්ඛුනී’’ති දුක්ඛී දුම්මනො තත්ථෙවන්තරධායීති.</div>
                </div>
            </div>
        </div>
        <div class="subhead ct_sutta" node-id="211410">
            <span class="subhead ct_sutta">10. වජිරාසුත්තං</span>
            <div class="subhead-contents">
                <div class="paragraph" para="171">
                    <span class="paranum">171</span>
                    <div class="bodytext"> සාවත්ථිනිදානං 
                        <pb ed="V" n="1.0160"/>. අථ ඛො වජිරා භික්ඛුනී පුබ්බණ්හසමයං 
                        <pb ed="T" n="1.0198"/> නිවාසෙත්වා පත්තචීවරමාදාය සාවත්ථිං පිණ්ඩාය පාවිසි. සාවත්ථියං පිණ්ඩාය චරිත්වා පච්ඡාභත්තං පිණ්ඩපාතපටික්කන්තා 
                        <pb ed="P" n="1.0135"/> යෙන අන්ධවනං තෙනුපසඞ්කමි දිවාවිහාරාය. අන්ධවනං අජ්ඣොගාහෙත්වා අඤ්ඤතරස්මිං රුක්ඛමූලෙ දිවාවිහාරං නිසීදි. අථ ඛො මාරො පාපිමා වජිරාය භික්ඛුනියා භයං ඡම්භිතත්තං ලොමහංසං උප්පාදෙතුකාමො සමාධිම්හා චාවෙතුකාමො යෙන වජිරා භික්ඛුනී තෙනුපසඞ්කමි; උපසඞ්කමිත්වා වජිරං භික්ඛුනිං ගාථාය අජ්ඣභාසි -
                    </div>
                    <div class="gatha">‘‘කෙනායං පකතො සත්තො, කුවං සත්තස්ස කාරකො;</div>
                    <div class="gathalast">කුවං සත්තො සමුප්පන්නො, කුවං සත්තො නිරුජ්ඣතී’’ති.</div>
                    <div class="bodytext">අථ ඛො වජිරාය භික්ඛුනියා එතදහොසි - ‘‘කො නු ඛ්වායං මනුස්සො වා අමනුස්සො වා ගාථං භාසතී’’ති? අථ ඛො වජිරාය භික්ඛුනියා එතදහොසි - ‘‘මාරො ඛො අයං පාපිමා මම භයං ඡම්භිතත්තං ලොමහංසං උප්පාදෙතුකාමො සමාධිම්හා චාවෙතුකාමො ගාථං භාසතී’’ති. අථ ඛො 
                        <pb ed="M" n="1.0137"/> වජිරා භික්ඛුනී ‘‘මාරො අයං පාපිමා’’ ඉති විදිත්වා, මාරං පාපිමන්තං ගාථාහි පච්චභාසි -
                    </div>
                    <div class="gatha">‘‘කිං නු සත්තොති පච්චෙසි, මාර දිට්ඨිගතං නු තෙ;</div>
                    <div class="gathalast">සුද්ධසඞ්ඛාරපුඤ්ජොයං, නයිධ සත්තුපලබ්භති.</div>
                    <div class="gatha">‘‘යථා හි අඞ්ගසම්භාරා, හොති සද්දො රථො ඉති;</div>
                    <div class="gathalast">එවං ඛන්ධෙසු සන්තෙසු, හොති සත්තොති සම්මුති 
                        <span class="note">(සම්මති (ස්‍යා. කං.))</span>.
                    </div>
                    <div class="gatha">‘‘දුක්ඛමෙව 
                        <pb ed="T" n="1.0199"/> හි සම්භොති, දුක්ඛං තිට්ඨති වෙති ච;
                    </div>
                    <div class="gathalast">නාඤ්ඤත්‍ර දුක්ඛා සම්භොති, නාඤ්ඤං දුක්ඛා නිරුජ්ඣතී’’ති.</div>
                    <div class="bodytext">අථ 
                        <pb ed="V" n="1.0161"/> ඛො මාරො පාපිමා ‘‘ජානාති මං වජිරා භික්ඛුනී’’ති දුක්ඛී දුම්මනො තත්ථෙවන්තරධායීති.
                    </div>
                </div>
            </div>
        </div>
    </div>
    <div class="centre ct_samyuththa ending">භික්ඛුනීසංයුත්තං සමත්තං.</div>
    <div class="paragraph udana" para="udana">
        <div class="bodytext ct_samyuththa">තස්සුද්දානං -</div>
        <div class="ct_samyuththa gatha">ආළවිකා ච සොමා ච, ගොතමී විජයා සහ;</div>
        <div class="ct_samyuththa gatha">උප්පලවණ්ණා ච චාලා, උපචාලා සීසුපචාලා ච;</div>
        <div class="gathalast ct_samyuththa">සෙලා වජිරාය තෙ දසාති.</div>
    </div>
</div>