<div class="chapter ct_vagga" node-id="28270">
    <span class="chapter ct_vagga">(18) 8. රාගපෙය්‍යාලං</span>
    <div class="chapter-contents">
        <div class="paragraph" para="184">
            <span class="paranum">184</span>
            <div class="bodytext"> ‘‘රාගස්ස 
                <pb ed="V" n="1.0339"/>, භික්ඛවෙ, අභිඤ්ඤාය තයො ධම්මා භාවෙතබ්බා. කතමෙ තයො? සුඤ්ඤතො සමාධි, අනිමිත්තො සමාධි, අප්පණිහිතො සමාධි - රාගස්ස, භික්ඛවෙ, අභිඤ්ඤාය ඉමෙ තයො ධම්මා භාවෙතබ්බා. ( ) 
                <span class="note">((රාගස්ස භික්ඛවෙ අභිඤ්ඤාය තයො ධම්මා භාවෙතබ්බා. කතමෙ තයො? සවිතක්කසවිචාරො සමාධි, අවිතක්කවිචාරමත්තො සමාධි, අවිතක්කඅවිචාරො සමාධි. රාගස්ස භික්ඛවෙ අභිඤ්ඤාය ඉමෙ තයො ධම්මා භාවෙතබ්බා.) එත්ථන්තරෙ පාඨො කත්ථචි දිස්සති, අට්ඨකථායං පස්සිතබ්බො)</span>
            </div>
            <div class="bodytext">‘‘රාගස්ස 
                <pb ed="M" n="1.0305"/>, භික්ඛවෙ, පරිඤ්ඤාය...පෙ.... පරික්ඛයාය... පහානාය... ඛයාය... වයාය... විරාගාය... නිරොධාය... චාගාය... පටිනිස්සග්ගාය ඉමෙ තයො ධම්මා භාවෙතබ්බා.
            </div>
            <div class="bodytext">‘‘දොසස්ස... මොහස්ස... කොධස්ස... උපනාහස්ස... මක්ඛස්ස... පලාසස්ස... ඉස්සාය... මච්ඡරියස්ස... මායාය... සාඨෙය්‍යස්ස... ථම්භස්ස... සාරම්භස්ස... මානස්ස... අතිමානස්ස... මදස්ස... පමාදස්ස අභිඤ්ඤාය... පරිඤ්ඤාය... පරික්ඛයාය... පහානාය... ඛයාය... වයාය... විරාගාය... නිරොධාය... චාගාය... පටිනිස්සග්ගාය ඉමෙ තයො ධම්මා භාවෙතබ්බා’’ති.</div>
            <div class="bodytext">(ඉදමවොච භගවා. අත්තමනා තෙ භික්ඛූ භගවතො භාසිතං අභිනන්දුන්ති.) 
                <span class="note">(( ) එත්ථන්තරෙ පාඨො ස්‍යා. කං. ක. පොත්ථකෙසු න දිස්සති)</span>
            </div>
        </div>
    </div>
    <div class="centre ct_vagga ending">රාගපෙය්‍යාලං නිට්ඨිතං.</div>
    <div class="paragraph udana" para="udana">
        <div class="bodytext ct_vagga">තස්සුද්දානං -</div>
        <div class="ct_vagga gatha">
            <span class="note">(ඉමා උද්දානගාථායො සී. ස්‍යා. කං. පී. පොත්ථකෙසු න දිස්සන්ති)</span> රාගං දොසඤ්ච මොහඤ්ච, කොධූපනාහපඤ්චමං;
        </div>
        <div class="gathalast ct_vagga">මක්ඛපළාසඉස්සා ච, මච්ඡරිමායාසාඨෙය්‍යා.</div>
        <div class="ct_vagga gatha">ථම්භසාරම්භමානඤ්ච, අතිමානමදස්ස ච;</div>
        <div class="gathalast ct_vagga">පමාදා සත්තරස වුත්තා, රාගපෙය්‍යාලනිස්සිතා.</div>
        <div class="ct_vagga gatha">එතෙ 
            <pb ed="V" n="1.0340"/> ඔපම්මයුත්තෙන, ආපාදෙන අභිඤ්ඤාය;
        </div>
        <div class="ct_vagga gatha">පරිඤ්ඤාය පරික්ඛයා, පහානක්ඛයබ්බයෙන;</div>
        <div class="gathalast ct_vagga">විරාගනිරොධචාගං, පටිනිස්සග්ගෙ ඉමෙ දස.</div>
        <div class="ct_vagga gatha">සුඤ්ඤතො අනිමිත්තො ච, අප්පණිහිතො ච තයො;</div>
        <div class="gathalast ct_vagga">සමාධිමූලකා පෙය්‍යාලෙසුපි වවත්ථිතා චාති.</div>
    </div>
</div>
<chapter-ending/>
<div class="centre ct_book ending">තිකනිපාතපාළි නිට්ඨිතා.</div>