<div class="chapter ct_vagga" node-id="36130">
    <span class="chapter ct_vagga">4. රාගපෙය්‍යාලං</span>
    <div class="chapter-contents">
        <div class="paragraph" para="502">
            <span class="paranum">502</span>
            <div class="bodytext"> ‘‘රාගස්ස 
                <pb ed="V" n="3.0325"/>, භික්ඛවෙ, අභිඤ්ඤාය එකාදස ධම්මා භාවෙතබ්බා. කතමෙ එකාදස? පඨමං ඣානං, දුතියං ඣානං, තතියං 
                <pb ed="T" n="5.0393"/> ඣානං, චතුත්ථං ඣානං, මෙත්තාචෙතොවිමුත්ති, කරුණාචෙතොවිමුත්ති, මුදිතාචෙතොවිමුත්ති, උපෙක්ඛාචෙතොවිමුත්ති, ආකාසානඤ්චායතනං, විඤ්ඤාණඤ්චායතනං, ආකිඤ්චඤ්ඤායතනං - රාගස්ස, භික්ඛවෙ, අභිඤ්ඤාය ඉමෙ එකාදස ධම්මා භාවෙතබ්බා.
            </div>
        </div>
        <div class="paragraph" para="503-511">
            <span class="paranum">503-511</span>
            <div class="bodytext"> ‘‘රාගස්ස, භික්ඛවෙ, පරිඤ්ඤාය... පරික්ඛයාය... පහානාය... ඛයාය... වයාය... විරාගාය... නිරොධාය... චාගාය... පටිනිස්සග්ගාය... ඉමෙ එකාදස ධම්මා භාවෙතබ්බා.</div>
        </div>
        <div class="paragraph" para="512-671">
            <span class="paranum">512-671</span>
            <div class="bodytext"> ‘‘දොසස්ස 
                <pb ed="M" n="3.0558"/>
                <pb ed="P" n="5.0361"/>...පෙ.... මොහස්ස... කොධස්ස... උපනාහස්ස... මක්ඛස්ස... පළාසස්ස... ඉස්සාය... මච්ඡරියස්ස... මායාය... සාඨෙය්‍යස්ස... ථම්භස්ස... සාරම්භස්ස... මානස්ස... අතිමානස්ස... මදස්ස... පමාදස්ස අභිඤ්ඤාය...පෙ.... පරිඤ්ඤාය... පරික්ඛයාය... පහානාය... ඛයාය... වයාය... විරාගාය... නිරොධාය... චාගාය... පටිනිස්සග්ගාය ඉමෙ එකාදස ධම්මා භාවෙතබ්බා’’ති.
            </div>
            <div class="bodytext">ඉදමවොච භගවා. අත්තමනා තෙ භික්ඛූ භගවතො භාසිතං අභිනන්දුන්ති.</div>
        </div>
    </div>
    <div class="centre ct_vagga ending">රාගපෙය්‍යාලං නිට්ඨිතං.</div>
</div>
<chapter-ending/>
<div class="centre ct_book ending">එකාදසකනිපාතපාළි නිට්ඨිතා.</div>
<div class="paragraph udana" para="udana">
    <div class="ct_nikaya gatha">නව සුත්තසහස්සානි, භිය්‍යො පඤ්චසතානි ච 
        <span class="note">(පඤ්ච සුත්තසතානි ච (අට්ඨ.))</span>;
    </div>
    <div class="gathalast ct_nikaya">සත්තපඤ්ඤාස සුත්තන්තා 
        <span class="note">(සුත්තානි (අට්ඨ.))</span>, අඞ්ගුත්තරසමායුතා 
        <span class="note">(හොන්ති අඞ්ගුත්තරාගමෙ (අට්ඨ.))</span> ති.
    </div>
</div>
<!--<p rend="centre">එකාදසකනිපාතපාළි නිට්ඨිතා.</p> moved before udana -->
<div class="centre ct_nikaya ending">අඞ්ගුත්තරනිකායො සමත්තො.</div>