<div class="chapter ct_vagga" node-id="35280">
    <span class="chapter ct_vagga">(19) 4. අරියමග්ගවග්ගො</span>
    <div class="chapter-contents">
        <div class="subhead ct_sutta" node-id="35281">
            <span class="subhead ct_sutta">1. අරියමග්ගසුත්තං</span>
            <div class="subhead-contents">
                <div class="paragraph" para="189">
                    <span class="paranum">189</span>
                    <div class="bodytext"> ‘‘අරියමග්ගඤ්ච 
                        <pb ed="V" n="3.0246"/>
                        <pb ed="P" n="5.0278"/> වො, භික්ඛවෙ, දෙසෙස්සාමි අනරියමග්ගඤ්ච. තං සුණාථ...පෙ.... කතමො ච, භික්ඛවෙ, අනරියො මග්ගො? පාණාතිපාතො...පෙ.... මිච්ඡාදිට්ඨි - අයං වුච්චති, භික්ඛවෙ, අනරියො මග්ගො.
                    </div>
                    <div class="bodytext">‘‘කතමො ච 
                        <pb ed="T" n="5.0300"/>, භික්ඛවෙ, අරියො මග්ගො? පාණාතිපාතා වෙරමණී...පෙ.... සම්මාදිට්ඨි - අයං වුච්චති, භික්ඛවෙ, අරියො මග්ගො’’ති. පඨමං.
                    </div>
                </div>
            </div>
        </div>
        <div class="subhead ct_sutta" node-id="35282">
            <span class="subhead ct_sutta">2. කණ්හමග්ගසුත්තං</span>
            <div class="subhead-contents">
                <div class="paragraph" para="190">
                    <span class="paranum">190</span>
                    <div class="bodytext"> ‘‘කණ්හමග්ගඤ්ච වො, භික්ඛවෙ, දෙසෙස්සාමි සුක්කමග්ගඤ්ච. තං සුණාථ...පෙ.... කතමො ච, භික්ඛවෙ, කණ්හො මග්ගො? පාණාතිපාතො...පෙ.... මිච්ඡාදිට්ඨි - අයං වුච්චති, භික්ඛවෙ, කණ්හො මග්ගො.</div>
                    <div class="bodytext">‘‘කතමො ච, භික්ඛවෙ, සුක්කො මග්ගො? පාණාතිපාතා වෙරමණී...පෙ.... සම්මාදිට්ඨි - අයං වුච්චති, භික්ඛවෙ, සුක්කො මග්ගො’’ති. දුතියං.</div>
                </div>
            </div>
        </div>
        <div class="subhead ct_sutta" node-id="35283">
            <span class="subhead ct_sutta">3. සද්ධම්මසුත්තං</span>
            <div class="subhead-contents">
                <div class="paragraph" para="191">
                    <span class="paranum">191</span>
                    <div class="bodytext"> ‘‘සද්ධම්මඤ්ච වො, භික්ඛවෙ, දෙසෙස්සාමි අසද්ධම්මඤ්ච. තං සුණාථ...පෙ.... කතමො ච, භික්ඛවෙ, අසද්ධම්මො? පාණාතිපාතො...පෙ.... මිච්ඡාදිට්ඨි - අයං වුච්චති, භික්ඛවෙ, අසද්ධම්මො.</div>
                    <div class="bodytext">‘‘කතමො 
                        <pb ed="M" n="3.0486"/>
                        <pb ed="V" n="3.0247"/> ච, භික්ඛවෙ, සද්ධම්මො? පාණාතිපාතා වෙරමණී...පෙ.... සම්මාදිට්ඨි - අයං වුච්චති, භික්ඛවෙ, සද්ධම්මො’’ති. තතියං.
                    </div>
                </div>
            </div>
        </div>
        <div class="subhead ct_sutta" node-id="35284">
            <span class="subhead ct_sutta">4. සප්පුරිසධම්මසුත්තං</span>
            <div class="subhead-contents">
                <div class="paragraph" para="192">
                    <span class="paranum">192</span>
                    <div class="bodytext"> ‘‘සප්පුරිසධම්මඤ්ච 
                        <pb ed="P" n="5.0279"/> වො, භික්ඛවෙ, දෙසෙස්සාමි අසප්පුරිසධම්මඤ්ච. තං සුණාථ...පෙ.... කතමො ච, භික්ඛවෙ, අසප්පුරිසධම්මො? පාණාතිපාතො...පෙ.... මිච්ඡාදිට්ඨි - අයං වුච්චති, භික්ඛවෙ, අසප්පුරිසධම්මො.
                    </div>
                    <div class="bodytext">‘‘කතමො ච, භික්ඛවෙ, සප්පුරිසධම්මො? පාණාතිපාතා වෙරමණී...පෙ.... සම්මාදිට්ඨි - අයං වුච්චති, භික්ඛවෙ, සප්පුරිසධම්මො’’ති. චතුත්ථං.</div>
                </div>
            </div>
        </div>
        <div class="subhead ct_sutta" node-id="35285">
            <span class="subhead ct_sutta">5. උප්පාදෙතබ්බධම්මසුත්තං</span>
            <div class="subhead-contents">
                <div class="paragraph" para="193">
                    <span class="paranum">193</span>
                    <div class="bodytext"> ‘‘උප්පාදෙතබ්බඤ්ච වො, භික්ඛවෙ, ධම්මං දෙසෙස්සාමි න උප්පාදෙතබ්බඤ්ච. තං සුණාථ...පෙ.... කතමො ච, භික්ඛවෙ, න උප්පාදෙතබ්බො 
                        <pb ed="T" n="5.0301"/> ධම්මො? පාණාතිපාතො...පෙ.... මිච්ඡාදිට්ඨි - අයං වුච්චති, භික්ඛවෙ, න උප්පාදෙතබ්බො ධම්මො.
                    </div>
                    <div class="bodytext">‘‘කතමො ච, භික්ඛවෙ, උප්පාදෙතබ්බො ධම්මො? පාණාතිපාතා වෙරමණී...පෙ.... සම්මාදිට්ඨි - අයං වුච්චති, භික්ඛවෙ, උප්පාදෙතබ්බො ධම්මො’’ති. පඤ්චමං.</div>
                </div>
            </div>
        </div>
        <div class="subhead ct_sutta" node-id="35286">
            <span class="subhead ct_sutta">6. ආසෙවිතබ්බධම්මසුත්තං</span>
            <div class="subhead-contents">
                <div class="paragraph" para="194">
                    <span class="paranum">194</span>
                    <div class="bodytext"> ‘‘ආසෙවිතබ්බඤ්ච වො, භික්ඛවෙ, ධම්මං දෙසෙස්සාමි නාසෙවිතබ්බඤ්ච. තං සුණාථ...පෙ.... කතමො ච, භික්ඛවෙ, නාසෙවිතබ්බො ධම්මො? පාණාතිපාතො...පෙ.... මිච්ඡාදිට්ඨි - අයං වුච්චති, භික්ඛවෙ, නාසෙවිතබ්බො ධම්මො.</div>
                    <div class="bodytext">‘‘කතමො 
                        <pb ed="V" n="3.0248"/> ච, භික්ඛවෙ, ආසෙවිතබ්බො ධම්මො? පාණාතිපාතා වෙරමණී...පෙ.... සම්මාදිට්ඨි - අයං වුච්චති, භික්ඛවෙ, ආසෙවිතබ්බො ධම්මො’’ති. ඡට්ඨං.
                    </div>
                </div>
            </div>
        </div>
        <div class="subhead ct_sutta" node-id="35287">
            <span class="subhead ct_sutta">7. භාවෙතබ්බධම්මසුත්තං</span>
            <div class="subhead-contents">
                <div class="paragraph" para="195">
                    <span class="paranum">195</span>
                    <div class="bodytext"> ‘‘භාවෙතබ්බඤ්ච 
                        <pb ed="P" n="5.0280"/> වො, භික්ඛවෙ, ධම්මං දෙසෙස්සාමි න භාවෙතබ්බඤ්ච. තං සුණාථ...පෙ.... කතමො ච, භික්ඛවෙ, න භාවෙතබ්බො ධම්මො? පාණාතිපාතො 
                        <pb ed="M" n="3.0487"/> ...පෙ.... මිච්ඡාදිට්ඨි - අයං වුච්චති, භික්ඛවෙ, න භාවෙතබ්බො ධම්මො.
                    </div>
                    <div class="bodytext">‘‘කතමො ච, භික්ඛවෙ, භාවෙතබ්බො ධම්මො? පාණාතිපාතා වෙරමණී...පෙ.... සම්මාදිට්ඨි - අයං වුච්චති, භික්ඛවෙ, භාවෙතබ්බො ධම්මො’’ති. සත්තමං.</div>
                </div>
            </div>
        </div>
        <div class="subhead ct_sutta" node-id="35288">
            <span class="subhead ct_sutta">8. බහුලීකාතබ්බසුත්තං</span>
            <div class="subhead-contents">
                <div class="paragraph" para="196">
                    <span class="paranum">196</span>
                    <div class="bodytext"> ‘‘බහුලීකාතබ්බඤ්ච වො, භික්ඛවෙ, ධම්මං දෙසෙස්සාමි න බහුලීකාතබ්බඤ්ච. තං සුණාථ...පෙ.... කතමො ච, භික්ඛවෙ, න බහුලීකාතබ්බො ධම්මො? පාණාතිපාතො...පෙ.... මිච්ඡාදිට්ඨි - අයං වුච්චති, භික්ඛවෙ, න බහුලීකාතබ්බො ධම්මො.</div>
                    <div class="bodytext">‘‘කතමො ච, භික්ඛවෙ, බහුලීකාතබ්බො ධම්මො? පාණාතිපාතා 
                        <pb ed="T" n="5.0302"/> වෙරමණී...පෙ.... සම්මාදිට්ඨි - අයං වුච්චති, භික්ඛවෙ, බහුලීකාතබ්බො ධම්මො’’ති. අට්ඨමං.
                    </div>
                </div>
            </div>
        </div>
        <div class="subhead ct_sutta" node-id="35289">
            <span class="subhead ct_sutta">9. අනුස්සරිතබ්බසුත්තං</span>
            <div class="subhead-contents">
                <div class="paragraph" para="197">
                    <span class="paranum">197</span>
                    <div class="bodytext"> ‘‘අනුස්සරිතබ්බඤ්ච වො, භික්ඛවෙ, ධම්මං දෙසෙස්සාමි නානුස්සරිතබ්බඤ්ච. තං සුණාථ...පෙ.... කතමො ච, භික්ඛවෙ, නානුස්සරිතබ්බො ධම්මො? පාණාතිපාතො...පෙ.... මිච්ඡාදිට්ඨි - අයං වුච්චති, භික්ඛවෙ, නානුස්සරිතබ්බො ධම්මො.</div>
                    <div class="bodytext">‘‘කතමො 
                        <pb ed="V" n="3.0249"/> ච, භික්ඛවෙ, අනුස්සරිතබ්බො ධම්මො? පාණාතිපාතා වෙරමණී...පෙ.... සම්මාදිට්ඨි - අයං වුච්චති, භික්ඛවෙ, අනුස්සරිතබ්බො ධම්මො’’ති. නවමං.
                    </div>
                </div>
            </div>
        </div>
        <div class="subhead ct_sutta" node-id="352810">
            <span class="subhead ct_sutta">10. සච්ඡිකාතබ්බසුත්තං</span>
            <div class="subhead-contents">
                <div class="paragraph" para="198">
                    <span class="paranum">198</span>
                    <div class="bodytext"> ‘‘සච්ඡිකාතබ්බඤ්ච 
                        <pb ed="P" n="5.0281"/> වො, භික්ඛවෙ, ධම්මං දෙසෙස්සාමි න සච්ඡිකාතබ්බඤ්ච. තං සුණාථ...පෙ.... කතමො ච, භික්ඛවෙ, න සච්ඡිකාතබ්බො ධම්මො? පාණාතිපාතො...පෙ.... මිච්ඡාදිට්ඨි - අයං වුච්චති, භික්ඛවෙ, න සච්ඡිකාතබ්බො ධම්මො.
                    </div>
                    <div class="bodytext">‘‘කතමො 
                        <pb ed="M" n="3.0488"/> ච, භික්ඛවෙ, සච්ඡිකාතබ්බො ධම්මො? පාණාතිපාතා වෙරමණී...පෙ.... සම්මාදිට්ඨි - අයං වුච්චති, භික්ඛවෙ, සච්ඡිකාතබ්බො ධම්මො’’ති. දසමං.
                    </div>
                </div>
            </div>
        </div>
    </div>
    <div class="centre ct_vagga ending">අරියමග්ගවග්ගො චතුත්ථො.</div>
</div>