<div class="chapter ct_vagga" node-id="47140">
    <span class="chapter ct_vagga">47. සාලකුසුමියවග්ගො</span>
    <div class="chapter-contents">
        <div class="subhead ct_sutta" node-id="47141">
            <span class="subhead ct_sutta">1. සාලකුසුමියත්ථෙරඅපදානං</span>
            <div class="subhead-contents">
                <div class="paragraph" para="1">
                    <span class="paranum">1</span>
                    <div class="gatha"> ‘‘පරිනිබ්බුතෙ 
                        <pb ed="T" n="2.0077"/>
                        <pb ed="M" n="2.0039"/>
                        <pb ed="V" n="2.0039"/> භගවති, ජලජුත්තමනාමකෙ;
                    </div>
                    <div class="gathalast">ආරොපිතම්හි චිතකෙ, සාලපුප්ඵමපූජයිං.</div>
                </div>
                <div class="paragraph" para="2">
                    <span class="paranum">2</span>
                    <div class="gatha"> ‘‘සතසහස්සිතො කප්පෙ, යං පුප්ඵමභිරොපයිං 
                        <span class="note">(පුප්ඵමභිපුජයිං (ස්‍යා.))</span>;
                    </div>
                    <div class="gathalast">දුග්ගතිං නාභිජානාමි, චිතපූජායිදං 
                        <span class="note">(බුද්ධපූජායිදං (ස්‍යා.))</span> ඵලං.
                    </div>
                </div>
                <div class="paragraph" para="3">
                    <span class="paranum">3</span>
                    <div class="gatha"> ‘‘කිලෙසා ඣාපිතා මය්හං, භවා සබ්බෙ සමූහතා;</div>
                    <div class="gathalast">නාගොව බන්ධනං ඡෙත්වා, විහරාමි අනාසවො.</div>
                </div>
                <div class="paragraph" para="4">
                    <span class="paranum">4</span>
                    <div class="gatha"> ‘‘ස්වාගතං වත මෙ ආසි, මම බුද්ධස්ස සන්තිකෙ;</div>
                    <div class="gathalast">තිස්සො විජ්ජා අනුප්පත්තා, කතං බුද්ධස්ස සාසනං.</div>
                </div>
                <div class="paragraph" para="5">
                    <span class="paranum">5</span>
                    <div class="gatha"> ‘‘පටිසම්භිදා චතස්සො, විමොක්ඛාපි ච අට්ඨිමෙ;</div>
                    <div class="gathalast">ඡළභිඤ්ඤා සච්ඡිකතා, කතං බුද්ධස්ස සාසනං’’.</div>
                </div>
                <div class="centre ending">ඉත්ථං සුදං ආයස්මා සාලකුසුමියො ථෙරො ඉමා ගාථායො අභාසිත්ථාති.</div>
            </div>
            <div class="centre ct_sutta ending">සාලකුසුමියත්ථෙරස්සාපදානං පඨමං.</div>
        </div>
        <div class="subhead ct_sutta" node-id="47142">
            <span class="subhead ct_sutta">2. චිතකපූජකත්ථෙරඅපදානං</span>
            <div class="subhead-contents">
                <div class="paragraph" para="6">
                    <span class="paranum">6</span>
                    <div class="gatha"> ‘‘ඣායමානස්ස භගවතො, සිඛිනො ලොකබන්ධුනො;</div>
                    <div class="gathalast">අට්ඨ චම්පකපුප්ඵානි, චිතකං අභිරොපයිං.</div>
                </div>
                <div class="paragraph" para="7">
                    <span class="paranum">7</span>
                    <div class="gatha"> ‘‘එකතිංසෙ ඉතො කප්පෙ, යං පුප්ඵමභිරොපයිං;</div>
                    <div class="gathalast">දුග්ගතිං 
                        <pb ed="T" n="2.0078"/> නාභිජානාමි, චිතපූජායිදං ඵලං.
                    </div>
                </div>
                <div class="paragraph" para="8">
                    <span class="paranum">8</span>
                    <div class="gatha"> ‘‘කිලෙසා ඣාපිතා මය්හං...පෙ.... විහරාමි අනාසවො.</div>
                </div>
                <div class="paragraph" para="9">
                    <span class="paranum">9</span>
                    <div class="gatha"> ‘‘ස්වාගතං වත මෙ ආසි...පෙ.... කතං බුද්ධස්ස සාසනං.</div>
                </div>
                <div class="paragraph" para="10">
                    <span class="paranum">10</span>
                    <div class="gatha"> ‘‘පටිසම්භිදා චතස්සො...පෙ.... කතං බුද්ධස්ස සාසනං’’.</div>
                </div>
                <div class="centre ending">ඉත්ථං 
                    <pb ed="M" n="2.0040"/>
                    <pb ed="V" n="2.0040"/> සුදං ආයස්මා චිතකපූජකො ථෙරො ඉමා ගාථායො අභාසිත්ථාති.
                </div>
            </div>
            <div class="centre ct_sutta ending">චිතකපූජකත්ථෙරස්සාපදානං දුතියං.</div>
        </div>
        <div class="subhead ct_sutta" node-id="47143">
            <span class="subhead ct_sutta">3. චිතකනිබ්බාපකත්ථෙරඅපදානං</span>
            <div class="subhead-contents">
                <div class="paragraph" para="11">
                    <span class="paranum">11</span>
                    <div class="gatha"> ‘‘දය්හමානෙ 
                        <pb ed="P" n="2.0408"/> සරීරම්හි, වෙස්සභුස්ස මහෙසිනො;
                    </div>
                    <div class="gathalast">ගන්ධොදකං ගහෙත්වාන, චිතං නිබ්බාපයිං අහං.</div>
                </div>
                <div class="paragraph" para="12">
                    <span class="paranum">12</span>
                    <div class="gatha"> ‘‘එකතිංසෙ ඉතො කප්පෙ, චිතං නිබ්බාපයිං අහං;</div>
                    <div class="gathalast">දුග්ගතිං නාභිජානාමි, ගන්ධොදකස්සිදං ඵලං.</div>
                </div>
                <div class="paragraph" para="13">
                    <span class="paranum">13</span>
                    <div class="gatha"> ‘‘කිලෙසා ඣාපිතා මය්හං...පෙ.... විහරාමි අනාසවො.</div>
                </div>
                <div class="paragraph" para="14">
                    <span class="paranum">14</span>
                    <div class="gatha"> ‘‘ස්වාගතං වත මෙ ආසි...පෙ.... කතං බුද්ධස්ස සාසනං.</div>
                </div>
                <div class="paragraph" para="15">
                    <span class="paranum">15</span>
                    <div class="gatha"> ‘‘පටිසම්භිදා 
                        <pb ed="T" n="2.0079"/> චතස්සො...පෙ.... කතං බුද්ධස්ස සාසනං’’.
                    </div>
                </div>
                <div class="centre ending">ඉත්ථං සුදං ආයස්මා චිතකනිබ්බාපකො ථෙරො ඉමා ගාථායො අභාසිත්ථාති.</div>
            </div>
            <div class="centre ct_sutta ending">චිතකනිබ්බාපකත්ථෙරස්සාපදානං තතියං.</div>
        </div>
        <div class="subhead ct_sutta" node-id="47144">
            <span class="subhead ct_sutta">4. සෙතුදායකත්ථෙරඅපදානං</span>
            <div class="subhead-contents">
                <div class="paragraph" para="16">
                    <span class="paranum">16</span>
                    <div class="gatha"> ‘‘විපස්සිනො භගවතො, චඞ්කමන්තස්ස සම්මුඛා;</div>
                    <div class="gathalast">පසන්නචිත්තො සුමනො, සෙතුං කාරාපයිං අහං.</div>
                </div>
                <div class="paragraph" para="17">
                    <span class="paranum">17</span>
                    <div class="gatha"> ‘‘එකනවුතිතො කප්පෙ, යං සෙතුං කාරයිං අහං;</div>
                    <div class="gathalast">දුග්ගතිං නාභිජානාමි, සෙතුදානස්සිදං ඵලං.</div>
                </div>
                <div class="paragraph" para="18">
                    <span class="paranum">18</span>
                    <div class="gatha"> ‘‘කිලෙසා ඣාපිතා මය්හං...පෙ.... විහරාමි අනාසවො.</div>
                </div>
                <div class="paragraph" para="19">
                    <span class="paranum">19</span>
                    <div class="gatha"> ‘‘ස්වාගතං වත මෙ ආසි...පෙ.... කතං බුද්ධස්ස සාසනං.</div>
                </div>
                <div class="paragraph" para="20">
                    <span class="paranum">20</span>
                    <div class="gatha"> ‘‘පටිසම්භිදා චතස්සො...පෙ.... කතං බුද්ධස්ස සාසනං’’.</div>
                </div>
                <div class="centre ending">ඉත්ථං 
                    <pb ed="V" n="2.0041"/> සුදං ආයස්මා සෙතුදායකො ථෙරො ඉමා ගාථායො අභාසිත්ථාති.
                </div>
            </div>
            <div class="centre ct_sutta ending">සෙතුදායකත්ථෙරස්සාපදානං චතුත්ථං.</div>
        </div>
        <div class="subhead ct_sutta" node-id="47145">
            <span class="subhead ct_sutta">5. සුමනතාලවණ්ටියත්ථෙරඅපදානං</span>
            <div class="subhead-contents">
                <div class="paragraph" para="21">
                    <span class="paranum">21</span>
                    <div class="gatha"> ‘‘සිද්ධත්ථස්ස 
                        <pb ed="T" n="2.0080"/>
                        <pb ed="M" n="2.0041"/> භගවතො, තාලවණ්ටමදාසහං;
                    </div>
                    <div class="gathalast">සුමනෙහි පටිච්ඡන්නං, ධාරයාමි මහායසං.</div>
                </div>
                <div class="paragraph" para="22">
                    <span class="paranum">22</span>
                    <div class="gatha"> ‘‘චතුන්නවුතිතො කප්පෙ, තාලවණ්ටමදාසහං;</div>
                    <div class="gathalast">දුග්ගතිං නාභිජානාමි, තාලවණ්ටස්සිදං ඵලං.</div>
                </div>
                <div class="paragraph" para="23">
                    <span class="paranum">23</span>
                    <div class="gatha"> ‘‘කිලෙසා ඣාපිතා මය්හං...පෙ.... විහරාමි අනාසවො.</div>
                </div>
                <div class="paragraph" para="24">
                    <span class="paranum">24</span>
                    <div class="gatha"> ‘‘ස්වාගතං වත මෙ ආසි...පෙ.... කතං බුද්ධස්ස සාසනං.</div>
                </div>
                <div class="paragraph" para="25">
                    <span class="paranum">25</span>
                    <div class="gatha"> ‘‘පටිසම්භිදා චතස්සො...පෙ.... කතං බුද්ධස්ස සාසනං’’.</div>
                </div>
                <div class="centre ending">ඉත්ථං සුදං ආයස්මා සුමනතාලවණ්ටියො ථෙරො ඉමා ගාථායො අභාසිත්ථාති.</div>
            </div>
            <div class="centre ct_sutta ending">සුමනතාලවණ්ටියත්ථෙරස්සාපදානං පඤ්චමං.</div>
        </div>
        <div class="subhead ct_sutta" node-id="47146">
            <span class="subhead ct_sutta">6. අවටඵලියත්ථෙරඅපදානං</span>
            <div class="subhead-contents">
                <div class="paragraph" para="26">
                    <span class="paranum">26</span>
                    <div class="gatha"> ‘‘සතරංසී 
                        <pb ed="P" n="2.0409"/> නාම භගවා, සයම්භූ අපරාජිතො;
                    </div>
                    <div class="gathalast">විවෙකකාමො සම්බුද්ධො, ගොචරායාභිනික්ඛමි.</div>
                </div>
                <div class="paragraph" para="27">
                    <span class="paranum">27</span>
                    <div class="gatha"> ‘‘ඵලහත්ථො අහං දිස්වා, උපගච්ඡිං නරාසභං;</div>
                    <div class="gathalast">පසන්නචිත්තො සුමනො, අදාසිං අවටං ඵලං.</div>
                </div>
                <div class="paragraph" para="28">
                    <span class="paranum">28</span>
                    <div class="gatha"> ‘‘චතුන්නවුතිතො 
                        <pb ed="T" n="2.0081"/> කප්පෙ, යං ඵලං අදදිං තදා;
                    </div>
                    <div class="gathalast">දුග්ගතිං නාභිජානාමි, ඵලදානස්සිදං ඵලං.</div>
                </div>
                <div class="paragraph" para="29">
                    <span class="paranum">29</span>
                    <div class="gatha"> ‘‘කිලෙසා 
                        <pb ed="V" n="2.0042"/> ඣාපිතා මය්හං...පෙ.... විහරාමි අනාසවො.
                    </div>
                </div>
                <div class="paragraph" para="30">
                    <span class="paranum">30</span>
                    <div class="gatha"> ‘‘ස්වාගතං වත මෙ ආසි...පෙ.... කතං බුද්ධස්ස සාසනං.</div>
                </div>
                <div class="paragraph" para="31">
                    <span class="paranum">31</span>
                    <div class="gatha"> ‘‘පටිසම්භිදා චතස්සො...පෙ.... කතං බුද්ධස්ස සාසනං’’.</div>
                </div>
                <div class="centre ending">ඉත්ථං සුදං ආයස්මා අවටඵලියො ථෙරො ඉමා ගාථායො අභාසිත්ථාති.</div>
            </div>
            <div class="centre ct_sutta ending">අවටඵලියත්ථෙරස්සාපදානං ඡට්ඨං.</div>
        </div>
        <div class="subhead ct_sutta" node-id="47147">
            <span class="subhead ct_sutta">7. ලබුජඵලදායකත්ථෙරඅපදානං</span>
            <div class="subhead-contents">
                <div class="paragraph" para="32">
                    <span class="paranum">32</span>
                    <div class="gatha"> ‘‘නගරෙ 
                        <pb ed="M" n="2.0042"/> බන්ධුමතියා, ආරාමිකො අහං තදා;
                    </div>
                    <div class="gathalast">අද්දසං විරජං බුද්ධං, ගච්ඡන්තං අනිලඤ්ජසෙ.</div>
                </div>
                <div class="paragraph" para="33">
                    <span class="paranum">33</span>
                    <div class="gatha"> ‘‘ලබුජං ඵලමාදාය, බුද්ධසෙට්ඨස්සදාසහං;</div>
                    <div class="gathalast">ආකාසෙව ඨිතො සන්තො, පටිග්ගණ්හි මහායසො.</div>
                </div>
                <div class="paragraph" para="34">
                    <span class="paranum">34</span>
                    <div class="gatha"> ‘‘විත්තිසඤ්ජනනො මය්හං, දිට්ඨධම්මසුඛාවහො;</div>
                    <div class="gathalast">ඵලං බුද්ධස්ස දත්වාන, විප්පසන්නෙන චෙතසා.</div>
                </div>
                <div class="paragraph" para="35">
                    <span class="paranum">35</span>
                    <div class="gatha"> ‘‘අධිගඤ්ඡිං තදා පීතිං, විපුලං සුඛමුත්තමං;</div>
                    <div class="gathalast">උප්පජ්ජතෙව 
                        <span class="note">(උප්පජ්ජතෙ මෙ (ස්‍යා.))</span> රතනං, නිබ්බත්තස්ස තහිං තහිං.
                    </div>
                </div>
                <div class="paragraph" para="36">
                    <span class="paranum">36</span>
                    <div class="gatha"> ‘‘එකනවුතිතො 
                        <pb ed="T" n="2.0082"/> කප්පෙ, යං ඵලං අදදිං තදා;
                    </div>
                    <div class="gathalast">දුග්ගතිං නාභිජානාමි, ඵලදානස්සිදං ඵලං.</div>
                </div>
                <div class="paragraph" para="37">
                    <span class="paranum">37</span>
                    <div class="gatha"> ‘‘කිලෙසා ඣාපිතා මය්හං...පෙ.... විහරාමි අනාසවො.</div>
                </div>
                <div class="paragraph" para="38">
                    <span class="paranum">38</span>
                    <div class="gatha"> ‘‘ස්වාගතං වත මෙ ආසි...පෙ.... කතං බුද්ධස්ස සාසනං.</div>
                </div>
                <div class="paragraph" para="39">
                    <span class="paranum">39</span>
                    <div class="gatha"> ‘‘පටිසම්භිදා චතස්සො...පෙ.... කතං බුද්ධස්ස සාසනං’’.</div>
                </div>
                <div class="centre ending">ඉත්ථං සුදං ආයස්මා ලබුජඵලදායකො ථෙරො ඉමා ගාථායො අභාසිත්ථාති.</div>
            </div>
            <div class="centre ct_sutta ending">ලබුජඵලදායකත්ථෙරස්සාපදානං සත්තමං.</div>
        </div>
        <div class="subhead ct_sutta" node-id="47148">
            <span class="subhead ct_sutta">8. පිලක්ඛඵලදායකත්ථෙරඅපදානං</span>
            <div class="subhead-contents">
                <div class="paragraph" para="40">
                    <span class="paranum">40</span>
                    <div class="gatha"> ‘‘වනන්තරෙ 
                        <pb ed="V" n="2.0043"/>
                        <pb ed="P" n="2.0410"/> බුද්ධං දිස්වා 
                        <span class="note">(වනන්තෙ බුද්ධං දිස්වාන (සී. පී.))</span>, අත්ථදස්සිං මහායසං;
                    </div>
                    <div class="gathalast">පසන්නචිත්තො සුමනො, පිලක්ඛස්ස 
                        <span class="note">(පිලක්ඛුස්ස (පී.))</span> ඵලං අදා.
                    </div>
                </div>
                <div class="paragraph" para="41">
                    <span class="paranum">41</span>
                    <div class="gatha"> ‘‘අට්ඨාරසෙ කප්පසතෙ, යං ඵලං අදදිං තදා;</div>
                    <div class="gathalast">දුග්ගතිං නාභිජානාමි, ඵලදානස්සිදං ඵලං.</div>
                </div>
                <div class="paragraph" para="42">
                    <span class="paranum">42</span>
                    <div class="gatha"> ‘‘කිලෙසා ඣාපිතා මය්හං...පෙ.... විහරාමි අනාසවො.</div>
                </div>
                <div class="paragraph" para="43">
                    <span class="paranum">43</span>
                    <div class="gatha"> ‘‘ස්වාගතං වත මෙ ආසි...පෙ.... කතං බුද්ධස්ස සාසනං.</div>
                </div>
                <div class="paragraph" para="44">
                    <span class="paranum">44</span>
                    <div class="gatha"> ‘‘පටිසම්භිදා 
                        <pb ed="T" n="2.0083"/>
                        <pb ed="M" n="2.0043"/> චතස්සො...පෙ.... කතං බුද්ධස්ස සාසනං’’.
                    </div>
                </div>
                <div class="centre ending">ඉත්ථං සුදං ආයස්මා පිලක්ඛඵලදායකො ථෙරො ඉමා ගාථායො අභාසිත්ථාති.</div>
            </div>
            <div class="centre ct_sutta ending">පිලක්ඛඵලදායකත්ථෙරස්සාපදානං අට්ඨමං.</div>
        </div>
        <div class="subhead ct_sutta" node-id="47149">
            <span class="subhead ct_sutta">9. සයංපටිභානියත්ථෙරඅපදානං</span>
            <div class="subhead-contents">
                <div class="paragraph" para="45">
                    <span class="paranum">45</span>
                    <div class="gatha"> ‘‘කකුධං විලසන්තංව, දෙවදෙවං නරාසභං;</div>
                    <div class="gathalast">රථියං පටිපජ්ජන්තං, කො දිස්වා න පසීදති.</div>
                </div>
                <div class="paragraph" para="46">
                    <span class="paranum">46</span>
                    <div class="gatha"> ‘‘තමන්ධකාරං නාසෙත්වා, සන්තාරෙත්වා බහුං ජනං;</div>
                    <div class="gathalast">ඤාණාලොකෙන ජොතන්තං, කො දිස්වා න පසීදති.</div>
                </div>
                <div class="paragraph" para="47">
                    <span class="paranum">47</span>
                    <div class="gatha"> ‘‘වසීසතසහස්සෙහි, නීයන්තං ලොකනායකං;</div>
                    <div class="gathalast">උද්ධරන්තං බහූ සත්තෙ, කො දිස්වා න පසීදති.</div>
                </div>
                <div class="paragraph" para="48">
                    <span class="paranum">48</span>
                    <div class="gatha"> ‘‘ආහනන්තං 
                        <span class="note">(ආහනිත්වා (ස්‍යා. ක.))</span> ධම්මභෙරිං, මද්දන්තං තිත්ථියෙ ගණෙ;
                    </div>
                    <div class="gathalast">සීහනාදං විනදන්තං, කො දිස්වා න පසීදති.</div>
                </div>
                <div class="paragraph" para="49">
                    <span class="paranum">49</span>
                    <div class="gatha"> ‘‘යාවතා බ්‍රහ්මලොකතො, ආගන්ත්වාන සබ්‍රහ්මකා;</div>
                    <div class="gathalast">පුච්ඡන්ති නිපුණෙ පඤ්හෙ, කො දිස්වා න පසීදති.</div>
                </div>
                <div class="paragraph" para="50">
                    <span class="paranum">50</span>
                    <div class="gatha"> ‘‘යස්සඤ්ජලිං කරිත්වාන, ආයාචන්ති සදෙවකා;</div>
                    <div class="gathalast">තෙන පුඤ්ඤං අනුභොන්ති, කො දිස්වා න පසීදති.</div>
                </div>
                <div class="paragraph" para="51">
                    <span class="paranum">51</span>
                    <div class="gatha"> ‘‘සබ්බෙ 
                        <pb ed="V" n="2.0044"/> ජනා සමාගන්ත්වා, සම්පවාරෙන්ති චක්ඛුමං;
                    </div>
                    <div class="gathalast">න විකම්පති අජ්ඣිට්ඨො, කො දිස්වා න පසීදති.</div>
                </div>
                <div class="paragraph" para="52">
                    <span class="paranum">52</span>
                    <div class="gatha"> ‘‘නගරං 
                        <pb ed="T" n="2.0084"/> පවිසතො යස්ස, රවන්ති භෙරියො බහූ;
                    </div>
                    <div class="gathalast">විනදන්ති ගජා මත්තා, කො දිස්වා න පසීදති.</div>
                </div>
                <div class="paragraph" para="53">
                    <span class="paranum">53</span>
                    <div class="gatha"> ‘‘වීථියා 
                        <span class="note">(රථියා (සී.))</span> ගච්ඡතො යස්ස, සබ්බාභා ජොතතෙ සදා;
                    </div>
                    <div class="gathalast">අබ්භුන්නතා සමා හොන්ති, කො දිස්වා න පසීදති.</div>
                </div>
                <div class="paragraph" para="54">
                    <span class="paranum">54</span>
                    <div class="gatha"> ‘‘බ්‍යාහරන්තස්ස 
                        <pb ed="P" n="2.0411"/> බුද්ධස්ස, චක්කවාළම්පි සුය්‍යති;
                    </div>
                    <div class="gathalast">සබ්බෙ සත්තෙ විඤ්ඤාපෙති, කො දිස්වා න පසීදති.</div>
                </div>
                <div class="paragraph" para="55">
                    <span class="paranum">55</span>
                    <div class="gatha"> ‘‘සතසහස්සිතො 
                        <pb ed="M" n="2.0044"/> කප්පෙ, යං බුද්ධමභිකිත්තයිං;
                    </div>
                    <div class="gathalast">දුග්ගතිං නාභිජානාමි, කිත්තනාය ඉදං ඵලං.</div>
                </div>
                <div class="paragraph" para="56">
                    <span class="paranum">56</span>
                    <div class="gatha"> ‘‘කිලෙසා ඣාපිතා මය්හං...පෙ.... විහරාමි අනාසවො.</div>
                </div>
                <div class="paragraph" para="57">
                    <span class="paranum">57</span>
                    <div class="gatha"> ‘‘ස්වාගතං වත මෙ ආසි...පෙ.... කතං බුද්ධස්ස සාසනං.</div>
                </div>
                <div class="paragraph" para="58">
                    <span class="paranum">58</span>
                    <div class="gatha"> ‘‘පටිසම්භිදා චතස්සො...පෙ.... කතං බුද්ධස්ස සාසනං’’.</div>
                </div>
                <div class="centre ending">ඉත්ථං සුදං ආයස්මා සයංපටිභානියො ථෙරො ඉමා ගාථායො අභාසිත්ථාති.</div>
            </div>
            <div class="centre ct_sutta ending">සයංපටිභානියත්ථෙරස්සාපදානං නවමං.</div>
        </div>
        <div class="subhead ct_sutta" node-id="471410">
            <span class="subhead ct_sutta">10. නිමිත්තබ්‍යාකරණියත්ථෙරඅපදානං</span>
            <div class="subhead-contents">
                <div class="paragraph" para="59">
                    <span class="paranum">59</span>
                    <div class="gatha"> ‘‘අජ්ඣොගාහෙත්වා හිමවං, මන්තෙ වාචෙ මහං තදා;</div>
                    <div class="gathalast">චතුපඤ්ඤාසසහස්සානි, සිස්සා මය්හං උපට්ඨහුං.</div>
                </div>
                <div class="paragraph" para="60">
                    <span class="paranum">60</span>
                    <div class="gatha"> ‘‘අධිතා 
                        <pb ed="T" n="2.0085"/> වෙදගූ සබ්බෙ, ඡළඞ්ගෙ පාරමිං ගතා;
                    </div>
                    <div class="gathalast">සකවිජ්ජාහුපත්ථද්ධා, හිමවන්තෙ වසන්ති තෙ.</div>
                </div>
                <div class="paragraph" para="61">
                    <span class="paranum">61</span>
                    <div class="gatha"> ‘‘චවිත්වා තුසිතා කායා, දෙවපුත්තො මහායසො;</div>
                    <div class="gathalast">උප්පජ්ජි මාතුකුච්ඡිස්මිං, සම්පජානො පතිස්සතො.</div>
                </div>
                <div class="paragraph" para="62">
                    <span class="paranum">62</span>
                    <div class="gatha"> ‘‘සම්බුද්ධෙ උපපජ්ජන්තෙ, දසසහස්සි කම්පථ;</div>
                    <div class="gathalast">අන්ධා චක්ඛුං අලභිංසු, උප්පජ්ජන්තම්හි නායකෙ.</div>
                </div>
                <div class="paragraph" para="63">
                    <span class="paranum">63</span>
                    <div class="gatha"> ‘‘සබ්බාකාරං 
                        <pb ed="V" n="2.0045"/> පකම්පිත්ථ, කෙවලා වසුධා අයං;
                    </div>
                    <div class="gathalast">නිග්ඝොසසද්දං සුත්වාන, උබ්බිජ්ජිංසු 
                        <span class="note">(විම්හයිංසු (ස්‍යා. ක.))</span> මහාජනා.
                    </div>
                </div>
                <div class="paragraph" para="64">
                    <span class="paranum">64</span>
                    <div class="gatha"> ‘‘සබ්බෙ ජනා සමාගම්ම, ආගච්ඡුං මම සන්තිකං;</div>
                    <div class="gathalast">වසුධායං පකම්පිත්ථ, කිං විපාකො භවිස්සති.</div>
                </div>
                <div class="paragraph" para="65">
                    <span class="paranum">65</span>
                    <div class="gatha"> ‘‘අවචාසිං 
                        <span class="note">(විදස්සාමි (ස්‍යා.))</span> තදා තෙසං, මා භෙථ 
                        <span class="note">(මා රොද (ක.), මාභායිත්ථ (ස්‍යා.))</span> නත්ථි වො භයං;
                    </div>
                    <div class="gathalast">විසට්ඨා හොථ සබ්බෙපි, උප්පාදොයං සුවත්ථිකො 
                        <span class="note">(සුඛත්ථිකො (ස්‍යා.))</span>.
                    </div>
                </div>
                <div class="paragraph" para="66">
                    <span class="paranum">66</span>
                    <div class="gatha"> ‘‘අට්ඨහෙතූහි 
                        <pb ed="M" n="2.0045"/> සම්ඵුස්ස 
                        <span class="note">(අට්ඨහෙතූහි සම්ඵස්ස (ස්‍යා. පී.), අත්ථහෙතු නිසංසයං (ක.))</span>, වසුධායං පකම්පති;
                    </div>
                    <div class="gathalast">තථා නිමිත්තා දිස්සන්ති, ඔභාසො විපුලො මහා.</div>
                </div>
                <div class="paragraph" para="67">
                    <span class="paranum">67</span>
                    <div class="gatha"> ‘‘අසංසයං බුද්ධසෙට්ඨො, උප්පජ්ජිස්සති චක්ඛුමා;</div>
                    <div class="gathalast">සඤ්ඤාපෙත්වාන ජනතං, පඤ්චසීලෙ කථෙසහං.</div>
                </div>
                <div class="paragraph" para="68">
                    <span class="paranum">68</span>
                    <div class="gatha"> ‘‘සුත්වාන 
                        <pb ed="P" n="2.0412"/> පඤ්ච සීලානි, බුද්ධුප්පාදඤ්ච දුල්ලභං;
                    </div>
                    <div class="gathalast">උබ්බෙගජාතා සුමනා, තුට්ඨහට්ඨා අහංසු තෙ.</div>
                </div>
                <div class="paragraph" para="69">
                    <span class="paranum">69</span>
                    <div class="gatha"> ‘‘ද්වෙනවුතෙ ඉතො කප්පෙ, යං නිමිත්තං වියාකරිං;</div>
                    <div class="gathalast">දුග්ගතිං නාභිජානාමි, බ්‍යාකරණස්සිදං ඵලං.</div>
                </div>
                <div class="paragraph" para="70">
                    <span class="paranum">70</span>
                    <div class="gatha"> ‘‘කිලෙසා 
                        <pb ed="T" n="2.0086"/> ඣාපිතා මය්හං...පෙ.... විහරාමි අනාසවො.
                    </div>
                </div>
                <div class="paragraph" para="71">
                    <span class="paranum">71</span>
                    <div class="gatha"> ‘‘ස්වාගතං වත මෙ ආසි...පෙ.... කතං බුද්ධස්ස සාසනං.</div>
                </div>
                <div class="paragraph" para="72">
                    <span class="paranum">72</span>
                    <div class="gatha"> ‘‘පටිසම්භිදා චතස්සො...පෙ.... කතං බුද්ධස්ස සාසනං’’.</div>
                </div>
                <div class="centre ending">ඉත්ථං සුදං ආයස්මා නිමිත්තබ්‍යාකරණියො ථෙරො ඉමා ගාථායො අභාසිත්ථාති.</div>
            </div>
            <div class="centre ct_sutta ending">නිමිත්තබ්‍යාකරණියත්ථෙරස්සාපදානං දසමං.</div>
        </div>
    </div>
    <div class="centre ct_vagga ending">සාලකුසුමියවග්ගො සත්තචත්තාලීසමො.</div>
    <div class="paragraph udana" para="udana">
        <div class="bodytext ct_vagga">තස්සුද්දානං -</div>
        <div class="ct_vagga gatha">සාලකුසුමියො ථෙරො, පූජා නිබ්බාපකොපි ච;</div>
        <div class="gathalast ct_vagga">සෙතුදො තාලවණ්ටී ච, අවටලබුජප්පදො.</div>
        <div class="ct_vagga gatha">පිලක්ඛපටිභානී ච, වෙය්‍යාකරණියො දිජො;</div>
        <div class="gathalast ct_vagga">ද්වෙසත්තති ච ගාථායො, ගණිතායො විභාවිභි.</div>
    </div>
</div>