<div class="chapter ct_vagga" node-id="46130">
    <span class="chapter ct_vagga">4. කුණ්ඩධානවග්ගො</span>
    <div class="chapter-contents">
        <div class="subhead ct_sutta" node-id="46131">
            <span class="subhead ct_sutta">1. කුණ්ඩධානත්ථෙරඅපදානං</span>
            <div class="subhead-contents">
                <div class="paragraph" para="1">
                    <span class="paranum">1</span>
                    <div class="gatha"> ‘‘සත්තාහං 
                        <pb ed="M" n="1.0091"/>
                        <pb ed="V" n="1.0080"/> පටිසල්ලීනං, සයම්භුං අග්ගපුග්ගලං;
                    </div>
                    <div class="gathalast">පසන්නචිත්තො සුමනො, බුද්ධසෙට්ඨං උපට්ඨහිං.</div>
                </div>
                <div class="paragraph" para="2">
                    <span class="paranum">2</span>
                    <div class="gatha"> ‘‘වුට්ඨිතං කාලමඤ්ඤාය, පදුමුත්තරං මහාමුනිං;</div>
                    <div class="gathalast">මහන්තිං කදලීකණ්ණිං, ගහෙත්වා උපගච්ඡහං.</div>
                </div>
                <div class="paragraph" para="3">
                    <span class="paranum">3</span>
                    <div class="gatha"> ‘‘පටිග්ගහෙත්වා 
                        <pb ed="T" n="1.0117"/>
                        <span class="note">(පටිග්ගහෙසි (ස්‍යා. ක.))</span> භගවා, සබ්බඤ්ඤූ 
                        <span class="note">(තං ඵලං (සී.))</span> ලොකනායකො;
                    </div>
                    <div class="gathalast">මම චිත්තං පසාදෙන්තො, පරිභුඤ්ජි මහාමුනි.</div>
                </div>
                <div class="paragraph" para="4">
                    <span class="paranum">4</span>
                    <div class="gatha"> ‘‘පරිභුඤ්ජිත්වා සම්බුද්ධො, සත්ථවාහො අනුත්තරො;</div>
                    <div class="gathalast">සකාසනෙ නිසීදිත්වා, ඉමා ගාථා අභාසථ.</div>
                </div>
                <div class="paragraph" para="5">
                    <span class="paranum">5</span>
                    <div class="gatha"> ‘‘‘යෙ 
                        <pb ed="P" n="1.0082"/> ච සන්ති සමිතාරො 
                        <span class="note">(යෙ වසන්ති සමෙතාරො (සී.))</span>, යක්ඛා ඉමම්හි පබ්බතෙ;
                    </div>
                    <div class="gathalast">අරඤ්ඤෙ භූතභබ්‍යානි 
                        <span class="note">(භූතගණා සබ්බෙ (ස්‍යා.))</span>, සුණන්තු වචනං මම’.
                    </div>
                </div>
                <div class="paragraph" para="6">
                    <span class="paranum">6</span>
                    <div class="gatha"> ‘‘යො සො බුද්ධං උපට්ඨාසි, මිගරාජංව කෙසරිං 
                        <span class="note">(මිගරාජාව කෙසරී (සී.))</span>;
                    </div>
                    <div class="gathalast">තමහං කිත්තයිස්සාමි, සුණාථ මම භාසතො.</div>
                </div>
                <div class="paragraph" para="7">
                    <span class="paranum">7</span>
                    <div class="gatha"> ‘‘‘එකාදසඤ්චක්ඛත්තුං, සො 
                        <span class="note">(සොයමෙකාදසක්ඛත්තුං (සී.))</span> දෙවරාජා භවිස්සති;
                    </div>
                    <div class="gathalast">චතුතිංසතික්ඛත්තුඤ්ච, චක්කවත්තී භවිස්සති.</div>
                </div>
                <div class="paragraph" para="8">
                    <span class="paranum">8</span>
                    <div class="gatha"> ‘‘‘කප්පසතසහස්සම්හි, ඔක්කාකකුලසම්භවො;</div>
                    <div class="gathalast">ගොතමො නාම ගොත්තෙන, සත්ථා ලොකෙ භවිස්සති.</div>
                </div>
                <div class="paragraph" para="9">
                    <span class="paranum">9</span>
                    <div class="gatha"> ‘‘‘අක්කොසිත්වාන සමණෙ, සීලවන්තෙ අනාසවෙ;</div>
                    <div class="gathalast">පාපකම්මවිපාකෙන, නාමධෙය්‍යං ලභිස්සති 
                        <span class="note">(භවිස්සති (ක.))</span>.
                    </div>
                </div>
                <div class="paragraph" para="10">
                    <span class="paranum">10</span>
                    <div class="gatha"> ‘‘‘තස්ස ධම්මෙසු දායාදො, ඔරසො ධම්මනිම්මිතො;</div>
                    <div class="gathalast">කුණ්ඩධානොති නාමෙන, සාවකො සො භවිස්සති’.</div>
                </div>
                <div class="paragraph" para="11">
                    <span class="paranum">11</span>
                    <div class="gatha"> ‘‘පවිවෙකමනුයුත්තො, ඣායී ඣානරතො අහං;</div>
                    <div class="gathalast">තොසයිත්වාන සත්ථාරං, විහරාමි අනාසවො.</div>
                </div>
                <div class="paragraph" para="12">
                    <span class="paranum">12</span>
                    <div class="gatha"> ‘‘සාවකෙහි 
                        <pb ed="M" n="1.0092"/>
                        <pb ed="V" n="1.0081"/>
                        <span class="note">(සාවකග්ගෙහි (සී.))</span> පරිවුතො, භික්ඛුසඞ්ඝපුරක්ඛතො;
                    </div>
                    <div class="gathalast">භික්ඛුසඞ්ඝෙ නිසීදිත්වා, සලාකං ගාහයී ජිනො.</div>
                </div>
                <div class="paragraph" para="13">
                    <span class="paranum">13</span>
                    <div class="gatha"> ‘‘එකංසං 
                        <pb ed="T" n="1.0118"/> චීවරං කත්වා, වන්දිත්වා ලොකනායකං;
                    </div>
                    <div class="gathalast">වදතං වරස්ස පුරතො, පඨමං අග්ගහෙසහං.</div>
                </div>
                <div class="paragraph" para="14">
                    <span class="paranum">14</span>
                    <div class="gatha"> ‘‘තෙන කම්මෙන භගවා, දසසහස්සීකම්පකො;</div>
                    <div class="gathalast">භික්ඛුසඞ්ඝෙ නිසීදිත්වා, අග්ගට්ඨානෙ ඨපෙසි මං.</div>
                </div>
                <div class="paragraph" para="15">
                    <span class="paranum">15</span>
                    <div class="gatha"> ‘‘වීරියං මෙ ධුරධොරය්හං, යොගක්ඛෙමාධිවාහනං;</div>
                    <div class="gathalast">ධාරෙමි අන්තිමං දෙහං, සම්මාසම්බුද්ධසාසනෙ.</div>
                </div>
                <div class="paragraph" para="16">
                    <span class="paranum">16</span>
                    <div class="gatha"> ‘‘පටිසම්භිදා චතස්සො, විමොක්ඛාපි ච අට්ඨිමෙ;</div>
                    <div class="gathalast">ඡළභිඤ්ඤා සච්ඡිකතා, කතං බුද්ධස්ස සාසනං’’.</div>
                    <div class="bodytext">ඉත්ථං සුදං ආයස්මා කුණ්ඩධානො ථෙරො ඉමා ගාථායො අභාසිත්ථාති.</div>
                </div>
            </div>
            <div class="centre ct_sutta ending">කුණ්ඩධානත්ථෙරස්සාපදානං පඨමං.</div>
        </div>
        <div class="subhead ct_sutta" node-id="46132">
            <span class="subhead ct_sutta">2. සාගතත්ථෙරඅපදානං</span>
            <div class="subhead-contents">
                <div class="paragraph" para="17">
                    <span class="paranum">17</span>
                    <div class="gatha"> ‘‘සොභිතො 
                        <pb ed="P" n="1.0083"/> නාම නාමෙන, අහොසිං බ්‍රාහ්මණො තදා;
                    </div>
                    <div class="gathalast">පුරක්ඛතො සසිස්සෙහි, ආරාමං අගමාසහං.</div>
                </div>
                <div class="paragraph" para="18">
                    <span class="paranum">18</span>
                    <div class="gatha"> ‘‘භගවා තම්හි සමයෙ, භික්ඛුසඞ්ඝපුරක්ඛතො;</div>
                    <div class="gathalast">ආරාමද්වාරා නික්ඛම්ම, අට්ඨාසි පුරිසුත්තමො.</div>
                </div>
                <div class="paragraph" para="19">
                    <span class="paranum">19</span>
                    <div class="gatha"> ‘‘තමද්දසාසිං සම්බුද්ධං, දන්තං දන්තපුරක්ඛතං;</div>
                    <div class="gathalast">සකං චිත්තං පසාදෙත්වා, සන්ථවිං ලොකනායකං.</div>
                </div>
                <div class="paragraph" para="20">
                    <span class="paranum">20</span>
                    <div class="gatha"> ‘‘යෙ කෙචි පාදපා සබ්බෙ, මහියා තෙ විරූහරෙ;</div>
                    <div class="gathalast">බුද්ධිමන්තො 
                        <pb ed="T" n="1.0119"/> තථා සත්තා, රුහන්ති ජිනසාසනෙ.
                    </div>
                </div>
                <div class="paragraph" para="21">
                    <span class="paranum">21</span>
                    <div class="gatha"> ‘‘සත්ථවාහොසි සප්පඤ්ඤො, මහෙසි බහුකෙ ජනෙ;</div>
                    <div class="gathalast">විපථා උද්ධරිත්වාන, පථං ආචික්ඛසෙ තුවං.</div>
                </div>
                <div class="paragraph" para="22">
                    <span class="paranum">22</span>
                    <div class="gatha"> ‘‘දන්තො 
                        <pb ed="M" n="1.0093"/> දන්තපරිකිණ්ණො 
                        <span class="note">(පුරක්ඛතො (ස්‍යා.))</span>, ඣායී ඣානරතෙහි ච;
                    </div>
                    <div class="gathalast">ආතාපී පහිතත්තෙහි, උපසන්තෙහි තාදිභි.</div>
                </div>
                <div class="paragraph" para="23">
                    <span class="paranum">23</span>
                    <div class="gatha"> ‘‘අලඞ්කතො පරිසාහි, පුඤ්ඤඤාණෙහි සොභති;</div>
                    <div class="gathalast">පභා නිද්ධාවතෙ තුය්හං, සූරියොදයනෙ යථා.</div>
                </div>
                <div class="paragraph" para="24">
                    <span class="paranum">24</span>
                    <div class="gatha"> ‘‘පසන්නචිත්තං 
                        <pb ed="V" n="1.0082"/> දිස්වාන, මහෙසී පදුමුත්තරො;
                    </div>
                    <div class="gathalast">භික්ඛුසඞ්ඝෙ ඨිතො සත්ථා, ඉමා ගාථා අභාසථ.</div>
                </div>
                <div class="paragraph" para="25">
                    <span class="paranum">25</span>
                    <div class="gatha"> ‘‘‘යො සො හාසං ජනෙත්වාන, මමං කිත්තෙසි බ්‍රාහ්මණො;</div>
                    <div class="gathalast">කප්පානං සතසහස්සං, දෙවලොකෙ රමිස්සති.</div>
                </div>
                <div class="paragraph" para="26">
                    <span class="paranum">26</span>
                    <div class="gatha"> ‘‘‘තුසිතා හි චවිත්වාන, සුක්කමූලෙන චොදිතො;</div>
                    <div class="gathalast">ගොතමස්ස භගවතො, සාසනෙ පබ්බජිස්සති.</div>
                </div>
                <div class="paragraph" para="27">
                    <span class="paranum">27</span>
                    <div class="gatha"> ‘‘‘තෙන කම්මෙන සුකතෙන, අරහත්තං 
                        <span class="note">(තුට්ඨහට්ඨං (ස්‍යා. ක.))</span> ලභිස්සති;
                    </div>
                    <div class="gathalast">සාගතො නාම නාමෙන, හෙස්සති සත්ථු සාවකො’.</div>
                </div>
                <div class="paragraph" para="28">
                    <span class="paranum">28</span>
                    <div class="gatha"> ‘‘පබ්බජිත්වාන කායෙන, පාපකම්මං විවජ්ජයිං;</div>
                    <div class="gathalast">වචීදුච්චරිතං හිත්වා, ආජීවං පරිසොධයිං.</div>
                </div>
                <div class="paragraph" para="29">
                    <span class="paranum">29</span>
                    <div class="gatha"> ‘‘එවං 
                        <pb ed="P" n="1.0084"/> විහරමානොහං, තෙජොධාතූසු කොවිදො;
                    </div>
                    <div class="gathalast">සබ්බාසවෙ පරිඤ්ඤාය, විහරාමි අනාසවො.</div>
                </div>
                <div class="paragraph" para="30">
                    <span class="paranum">30</span>
                    <div class="gatha"> ‘‘පටිසම්භිදා 
                        <pb ed="T" n="1.0120"/> චතස්සො...පෙ.... කතං බුද්ධස්ස සාසනං’’.
                    </div>
                    <div class="bodytext">ඉත්ථං සුදං ආයස්මා සාගතො ථෙරො ඉමා ගාථායො අභාසිත්ථාති.</div>
                </div>
            </div>
            <div class="centre ct_sutta ending">සාගතත්ථෙරස්සාපදානං දුතියං.</div>
        </div>
        <div class="subhead ct_sutta" node-id="46133">
            <span class="subhead ct_sutta">3. මහාකච්චානත්ථෙරඅපදානං</span>
            <div class="subhead-contents">
                <div class="paragraph" para="31">
                    <span class="paranum">31</span>
                    <div class="gatha"> ‘‘පදුමුත්තරනාථස්ස, පදුමං නාම චෙතියං;</div>
                    <div class="gathalast">සිලාසනං 
                        <span class="note">(සීහාසනං (ක.))</span> කාරයිත්වා, සුවණ්ණෙනාභිලෙපයිං.
                    </div>
                </div>
                <div class="paragraph" para="32">
                    <span class="paranum">32</span>
                    <div class="gatha"> ‘‘රතනාමයඡත්තඤ්ච, පග්ගය්හ වාළබීජනිං 
                        <span class="note">(වාළබීජනී (සී. ස්‍යා.))</span>;
                    </div>
                    <div class="gathalast">බුද්ධස්ස අභිරොපෙසිං, ලොකබන්ධුස්ස තාදිනො.</div>
                </div>
                <div class="paragraph" para="33">
                    <span class="paranum">33</span>
                    <div class="gatha"> ‘‘යාවතා 
                        <pb ed="M" n="1.0094"/> දෙවතා භුම්මා 
                        <span class="note">(භූමා (ක.))</span>, සබ්බෙ සන්නිපතුං තදා;
                    </div>
                    <div class="gathalast">රතනාමයඡත්තානං, විපාකං කථයිස්සති.</div>
                </div>
                <div class="paragraph" para="34">
                    <span class="paranum">34</span>
                    <div class="gatha"> ‘‘තඤ්ච සබ්බං සුණිස්සාම, කථයන්තස්ස සත්ථුනො;</div>
                    <div class="gathalast">භිය්‍යො හාසං ජනෙය්‍යාම, සම්මාසම්බුද්ධසාසනෙ.</div>
                </div>
                <div class="paragraph" para="35">
                    <span class="paranum">35</span>
                    <div class="gatha"> ‘‘හෙමාසනෙ නිසීදිත්වා, සයම්භූ අග්ගපුග්ගලො;</div>
                    <div class="gathalast">භික්ඛුසඞ්ඝපරිබ්‍යූළ්හො 
                        <span class="note">(පරිබ්බූළ්හො (සී.))</span>, ඉමා ගාථා අභාසථ.
                    </div>
                </div>
                <div class="paragraph" para="36">
                    <span class="paranum">36</span>
                    <div class="gatha"> ‘‘‘යෙනිදං 
                        <pb ed="V" n="1.0083"/> ආසනං දින්නං, සොවණ්ණං රතනාමයං;
                    </div>
                    <div class="gathalast">තමහං කිත්තයිස්සාමි, සුණාථ මම භාසතො.</div>
                </div>
                <div class="paragraph" para="37">
                    <span class="paranum">37</span>
                    <div class="gatha"> ‘‘‘තිංසකප්පානි 
                        <pb ed="T" n="1.0121"/> දෙවින්දො, දෙවරජ්ජං කරිස්සති;
                    </div>
                    <div class="gathalast">සමන්තා යොජනසතං, ආභායාභිභවිස්සති.</div>
                </div>
                <div class="paragraph" para="38">
                    <span class="paranum">38</span>
                    <div class="gatha"> ‘‘‘මනුස්සලොකමාගන්ත්වා, චක්කවත්තී භවිස්සති;</div>
                    <div class="gathalast">පභස්සරොති නාමෙන, උග්ගතෙජො භවිස්සති.</div>
                </div>
                <div class="paragraph" para="39">
                    <span class="paranum">39</span>
                    <div class="gatha"> ‘‘‘දිවා වා යදි වා රත්තිං, සතරංසීව උග්ගතො;</div>
                    <div class="gathalast">සමන්තා අට්ඨරතනං, උජ්ජොතිස්සති ඛත්තියො.</div>
                </div>
                <div class="paragraph" para="40">
                    <span class="paranum">40</span>
                    <div class="gatha"> ‘‘‘කප්පසතසහස්සම්හි, ඔක්කාකකුලසම්භවො;</div>
                    <div class="gathalast">ගොතමො නාම ගොත්තෙන, සත්ථා ලොකෙ භවිස්සති.</div>
                </div>
                <div class="paragraph" para="41">
                    <span class="paranum">41</span>
                    <div class="gatha"> ‘‘‘තුසිතා 
                        <pb ed="P" n="1.0085"/> හි චවිත්වාන, සුක්කමූලෙන චොදිතො;
                    </div>
                    <div class="gathalast">කච්චානො නාම නාමෙන, බ්‍රහ්මබන්ධු භවිස්සති.</div>
                </div>
                <div class="paragraph" para="42">
                    <span class="paranum">42</span>
                    <div class="gatha"> ‘‘‘සො පච්ඡා පබ්බජිත්වාන, අරහා හෙස්සතිනාසවො;</div>
                    <div class="gathalast">ගොතමො ලොකපජ්ජොතො, අග්ගට්ඨානෙ ඨපෙස්සති.</div>
                </div>
                <div class="paragraph" para="43">
                    <span class="paranum">43</span>
                    <div class="gatha"> ‘‘‘සංඛිත්තපුච්ඡිතං 
                        <span class="note">(සංඛිත්තං පුච්ඡිතං (ස්‍යා. ක.))</span> පඤ්හං, විත්ථාරෙන කථෙස්සති;
                    </div>
                    <div class="gathalast">කථයන්තො ච තං පඤ්හං, අජ්ඣාසයං 
                        <span class="note">(අජ්ඣාසං (සී.), අබ්භාසං (ක.))</span> පූරයිස්සති’.
                    </div>
                </div>
                <div class="paragraph" para="44">
                    <span class="paranum">44</span>
                    <div class="gatha"> ‘‘අඩ්ඪෙ කුලෙ අභිජාතො, බ්‍රාහ්මණො මන්තපාරගූ;</div>
                    <div class="gathalast">ඔහාය ධනධඤ්ඤානි, පබ්බජිං අනගාරියං.</div>
                </div>
                <div class="paragraph" para="45">
                    <span class="paranum">45</span>
                    <div class="gatha"> ‘‘සංඛිත්තෙනපි පුච්ඡන්තෙ, විත්ථාරෙන කථෙමහං;</div>
                    <div class="gathalast">අජ්ඣාසයං තෙසං පූරෙමි, තොසෙමි ද්විපදුත්තමං.</div>
                </div>
                <div class="paragraph" para="46">
                    <span class="paranum">46</span>
                    <div class="gatha"> ‘‘තොසිතො 
                        <pb ed="M" n="1.0095"/> මෙ මහාවීරො, සයම්භූ අග්ගපුග්ගලො;
                    </div>
                    <div class="gathalast">භික්ඛුසඞ්ඝෙ නිසීදිත්වා, එතදග්ගෙ ඨපෙසි මං.</div>
                </div>
                <div class="paragraph" para="47">
                    <span class="paranum">47</span>
                    <div class="gatha"> ‘‘පටිසම්භිදා 
                        <pb ed="T" n="1.0122"/> චතස්සො...පෙ.... කතං බුද්ධස්ස සාසනං’’.
                    </div>
                    <div class="bodytext">ඉත්ථං සුදං ආයස්මා මහාකච්චානො ථෙරො ඉමා ගාථායො අභාසිත්ථාති.</div>
                </div>
            </div>
            <div class="centre ct_sutta ending">මහාකච්චානත්ථෙරස්සාපදානං තතියං.</div>
        </div>
        <div class="subhead ct_sutta" node-id="46134">
            <span class="subhead ct_sutta">4. කාළුදායිත්ථෙරඅපදානං</span>
            <div class="subhead-contents">
                <div class="paragraph" para="48">
                    <span class="paranum">48</span>
                    <div class="gatha"> ‘‘පදුමුත්තරබුද්ධස්ස 
                        <pb ed="V" n="1.0084"/>, ලොකජෙට්ඨස්ස තාදිනො;
                    </div>
                    <div class="gathalast">අද්ධානං පටිපන්නස්ස, චරතො චාරිකං තදා.</div>
                </div>
                <div class="paragraph" para="49">
                    <span class="paranum">49</span>
                    <div class="gatha"> ‘‘සුඵුල්ලං පදුමං ගය්හ, උප්පලං මල්ලිකඤ්චහං;</div>
                    <div class="gathalast">පරමන්නං ගහෙත්වාන, අදාසිං සත්ථුනො අහං.</div>
                </div>
                <div class="paragraph" para="50">
                    <span class="paranum">50</span>
                    <div class="gatha"> ‘‘පරිභුඤ්ජි මහාවීරො, පරමන්නං සුභොජනං;</div>
                    <div class="gathalast">තඤ්ච පුප්ඵං ගහෙත්වාන, ජනස්ස සම්පදස්සයි.</div>
                </div>
                <div class="paragraph" para="51">
                    <span class="paranum">51</span>
                    <div class="gatha"> ‘‘ඉට්ඨං කන්තං 
                        <span class="note">(කන්තයිදං (ස්‍යා.))</span>, පියං ලොකෙ, ජලජං පුප්ඵමුත්තමං;
                    </div>
                    <div class="gathalast">සුදුක්කරං කතං තෙන, යො මෙ පුප්ඵං අදාසිදං.</div>
                </div>
                <div class="paragraph" para="52">
                    <span class="paranum">52</span>
                    <div class="gatha"> ‘‘යො 
                        <pb ed="P" n="1.0086"/> පුප්ඵමභිරොපෙසි, පරමන්නඤ්චදාසි මෙ;
                    </div>
                    <div class="gathalast">තමහං කිත්තයිස්සාමි, සුණාථ මම භාසතො.</div>
                </div>
                <div class="paragraph" para="53">
                    <span class="paranum">53</span>
                    <div class="gatha"> ‘‘‘දස අට්ඨ චක්ඛත්තුං 
                        <span class="note">(දස චට්ඨක්ඛත්තුං (සී.), දසමට්ඨක්ඛත්තුං (ස්‍යා.))</span> සො, දෙවරජ්ජං කරිස්සති;
                    </div>
                    <div class="gathalast">උප්පලං පදුමඤ්චාපි, මල්ලිකඤ්ච තදුත්තරි.</div>
                </div>
                <div class="paragraph" para="54">
                    <span class="paranum">54</span>
                    <div class="gatha"> ‘‘‘අස්ස 
                        <pb ed="T" n="1.0123"/> පුඤ්ඤවිපාකෙන, දිබ්බගන්ධසමායුතං;
                    </div>
                    <div class="gathalast">ආකාසෙ ඡදනං කත්වා, ධාරයිස්සති තාවදෙ.</div>
                </div>
                <div class="paragraph" para="55">
                    <span class="paranum">55</span>
                    <div class="gatha"> ‘‘‘පඤ්චවීසතික්ඛත්තුඤ්ච, චක්කවත්තී භවිස්සති;</div>
                    <div class="gathalast">පථබ්‍යා රජ්ජං පඤ්චසතං, වසුධං ආවසිස්සති.</div>
                </div>
                <div class="paragraph" para="56">
                    <span class="paranum">56</span>
                    <div class="gatha"> ‘‘‘කප්පසතසහස්සම්හි, ඔක්කාකකුලසම්භවො;</div>
                    <div class="gathalast">ගොතමො නාම ගොත්තෙන 
                        <span class="note">(නාමෙන (සී. ස්‍යා. ක.))</span>, සත්ථා ලොකෙ භවිස්සති.
                    </div>
                </div>
                <div class="paragraph" para="57">
                    <span class="paranum">57</span>
                    <div class="gatha"> ‘‘‘සකකම්මාභිරද්ධො 
                        <pb ed="M" n="1.0096"/> සො, සුක්කමූලෙන චොදිතො;
                    </div>
                    <div class="gathalast">සක්‍යානං නන්දිජනනො, ඤාතිබන්ධු භවිස්සති.</div>
                </div>
                <div class="paragraph" para="58">
                    <span class="paranum">58</span>
                    <div class="gatha"> ‘‘‘සො පච්ඡා පබ්බජිත්වාන, සුක්කමූලෙන චොදිතො;</div>
                    <div class="gathalast">සබ්බාසවෙ පරිඤ්ඤාය, නිබ්බායිස්සතිනාසවො.</div>
                </div>
                <div class="paragraph" para="59">
                    <span class="paranum">59</span>
                    <div class="gatha"> ‘‘‘පටිසම්භිදමනුප්පත්තං, කතකිච්චමනාසවං;</div>
                    <div class="gathalast">ගොතමො ලොකබන්ධු තං 
                        <span class="note">(සො (සී.))</span>, එතදග්ගෙ ඨපෙස්සති.
                    </div>
                </div>
                <div class="paragraph" para="60">
                    <span class="paranum">60</span>
                    <div class="gatha"> ‘‘‘පධානපහිතත්තො සො, උපසන්තො නිරූපධි;</div>
                    <div class="gathalast">උදායී නාම නාමෙන, හෙස්සති සත්ථු සාවකො’.</div>
                </div>
                <div class="paragraph" para="61">
                    <span class="paranum">61</span>
                    <div class="gatha"> ‘‘රාගො 
                        <pb ed="V" n="1.0085"/> දොසො ච මොහො ච, මානො මක්ඛො ච ධංසිතො;
                    </div>
                    <div class="gathalast">සබ්බාසවෙ පරිඤ්ඤාය, විහරාමි අනාසවො.</div>
                </div>
                <div class="paragraph" para="62">
                    <span class="paranum">62</span>
                    <div class="gatha"> ‘‘තොසයිඤ්චාපි සම්බුද්ධං, ආතාපී නිපකො අහං;</div>
                    <div class="gathalast">පසාදිතො 
                        <span class="note">(පමොදිතො (සී.))</span> ච සම්බුද්ධො, එතදග්ගෙ ඨපෙසි මං.
                    </div>
                </div>
                <div class="paragraph" para="63">
                    <span class="paranum">63</span>
                    <div class="gatha"> ‘‘පටිසම්භිදා චතස්සො...පෙ.... කතං බුද්ධස්ස සාසනං’’.</div>
                    <div class="gathalast">ඉත්ථං 
                        <pb ed="T" n="1.0124"/> සුදං ආයස්මා කාළුදායී ථෙරො ඉමා ගාථායො අභාසිත්ථාති;
                    </div>
                </div>
            </div>
            <div class="centre ct_sutta ending">කාළුදායීථෙරස්සාපදානං චතුත්ථං.</div>
        </div>
        <div class="subhead ct_sutta" node-id="46135">
            <span class="subhead ct_sutta">5. මොඝරාජත්ථෙරඅපදානං</span>
            <div class="subhead-contents">
                <div class="paragraph" para="64">
                    <span class="paranum">64</span>
                    <div class="gatha"> ‘‘අත්ථදස්සී 
                        <pb ed="P" n="1.0087"/> තු භගවා, සයම්භූ අපරාජිතො;
                    </div>
                    <div class="gathalast">භික්ඛුසඞ්ඝපරිබ්‍යූළ්හො, රථියං පටිපජ්ජථ.</div>
                </div>
                <div class="paragraph" para="65">
                    <span class="paranum">65</span>
                    <div class="gatha"> ‘‘සිස්සෙහි සම්පරිවුතො, ඝරම්හා අභිනික්ඛමිං;</div>
                    <div class="gathalast">නික්ඛමිත්වානහං තත්ථ, අද්දසං ලොකනායකං.</div>
                </div>
                <div class="paragraph" para="66">
                    <span class="paranum">66</span>
                    <div class="gatha"> ‘‘අභිවාදිය සම්බුද්ධං, සිරෙ කත්වාන අඤ්ජලිං;</div>
                    <div class="gathalast">සකං චිත්තං පසාදෙත්වා, සන්ථවිං ලොකනායකං.</div>
                </div>
                <div class="paragraph" para="67">
                    <span class="paranum">67</span>
                    <div class="gatha"> ‘‘යාවතා රූපිනො සත්තා, අරූපී වා අසඤ්ඤිනො;</div>
                    <div class="gathalast">සබ්බෙ තෙ තව ඤාණම්හි, අන්තො හොන්ති සමොගධා.</div>
                </div>
                <div class="paragraph" para="68">
                    <span class="paranum">68</span>
                    <div class="gatha"> ‘‘සුඛුමච්ඡිකජාලෙන 
                        <pb ed="M" n="1.0097"/>, උදකං යො පරික්ඛිපෙ;
                    </div>
                    <div class="gathalast">යෙ කෙචි උදකෙ පාණා, අන්තොජාලෙ භවන්ති තෙ.</div>
                </div>
                <div class="paragraph" para="69">
                    <span class="paranum">69</span>
                    <div class="gatha"> ‘‘යෙසඤ්ච චෙතනා අත්ථි, රූපිනො ච අරූපිනො;</div>
                    <div class="gathalast">සබ්බෙ තෙ තව ඤාණම්හි, අන්තො හොන්ති සමොගධා.</div>
                </div>
                <div class="paragraph" para="70">
                    <span class="paranum">70</span>
                    <div class="gatha"> ‘‘සමුද්ධරසිමං ලොකං, අන්ධකාරසමාකුලං;</div>
                    <div class="gathalast">තව ධම්මං සුණිත්වාන, කඞ්ඛාසොතං තරන්ති තෙ.</div>
                </div>
                <div class="paragraph" para="71">
                    <span class="paranum">71</span>
                    <div class="gatha"> ‘‘අවිජ්ජානිවුතෙ ලොකෙ, අන්ධකාරෙන ඔත්ථටෙ;</div>
                    <div class="gathalast">තව 
                        <pb ed="T" n="1.0125"/> ඤාණම්හි ජොතන්තෙ, අන්ධකාරා පධංසිතා.
                    </div>
                </div>
                <div class="paragraph" para="72">
                    <span class="paranum">72</span>
                    <div class="gatha"> ‘‘තුවං චක්ඛූසි සබ්බෙසං, මහාතමපනූදනො;</div>
                    <div class="gathalast">තව ධම්මං සුණිත්වාන, නිබ්බායති බහුජ්ජනො.</div>
                </div>
                <div class="paragraph" para="73">
                    <span class="paranum">73</span>
                    <div class="gatha"> ‘‘පුටකං 
                        <pb ed="V" n="1.0086"/> පූරයිත්වාන 
                        <span class="note">(පීඨරං (සී.), පුතරං (ස්‍යා.))</span>, මධුඛුද්දමනෙළකං;
                    </div>
                    <div class="gathalast">උභො හත්ථෙහි පග්ගය්හ, උපනෙසිං මහෙසිනො.</div>
                </div>
                <div class="paragraph" para="74">
                    <span class="paranum">74</span>
                    <div class="gatha"> ‘‘පටිග්ගණ්හි මහාවීරො, සහත්ථෙන මහා ඉසී;</div>
                    <div class="gathalast">භුඤ්ජිත්වා තඤ්ච සබ්බඤ්ඤූ, වෙහාසං නභමුග්ගමි.</div>
                </div>
                <div class="paragraph" para="75">
                    <span class="paranum">75</span>
                    <div class="gatha"> ‘‘අන්තලික්ඛෙ ඨිතො සත්ථා, අත්ථදස්සී නරාසභො;</div>
                    <div class="gathalast">මම චිත්තං පසාදෙන්තො, ඉමා ගාථා අභාසථ.</div>
                </div>
                <div class="paragraph" para="76">
                    <span class="paranum">76</span>
                    <div class="gatha"> ‘‘‘යෙනිදං ථවිතං ඤාණං, බුද්ධසෙට්ඨො ච ථොමිතො;</div>
                    <div class="gathalast">තෙන චිත්තප්පසාදෙන, දුග්ගතිං සො න ගච්ඡති.</div>
                </div>
                <div class="paragraph" para="77">
                    <span class="paranum">77</span>
                    <div class="gatha"> ‘‘‘චතුද්දසඤ්චක්ඛත්තුං 
                        <span class="note">(චතුසට්ඨිඤ්ච (ස්‍යා.))</span> සො, දෙවරජ්ජං කරිස්සති;
                    </div>
                    <div class="gathalast">පථබ්‍යා රජ්ජං අට්ඨසතං, වසුධං ආවසිස්සති.</div>
                </div>
                <div class="paragraph" para="78">
                    <span class="paranum">78</span>
                    <div class="gatha"> ‘‘‘පඤ්චෙව 
                        <pb ed="P" n="1.0088"/> සතක්ඛත්තුඤ්ච 
                        <span class="note">(අථ පඤ්චසතක්ඛත්තුං (සී.))</span>, චක්කවත්තී භවිස්සති;
                    </div>
                    <div class="gathalast">පදෙසරජ්ජං අසඞ්ඛෙය්‍යං, මහියා කාරයිස්සති.</div>
                </div>
                <div class="paragraph" para="79">
                    <span class="paranum">79</span>
                    <div class="gatha"> ‘‘‘අජ්ඣායකො මන්තධරො, තිණ්ණං වෙදාන පාරගූ;</div>
                    <div class="gathalast">ගොතමස්ස භගවතො, සාසනෙ පබ්බජිස්සති.</div>
                </div>
                <div class="paragraph" para="80">
                    <span class="paranum">80</span>
                    <div class="gatha"> ‘‘‘ගම්භීරං නිපුණං අත්ථං, ඤාණෙන විචිනිස්සති;</div>
                    <div class="gathalast">මොඝරාජාති නාමෙන, හෙස්සති සත්ථු සාවකො.</div>
                </div>
                <div class="paragraph" para="81">
                    <span class="paranum">81</span>
                    <div class="gatha"> ‘‘‘තීහි 
                        <pb ed="M" n="1.0098"/> විජ්ජාහි සම්පන්නං, කතකිච්චමනාසවං;
                    </div>
                    <div class="gathalast">ගොතමො 
                        <pb ed="T" n="1.0126"/> සත්ථවාහග්ගො, එතදග්ගෙ ඨපෙස්සති’.
                    </div>
                </div>
                <div class="paragraph" para="82">
                    <span class="paranum">82</span>
                    <div class="gatha"> ‘‘හිත්වා මානුසකං යොගං, ඡෙත්වාන භවබන්ධනං;</div>
                    <div class="gathalast">සබ්බාසවෙ පරිඤ්ඤාය, විහරාමි අනාසවො.</div>
                </div>
                <div class="paragraph" para="83">
                    <span class="paranum">83</span>
                    <div class="gatha"> ‘‘පටිසම්භිදා චතස්සො...පෙ.... කතං බුද්ධස්ස සාසනං’’.</div>
                    <div class="gathalast">ඉත්ථං 
                        <pb ed="T" n="1.0127"/> සුදං ආයස්මා මොඝරාජො ථෙරො ඉමා ගාථායො අභාසිත්ථාති;
                    </div>
                </div>
            </div>
            <div class="centre ct_sutta ending">මොඝරාජත්ථෙරස්සාපදානං පඤ්චමං.</div>
        </div>
        <div class="subhead ct_sutta" node-id="46136">
            <span class="subhead ct_sutta">6. අධිමුත්තත්ථෙරඅපදානං</span>
            <div class="subhead-contents">
                <div class="paragraph" para="84">
                    <span class="paranum">84</span>
                    <div class="gatha"> ‘‘නිබ්බුතෙ ලොකනාථම්හි, අත්ථදස්සීනරුත්තමෙ;</div>
                    <div class="gathalast">උපට්ඨහිං භික්ඛුසඞ්ඝං, විප්පසන්නෙන චෙතසා.</div>
                </div>
                <div class="paragraph" para="85">
                    <span class="paranum">85</span>
                    <div class="gatha"> ‘‘නිමන්තෙත්වා 
                        <pb ed="V" n="1.0087"/> භික්ඛුසඞ්ඝං 
                        <span class="note">(සංඝරතනං (සී. ස්‍යා.))</span>, උජුභූතං සමාහිතං;
                    </div>
                    <div class="gathalast">උච්ඡුනා මණ්ඩපං කත්වා, භොජෙසිං සඞ්ඝමුත්තමං.</div>
                </div>
                <div class="paragraph" para="86">
                    <span class="paranum">86</span>
                    <div class="gatha"> ‘‘යං යං යොනුපපජ්ජාමි, දෙවත්තං අථ මානුසං;</div>
                    <div class="gathalast">සබ්බෙ සත්තෙ අභිභොමි 
                        <span class="note">(අතිභොමි (සී. ක.))</span>, පුඤ්ඤකම්මස්සිදං ඵලං.
                    </div>
                </div>
                <div class="paragraph" para="87">
                    <span class="paranum">87</span>
                    <div class="gatha"> ‘‘අට්ඨාරසෙ කප්පසතෙ, යං දානමදදිං තදා;</div>
                    <div class="gathalast">දුග්ගතිං නාභිජානාමි, උච්ඡුදානස්සිදං ඵලං.</div>
                </div>
                <div class="paragraph" para="88">
                    <span class="paranum">88</span>
                    <div class="gatha"> ‘‘පටිසම්භිදා චතස්සො...පෙ.... කතං බුද්ධස්ස සාසනං’’.</div>
                    <div class="gathalast">ඉත්ථං සුදං ආයස්මා අධිමුත්තො ථෙරො ඉමා ගාථායො අභාසිත්ථාති;</div>
                </div>
            </div>
            <div class="centre ct_sutta ending">අධිමුත්තත්ථෙරස්සාපදානං ඡට්ඨං.</div>
        </div>
        <div class="subhead ct_sutta" node-id="46137">
            <span class="subhead ct_sutta">7. ලසුණදායකත්ථෙරඅපදානං</span>
            <div class="subhead-contents">
                <div class="paragraph" para="89">
                    <span class="paranum">89</span>
                    <div class="gatha"> ‘‘හිමවන්තස්සාවිදූරෙ 
                        <pb ed="P" n="1.0089"/>, තාපසො ආසහං තදා;
                    </div>
                    <div class="gathalast">ලසුණං උපජීවාමි, ලසුණං මය්හභොජනං.</div>
                </div>
                <div class="paragraph" para="90">
                    <span class="paranum">90</span>
                    <div class="gatha"> ‘‘ඛාරියො 
                        <pb ed="M" n="1.0099"/> පූරයිත්වාන, සඞ්ඝාරාමමගච්ඡහං;
                    </div>
                    <div class="gathalast">හට්ඨො හට්ඨෙන චිත්තෙන, සඞ්ඝස්ස ලසුණං අදං.</div>
                </div>
                <div class="paragraph" para="91">
                    <span class="paranum">91</span>
                    <div class="gatha"> ‘‘විපස්සිස්ස නරග්ගස්ස, සාසනෙ නිරතස්සහං;</div>
                    <div class="gathalast">සඞ්ඝස්ස ලසුණං දත්වා, කප්පං සග්ගම්හි මොදහං.</div>
                </div>
                <div class="paragraph" para="92">
                    <span class="paranum">92</span>
                    <div class="gatha"> ‘‘එකනවුතිතො කප්පෙ, ලසුණං යමදං තදා;</div>
                    <div class="gathalast">දුග්ගතිං නාභිජානාමි, ලසුණස්ස ඉදං ඵලං.</div>
                </div>
                <div class="paragraph" para="93">
                    <span class="paranum">93</span>
                    <div class="gatha"> ‘‘පටිසම්භිදා චතස්සො...පෙ.... කතං බුද්ධස්ස සාසනං’’.</div>
                    <div class="gathalast">ඉත්ථං සුදං ආයස්මා ලසුණදායකො ථෙරො ඉමා ගාථායො අභාසිත්ථාති;</div>
                </div>
            </div>
            <div class="centre ct_sutta ending">ලසුණදායකත්ථෙරස්සාපදානං සත්තමං.</div>
        </div>
        <div class="subhead ct_sutta" node-id="46138">
            <span class="subhead ct_sutta">8. ආයාගදායකත්ථෙරඅපදානං</span>
            <div class="subhead-contents">
                <div class="paragraph" para="94">
                    <span class="paranum">94</span>
                    <div class="gatha"> ‘‘නිබ්බුතෙ 
                        <pb ed="T" n="1.0128"/> ලොකනාථම්හි, සිඛිම්හි වදතං වරෙ;
                    </div>
                    <div class="gathalast">හට්ඨො හට්ඨෙන චිත්තෙන, අවන්දිං ථූපමුත්තමං.</div>
                </div>
                <div class="paragraph" para="95">
                    <span class="paranum">95</span>
                    <div class="gatha"> ‘‘වඩ්ඪකීහි 
                        <pb ed="V" n="1.0088"/> කථාපෙත්වා, මූලං දත්වානහං තදා;
                    </div>
                    <div class="gathalast">හට්ඨො හට්ඨෙන චිත්තෙන, ආයාගං කාරපෙසහං.</div>
                </div>
                <div class="paragraph" para="96">
                    <span class="paranum">96</span>
                    <div class="gatha"> ‘‘අට්ඨ කප්පානි දෙවෙසු, අබ්බොකිණ්ණං 
                        <span class="note">(අබ්බොච්ඡින්නං (සී.))</span> වසිං අහං;
                    </div>
                    <div class="gathalast">අවසෙසෙසු කප්පෙසු, වොකිණ්ණං සංසරිං අහං.</div>
                </div>
                <div class="paragraph" para="97">
                    <span class="paranum">97</span>
                    <div class="gatha"> ‘‘කායෙ විසං න කමති, සත්ථානි න ච හන්ති මෙ;</div>
                    <div class="gathalast">උදකෙහං න මිය්‍යාමි, ආයාගස්ස ඉදං ඵලං.</div>
                </div>
                <div class="paragraph" para="98">
                    <span class="paranum">98</span>
                    <div class="gatha"> ‘‘යදිච්ඡාමි අහං වස්සං, මහාමෙඝො පවස්සති;</div>
                    <div class="gathalast">දෙවාපි මෙ වසං එන්ති, පුඤ්ඤකම්මස්සිදං ඵලං.</div>
                </div>
                <div class="paragraph" para="99">
                    <span class="paranum">99</span>
                    <div class="gatha"> ‘‘සත්තරතනසම්පන්නො, තිසක්ඛත්තුං අහොසහං;</div>
                    <div class="gathalast">න මං කෙචාවජානන්ති, පුඤ්ඤකම්මස්සිදං ඵලං.</div>
                </div>
                <div class="paragraph" para="100">
                    <span class="paranum">100</span>
                    <div class="gatha"> ‘‘එකත්තිංසෙ 
                        <pb ed="P" n="1.0090"/> ඉතො කප්පෙ, ආයාගං යමකාරයිං;
                    </div>
                    <div class="gathalast">දුග්ගතිං නාභිජානාමි, ආයාගස්ස ඉදං ඵලං.</div>
                </div>
                <div class="paragraph" para="101">
                    <span class="paranum">101</span>
                    <div class="gatha"> ‘‘පටිසම්භිදා 
                        <pb ed="M" n="1.0100"/> චතස්සො...පෙ.... කතං බුද්ධස්ස සාසනං’’.
                    </div>
                    <div class="bodytext">ඉත්ථං සුදං ආයස්මා ආයාගදායකො ථෙරො ඉමා ගාථායො අභාසිත්ථාති.</div>
                </div>
            </div>
            <div class="centre ct_sutta ending">ආයාගදායකත්ථෙරස්සාපදානං අට්ඨමං.</div>
        </div>
        <div class="subhead ct_sutta" node-id="46139">
            <span class="subhead ct_sutta">9. ධම්මචක්කිකත්ථෙරඅපදානං</span>
            <div class="subhead-contents">
                <div class="paragraph" para="102">
                    <span class="paranum">102</span>
                    <div class="gatha"> ‘‘සිද්ධත්ථස්ස 
                        <pb ed="T" n="1.0129"/> භගවතො, සීහාසනස්ස සම්මුඛා;
                    </div>
                    <div class="gathalast">ධම්මචක්කං මෙ ඨපිතං, සුකතං විඤ්ඤුවණ්ණිතං.</div>
                </div>
                <div class="paragraph" para="103">
                    <span class="paranum">103</span>
                    <div class="gatha"> ‘‘චාරුවණ්ණොව සොභාමි, සයොග්ගබලවාහනො;</div>
                    <div class="gathalast">පරිවාරෙන්ති මං නිච්චං, අනුයන්තා බහුජ්ජනා.</div>
                </div>
                <div class="paragraph" para="104">
                    <span class="paranum">104</span>
                    <div class="gatha"> ‘‘සට්ඨිතූරියසහස්සෙහි, පරිචාරෙමහං සදා;</div>
                    <div class="gathalast">පරිවාරෙන සොභාමි, පුඤ්ඤකම්මස්සිදං ඵලං.</div>
                </div>
                <div class="paragraph" para="105">
                    <span class="paranum">105</span>
                    <div class="gatha"> ‘‘චතුන්නවුතිතො කප්පෙ, යං චක්කං ඨපයිං අහං;</div>
                    <div class="gathalast">දුග්ගතිං නාභිජානාමි, ධම්මචක්කස්සිදං ඵලං.</div>
                </div>
                <div class="paragraph" para="106">
                    <span class="paranum">106</span>
                    <div class="gatha"> ‘‘ඉතො එකාදසෙ කප්පෙ, අට්ඨාසිංසු ජනාධිපා;</div>
                    <div class="gathalast">සහස්සරාජනාමෙන, චක්කවත්තී මහබ්බලා.</div>
                </div>
                <div class="paragraph" para="107">
                    <span class="paranum">107</span>
                    <div class="gatha"> ‘‘පටිසම්භිදා 
                        <pb ed="V" n="1.0089"/> චතස්සො...පෙ.... කතං බුද්ධස්ස සාසනං’’.
                    </div>
                    <div class="bodytext">ඉත්ථං සුදං ආයස්මා ධම්මචක්කිකො ථෙරො ඉමා ගාථායො අභාසිත්ථාති.</div>
                </div>
            </div>
            <div class="centre ct_sutta ending">ධම්මචක්කිකත්ථෙරස්සාපදානං නවමං.</div>
        </div>
        <div class="subhead ct_sutta" node-id="461310">
            <span class="subhead ct_sutta">10. කප්පරුක්ඛියත්ථෙරඅපදානං</span>
            <div class="subhead-contents">
                <div class="paragraph" para="108">
                    <span class="paranum">108</span>
                    <div class="gatha"> ‘‘සිද්ධත්ථස්ස භගවතො, ථූපසෙට්ඨස්ස සම්මුඛා;</div>
                    <div class="gathalast">විචිත්තදුස්සෙ ලගෙත්වා 
                        <span class="note">(ලග්ගෙත්වා (සී. ස්‍යා.))</span>, කප්පරුක්ඛං ඨපෙසහං.
                    </div>
                </div>
                <div class="paragraph" para="109">
                    <span class="paranum">109</span>
                    <div class="gatha"> ‘‘යං 
                        <pb ed="T" n="1.0130"/>
                        <pb ed="M" n="1.0101"/> යං යොනුපපජ්ජාමි, දෙවත්තං අථ මානුසං;
                    </div>
                    <div class="gathalast">සොභයන්තො මම ද්වාරං, කප්පරුක්ඛො පතිට්ඨති.</div>
                </div>
                <div class="paragraph" para="110">
                    <span class="paranum">110</span>
                    <div class="gatha"> ‘‘අහඤ්ච 
                        <pb ed="P" n="1.0091"/> පරිසා චෙව, යෙ කෙචි මම වස්සිතා 
                        <span class="note">(නිස්සිතා (සී.))</span>;
                    </div>
                    <div class="gathalast">තම්හා දුස්සං ගහෙත්වාන, නිවාසෙම මයං සදා 
                        <span class="note">(තදා (ස්‍යා.))</span>.
                    </div>
                </div>
                <div class="paragraph" para="111">
                    <span class="paranum">111</span>
                    <div class="gatha"> ‘‘චතුන්නවුතිතො කප්පෙ, යං රුක්ඛං ඨපයිං අහං;</div>
                    <div class="gathalast">දුග්ගතිං නාභිජානාමි, කප්පරුක්ඛස්සිදං ඵලං.</div>
                </div>
                <div class="paragraph" para="112">
                    <span class="paranum">112</span>
                    <div class="gatha"> ‘‘ඉතො ච සත්තමෙ කප්පෙ, සුචෙළා අට්ඨ ඛත්තියා;</div>
                    <div class="gathalast">සත්තරතනසම්පන්නා, චක්කවත්තී මහබ්බලා.</div>
                </div>
                <div class="paragraph" para="113">
                    <span class="paranum">113</span>
                    <div class="gatha"> ‘‘පටිසම්භිදා චතස්සො...පෙ.... කතං බුද්ධස්ස සාසනං’’.</div>
                    <div class="bodytext">ඉත්ථං සුදං ආයස්මා කප්පරුක්ඛියො ථෙරො ඉමා ගාථායො අභාසිත්ථාති.</div>
                </div>
            </div>
            <div class="centre ct_sutta ending">කප්පරුක්ඛියත්ථෙරස්සාපදානං දසමං.</div>
        </div>
    </div>
    <div class="centre ct_vagga ending">කුණ්ඩධානවග්ගො චතුත්ථො.</div>
    <div class="paragraph udana" para="udana">
        <div class="bodytext ct_vagga">තස්සුද්දානං -</div>
        <div class="ct_vagga gatha">කුණ්ඩසාගතකච්චානා, උදායී මොඝරාජකො;</div>
        <div class="ct_vagga gatha">අධිමුත්තො ලසුණදො, ආයාගී ධම්මචක්කිකො;</div>
        <div class="gathalast ct_vagga">කප්පරුක්ඛී ච දසමො, ගාථා ද්වයදසසතං 
            <span class="note">(ගාථායො ද්වාදසසතං (සී.))</span>.
        </div>
    </div>
</div>